user_id,full_name,email,signup_date,country,age,age_group,gender,acquisition_channel,signup_cohort_month,engagement_segment,days_since_last_watch,total_watch_sessions
1,Brian Yang,johnsonjoshua@example.org,2024-10-16,United States,36,35-44,Male,Email Campaign,2024-10,Power User,0,94
2,Jonathan Johnson,garzaanthony@example.org,2023-08-17,India,44,35-44,Male,Organic Search,2023-08,Power User,26,88
3,Kevin Pacheco,jennifermiles@example.com,2024-07-12,India,45,45-54,Male,Direct,2024-07,Active,5,39
4,Christopher Bernard,blakeerik@example.com,2023-04-06,India,37,35-44,Male,Email Campaign,2023-04,Power User,2,99
5,Lindsey Roman,curtis61@example.com,2024-07-28,Brazil,26,25-34,Male,Organic Search,2024-07,Active,15,19
6,Sandra Montgomery,yherrera@example.org,2024-03-05,United States,26,25-34,Male,Referral,2024-03,At Risk,40,19
7,Dylan Miller,barbara10@example.net,2023-01-07,United States,21,18-24,Male,Paid Social,2023-01,Power User,6,89
8,Holly Wood,michellejames@example.com,2023-06-09,India,33,25-34,Male,Paid Social,2023-06,Power User,3,51
9,Lisa Jackson,elizabethmiles@example.net,2023-04-05,United States,31,25-34,Female,Direct,2023-04,Active,24,18
10,Colleen Nguyen,frankgray@example.net,2024-09-10,United Kingdom,18,18-24,Female,Organic Search,2024-09,Active,0,37
11,Austin Gentry,perezantonio@example.com,2024-07-03,Canada,25,25-34,Male,Organic Search,2024-07,Power User,1,40
12,Derek Wright,jason76@example.net,2024-07-19,Germany,28,25-34,Female,Paid Social,2024-07,Power User,0,94
13,Zachary Taylor,julie69@example.com,2024-01-06,India,38,35-44,Other,Paid Social,2024-01,Power User,4,94
14,Christopher Becker,ddavis@example.org,2024-11-08,United States,20,18-24,Male,Referral,2024-11,Power User,1,44
15,Tricia Valencia,cruzcaitlin@example.com,2023-08-27,United Kingdom,37,35-44,Male,Organic Search,2023-08,Power User,2,97
16,Patricia Peterson,frazierdanny@example.net,2024-01-09,India,32,25-34,Male,Organic Search,2024-01,Power User,2,41
17,Deborah Mason,ryan70@example.net,2023-10-01,India,17,Teen,Other,Paid Social,2023-10,Active,18,30
18,Mark Lynch,williamrodriguez@example.net,2024-09-15,Brazil,24,18-24,Other,Paid Social,2024-09,Power User,0,56
19,Linda Burns,nathanielmartin@example.net,2023-06-17,India,33,25-34,Female,Referral,2023-06,Power User,2,45
20,David Bradley,hickmannatasha@example.com,2024-10-17,India,27,25-34,Other,Email Campaign,2024-10,Active,6,14
21,Kim Martinez,millertodd@example.org,2023-02-27,Australia,40,35-44,Male,Organic Search,2023-02,Active,9,28
22,Lisa Brandt,karroyo@example.com,2024-02-15,Australia,39,35-44,Female,Organic Search,2024-02,Active,0,37
23,Jessica Holmes,jenniferross@example.net,2024-08-03,United States,33,25-34,Other,Organic Search,2024-08,Active,3,14
24,Crystal Robinson,wrightcaleb@example.org,2024-02-10,United States,39,35-44,Other,Organic Search,2024-02,Active,1,9
25,Shannon Jones,zimmermanbrian@example.org,2023-09-10,United States,38,35-44,Other,Paid Social,2023-09,At Risk,76,20
26,Timothy Duncan,joshuawashington@example.net,2024-08-21,UAE,43,35-44,Female,Paid Social,2024-08,At Risk,33,9
27,Brent Jordan,esanchez@example.com,2023-08-13,India,34,25-34,Male,Affiliate,2023-08,Active,2,38
28,Victoria Garcia,ujenkins@example.org,2023-02-18,Australia,44,35-44,Male,Paid Social,2023-02,Active,20,14
29,Connor West,zchandler@example.org,2024-11-27,United Kingdom,31,25-34,Female,Paid Social,2024-11,Active,2,16
30,Angela Morton,dwhite@example.org,2024-09-02,United States,28,25-34,Female,Referral,2024-09,Power User,1,42
31,Tammy Allison,williamsyvette@example.org,2023-01-12,UAE,44,35-44,Other,Organic Search,2023-01,Power User,0,78
32,Carmen Smith,richardolson@example.com,2024-07-03,India,26,25-34,Female,Organic Search,2024-07,Active,16,15
33,Michael Cross,ybaker@example.com,2023-10-28,India,39,35-44,Female,Organic Search,2023-10,Active,13,26
34,Lauren Daniels,smoore@example.org,2023-09-27,Brazil,33,25-34,Other,Organic Search,2023-09,Power User,5,69
35,Kim Brown,brian97@example.net,2023-04-19,UAE,24,18-24,Other,Referral,2023-04,Active,5,39
36,Cynthia Wilson,yorkcasey@example.org,2024-09-15,India,28,25-34,Male,Paid Social,2024-09,Power User,2,75
37,Kevin Mills,bethwilliams@example.org,2024-07-06,Brazil,31,25-34,Other,Direct,2024-07,At Risk,38,11
38,Michael Evans,james53@example.com,2024-05-15,United States,28,25-34,Male,Organic Search,2024-05,Active,0,17
39,Kristine Garcia,sarah10@example.com,2023-11-11,India,29,25-34,Male,Paid Social,2023-11,Active,8,14
40,Sherry Wood,williamanderson@example.com,2023-03-22,United Kingdom,34,25-34,Male,Affiliate,2023-03,At Risk,33,16
41,Victoria Valdez,samueldaniels@example.com,2024-06-29,United States,13,Teen,Male,Email Campaign,2024-06,Power User,1,79
42,Shawn Baker,contrerasangela@example.net,2024-07-16,India,30,25-34,Male,Organic Search,2024-07,Power User,1,79
43,Michelle Harris,newtoneric@example.com,2024-03-09,Canada,29,25-34,Male,Referral,2024-03,Power User,7,86
44,Sandra Williams,william40@example.org,2024-12-07,India,33,25-34,Male,Paid Social,2024-12,Power User,0,96
45,Michael Hoffman,kellie42@example.net,2024-11-18,France,41,35-44,Other,Organic Search,2024-11,Power User,0,61
46,Sandra Aguilar,jonesnicole@example.org,2024-04-07,India,37,35-44,Male,Affiliate,2024-04,Active,11,38
47,Rebecca Valencia,russellwilliams@example.com,2023-01-22,United States,36,35-44,Other,Referral,2023-01,Power User,3,73
48,Stacey Russell,jason31@example.com,2023-01-08,India,50,45-54,Male,Direct,2023-01,Active,7,11
49,Rita Keith,sarayoung@example.org,2023-03-11,United States,31,25-34,Male,Organic Search,2023-03,At Risk,39,35
50,Sharon Cochran,whitesandra@example.com,2023-09-01,Germany,26,25-34,Female,Organic Search,2023-09,At Risk,33,47
51,Courtney Velasquez,erik16@example.org,2023-05-16,United Kingdom,31,25-34,Other,Organic Search,2023-05,Power User,0,86
52,Matthew Ross,ybailey@example.org,2024-04-29,Germany,35,35-44,Male,Paid Social,2024-04,Power User,17,46
53,Meghan Anthony,michelle45@example.net,2023-07-14,Singapore,23,18-24,Male,Organic Search,2023-07,Power User,14,82
54,Victoria Johnson,sheila14@example.org,2024-03-09,Singapore,28,25-34,Female,Direct,2024-03,Power User,6,46
55,William Wilson,yreed@example.com,2024-11-20,India,33,25-34,Other,Affiliate,2024-11,Active,0,30
56,Renee Mcdaniel,jonathanfletcher@example.org,2024-02-17,United Kingdom,42,35-44,Other,Organic Search,2024-02,Power User,0,86
57,Lisa Alvarado,michaeljones@example.net,2023-09-12,India,33,25-34,Male,Direct,2023-09,Active,4,23
58,Erika Terry,cortezkevin@example.com,2024-03-08,United States,38,35-44,Male,Paid Social,2024-03,Power User,0,89
59,Stephanie Gilbert,jamesortega@example.com,2023-03-19,Germany,33,25-34,Female,Direct,2023-03,Active,0,38
60,Richard Lawson,richard04@example.com,2023-04-11,Canada,34,25-34,Male,Organic Search,2023-04,Active,22,36
61,Steven Flynn,steven73@example.net,2023-01-16,India,33,25-34,Male,Direct,2023-01,Power User,6,89
62,Frances Cardenas,donnacampbell@example.net,2023-06-20,India,24,18-24,Female,Organic Search,2023-06,Power User,4,41
63,Angel Riggs,emilywalker@example.org,2024-02-15,Unknown,20,18-24,Male,Affiliate,2024-02,Active,9,35
64,Michael Snyder,gibsonolivia@example.net,2024-02-04,Germany,36,35-44,Female,Organic Search,2024-02,Power User,6,44
65,Colleen Brock,dylanwatts@example.org,2023-10-20,United States,39,35-44,Female,Affiliate,2023-10,Active,26,14
66,Robert Contreras,pwilliams@example.org,2024-07-23,Canada,34,25-34,Other,Referral,2024-07,Active,3,34
67,Jessica Meadows,stephanie79@example.net,2023-10-31,India,22,18-24,Male,Paid Social,2023-10,At Risk,47,16
68,Paul Larsen,vmerritt@example.com,2024-07-09,France,23,18-24,Male,Paid Social,2024-07,Power User,1,84
69,Jeremiah Reeves,katie87@example.net,2024-08-21,UAE,31,25-34,Female,Referral,2024-08,Active,2,11
70,Chris Reyes,josephflores@example.net,2023-06-11,United Kingdom,44,35-44,Male,Paid Social,2023-06,Power User,16,42
71,John Brown,jasminebrown@example.com,2023-07-10,India,31,25-34,Male,Affiliate,2023-07,Power User,30,83
72,Alicia Gilmore,xprice@example.net,2023-08-29,Singapore,35,35-44,Female,Email Campaign,2023-08,Power User,5,84
73,Sarah Ashley,wwoods@example.com,2023-09-10,Singapore,35,35-44,Other,Paid Social,2023-09,At Risk,66,35
74,Stephanie Freeman,vmedina@example.net,2024-03-05,France,30,25-34,Other,Direct,2024-03,Active,6,38
75,Rebecca Ramsey,ryan06@example.com,2023-09-25,India,26,25-34,Male,Paid Social,2023-09,At Risk,60,21
76,James Elliott,ncalhoun@example.net,2023-09-29,India,38,35-44,Female,Referral,2023-09,Power User,4,41
77,David Murphy,millerroy@example.com,2024-04-13,Singapore,23,18-24,Female,Affiliate,2024-04,Active,2,16
78,Trevor Fisher,wmurphy@example.com,2023-01-10,Unknown,32,25-34,Female,Email Campaign,2023-01,Active,14,32
79,Mrs. Marie Harrington DDS,ruizkaitlyn@example.org,2023-04-13,India,34,25-34,Male,Referral,2023-04,Active,11,20
80,Cynthia Wells,herringjames@example.org,2023-05-16,Germany,36,35-44,Female,Affiliate,2023-05,Active,17,35
81,Jacob Obrien,elliottjeffery@example.net,2024-01-14,United States,35,35-44,Female,Paid Social,2024-01,Power User,7,43
82,Alexander Collins,stricklandfrank@example.com,2024-12-21,UAE,35,35-44,Female,Email Campaign,2024-12,Active,0,39
83,Michael Burton,tsanders@example.org,2024-10-31,United Kingdom,36,35-44,Other,Referral,2024-10,Active,6,24
84,Barbara Riggs,terrykevin@example.net,2023-11-03,Germany,41,35-44,Other,Direct,2023-11,Power User,4,75
85,Matthew Smith,reedross@example.com,2023-09-28,UAE,24,18-24,Male,Paid Social,2023-09,Active,10,12
86,Madison Poole,gshort@example.com,2023-06-09,United Kingdom,28,25-34,Female,Organic Search,2023-06,Active,2,38
87,Robert Medina,ryangross@example.net,2023-12-18,United States,37,35-44,Male,Referral,2023-12,Active,9,16
88,Samuel Rivas,umarshall@example.net,2024-06-01,Unknown,16,Teen,Female,Organic Search,2024-06,Active,19,14
89,Mary Rogers,ramirezshannon@example.com,2023-02-22,Brazil,31,25-34,Male,Paid Social,2023-02,At Risk,36,41
90,Robert Peterson,lrosales@example.com,2023-02-15,Australia,21,18-24,Male,Organic Search,2023-02,Dormant,96,13
91,Jason Peters,angela83@example.org,2023-09-26,Canada,31,25-34,Male,Organic Search,2023-09,At Risk,51,15
92,Alan Phillips,hannahbrewer@example.com,2024-03-13,United Kingdom,25,25-34,Other,Referral,2024-03,Power User,1,94
93,Kara Schmidt,tholt@example.net,2024-12-08,Germany,13,Teen,Male,Email Campaign,2024-12,Power User,1,50
94,Jesse Parker,jbarajas@example.com,2024-08-19,Australia,32,25-34,Other,Organic Search,2024-08,Active,7,16
95,Tiffany Vaughn,davidlee@example.org,2023-11-12,United States,35,35-44,Female,Organic Search,2023-11,Active,1,13
96,Paige Carlson,javierwashington@example.net,2023-02-10,United States,38,35-44,Female,Organic Search,2023-02,At Risk,38,19
97,Adrian Ferguson,wallkenneth@example.com,2023-04-16,India,46,45-54,Female,Organic Search,2023-04,Power User,23,42
98,Beth Oneill,brandon08@example.com,2024-02-21,Canada,34,25-34,Other,Organic Search,2024-02,Power User,1,43
99,John Peterson,agarcia@example.net,2023-08-31,Singapore,50,45-54,Male,Affiliate,2023-08,Active,4,35
100,Jennifer Jones,kingmichelle@example.org,2024-02-27,United States,40,35-44,Male,Organic Search,2024-02,Active,24,13
101,David Grant,hernandezlisa@example.com,2024-02-26,United States,34,25-34,Other,Direct,2024-02,Power User,8,43
102,Joseph Hayes,yobrien@example.net,2023-10-01,United States,37,35-44,Male,Organic Search,2023-10,Active,20,36
103,Marc Lynch,levans@example.com,2023-02-09,United States,28,25-34,Female,Paid Social,2023-02,Active,15,39
104,Brad Allen,mezajared@example.org,2024-04-16,United States,19,18-24,Female,Referral,2024-04,Power User,0,81
105,Doris Hall,moorericky@example.net,2023-08-22,Canada,43,35-44,Male,Organic Search,2023-08,Active,2,17
106,Dennis Moody,jacqueline71@example.net,2023-12-03,United Kingdom,18,18-24,Female,Direct,2023-12,At Risk,39,15
107,Derek Thomas,ronaldstephens@example.net,2023-10-13,Unknown,32,25-34,Female,Organic Search,2023-10,Power User,4,68
108,Tammy Gonzales,martinkyle@example.net,2024-07-03,India,25,25-34,Female,Referral,2024-07,Active,15,14
109,Kathryn Snyder,sbarker@example.com,2023-09-25,Singapore,45,45-54,Male,Referral,2023-09,At Risk,40,9
110,David Davis,georgepamela@example.net,2023-02-09,United States,19,18-24,Male,Referral,2023-02,At Risk,57,40
111,Pamela Thompson,keyemily@example.com,2023-11-18,Singapore,33,25-34,Female,Paid Social,2023-11,Power User,7,47
112,Robert Costa,lmoon@example.net,2024-01-30,India,25,25-34,Other,Paid Social,2024-01,Power User,1,73
113,Shannon Rivera,vbailey@example.com,2024-03-22,Unknown,25,25-34,Male,Organic Search,2024-03,Active,11,12
114,Brandon King,zroberts@example.net,2024-12-04,India,38,35-44,Other,Affiliate,2024-12,Active,0,37
115,April Booth,cordovarichard@example.net,2023-07-21,Canada,38,35-44,Female,Direct,2023-07,At Risk,36,12
116,Peter Garrett,mgutierrez@example.net,2023-12-05,India,36,35-44,Other,Organic Search,2023-12,Active,23,36
117,Michael Martinez,harrisandrea@example.com,2023-11-04,Australia,30,25-34,Other,Direct,2023-11,Active,13,17
118,Anna Gay,jennifercollins@example.org,2024-02-17,United States,32,25-34,Other,Direct,2024-02,Active,1,33
119,Dr. Jordan Hill PhD,murraydavid@example.org,2024-03-06,United States,29,25-34,Other,Email Campaign,2024-03,Active,22,17
120,Thomas Romero,jsanchez@example.org,2023-06-28,Australia,40,35-44,Other,Direct,2023-06,At Risk,49,14
121,Richard Adams,michellehill@example.com,2023-01-01,India,42,35-44,Female,Email Campaign,2023-01,Power User,6,47
122,Mary Grimes,campbellkenneth@example.net,2024-08-16,United States,31,25-34,Other,Direct,2024-08,Power User,1,86
123,Kimberly Gibson,wryan@example.com,2024-03-28,United States,33,25-34,Other,Organic Search,2024-03,Power User,1,77
124,Reginald Williams,molly39@example.com,2023-06-23,Singapore,29,25-34,Other,Referral,2023-06,Power User,0,84
125,Matthew Hoover,zthornton@example.com,2024-10-10,Canada,21,18-24,Other,Paid Social,2024-10,Power User,0,43
126,Evelyn Garcia,tylerjohnson@example.net,2023-08-29,Germany,20,18-24,Other,Direct,2023-08,At Risk,34,11
127,Jennifer Pena,dgarcia@example.org,2023-05-31,Australia,30,25-34,Male,Direct,2023-05,At Risk,33,15
128,Michael Santos,charlesharrington@example.com,2024-09-17,India,22,18-24,Male,Referral,2024-09,Power User,5,44
129,Stacy Freeman,melissa86@example.com,2024-08-12,Unknown,23,18-24,Male,Direct,2024-08,Active,0,9
130,Yolanda Francis,williamsonjimmy@example.net,2024-02-14,India,28,25-34,Male,Direct,2024-02,Active,2,12
131,Ashlee Jackson,wgood@example.net,2023-04-20,Canada,33,25-34,Female,Organic Search,2023-04,Dormant,109,15
132,James Thomas,rebecca05@example.org,2024-12-13,India,26,25-34,Other,Direct,2024-12,Power User,0,40
133,Bob Pitts,yknight@example.org,2023-05-05,Germany,17,Teen,Female,Organic Search,2023-05,Dormant,113,13
134,David Scott,tyleraguilar@example.org,2024-06-27,Brazil,18,18-24,Other,Email Campaign,2024-06,Active,22,19
135,Brooke Alexander,nolansteven@example.com,2024-03-29,France,24,18-24,Other,Direct,2024-03,Power User,1,41
136,Ryan Gonzalez,vanessa46@example.net,2024-03-12,Australia,29,25-34,Other,Referral,2024-03,Active,0,34
137,Ian Phillips,gcastaneda@example.org,2024-05-01,United States,30,25-34,Female,Email Campaign,2024-05,Active,6,26
138,Melissa Garner,andrew64@example.org,2024-10-14,India,21,18-24,Female,Paid Social,2024-10,Active,2,32
139,Crystal Pham,lozanojulie@example.com,2024-10-03,Unknown,33,25-34,Male,Organic Search,2024-10,Active,1,13
140,Patricia Becker,danaoliver@example.net,2023-10-20,Australia,23,18-24,Male,Referral,2023-10,Power User,22,42
141,Richard Johnson,courtneyberger@example.net,2024-07-07,France,37,35-44,Male,Paid Social,2024-07,Active,6,17
142,Casey Anderson,jessica14@example.com,2024-12-11,India,27,25-34,Male,Email Campaign,2024-12,Active,1,38
143,Terry Coffey,alyssa42@example.com,2024-02-22,India,33,25-34,Female,Email Campaign,2024-02,Power User,5,42
144,Brenda Levy,julie51@example.com,2023-07-31,India,31,25-34,Female,Referral,2023-07,Power User,3,98
145,Richard Smith,zcoffey@example.net,2024-12-13,France,44,35-44,Male,Referral,2024-12,Power User,0,44
146,James Little,gibsonemily@example.net,2024-01-25,United States,39,35-44,Female,Referral,2024-01,Active,10,20
147,Terri Murphy,daniel37@example.org,2024-02-04,Unknown,50,45-54,Female,Email Campaign,2024-02,Power User,7,49
148,Elizabeth Ortiz,deborahreid@example.com,2024-09-09,India,23,18-24,Male,Organic Search,2024-09,Active,2,35
149,David Medina,brandonjohnson@example.com,2024-05-12,United States,24,18-24,Male,Paid Social,2024-05,Active,3,38
150,Kimberly Matthews,qchavez@example.net,2024-02-19,France,32,25-34,Other,Email Campaign,2024-02,At Risk,42,14
151,Teresa Ramirez,nicolepena@example.com,2023-05-11,Germany,39,35-44,Other,Referral,2023-05,Active,0,28
152,Michael Stephens,jeff73@example.com,2024-08-29,Germany,31,25-34,Other,Organic Search,2024-08,Active,14,19
153,Samantha Davis,bruce43@example.org,2024-03-14,Singapore,19,18-24,Male,Direct,2024-03,Active,3,31
154,Gavin Zhang,darleneharper@example.org,2023-09-24,Singapore,47,45-54,Female,Direct,2023-09,Active,6,30
155,Robin Hall,caseyhubbard@example.org,2023-12-12,India,41,35-44,Female,Organic Search,2023-12,Active,27,19
156,Brianna Anderson,kristinacarlson@example.com,2024-03-07,France,26,25-34,Female,Organic Search,2024-03,Power User,16,84
157,Richard Young,lauren10@example.org,2024-07-06,United Kingdom,29,25-34,Male,Paid Social,2024-07,Active,13,39
158,Kelly Reese,alfred40@example.org,2024-10-27,United States,31,25-34,Male,Organic Search,2024-10,Active,15,17
159,Jodi Walker,xwest@example.net,2023-02-01,India,31,25-34,Male,Direct,2023-02,Active,29,23
160,Judith Maynard,acostaregina@example.net,2023-06-06,Australia,31,25-34,Male,Email Campaign,2023-06,At Risk,38,40
161,Katherine Browning,lutzmelanie@example.com,2024-07-31,Brazil,21,18-24,Male,Organic Search,2024-07,Active,5,27
162,Donald Schultz,lammarc@example.org,2024-01-13,Singapore,29,25-34,Male,Referral,2024-01,Power User,6,87
163,Larry Garcia,oscar98@example.com,2023-04-28,India,17,Teen,Male,Affiliate,2023-04,At Risk,72,6
164,Cindy Hayes,farrelldebra@example.net,2023-01-27,India,42,35-44,Female,Affiliate,2023-01,At Risk,48,13
165,Brandon Simmons,robertwilcox@example.com,2024-01-20,United Kingdom,41,35-44,Female,Direct,2024-01,Power User,6,94
166,Bradley Reynolds,nicholas27@example.org,2024-08-29,United Kingdom,31,25-34,Other,Referral,2024-08,Power User,4,72
167,Kristina Santiago,lisa80@example.net,2024-12-14,UAE,36,35-44,Female,Paid Social,2024-12,Active,1,16
168,Michelle Schmitt,qgomez@example.com,2023-05-04,Germany,43,35-44,Other,Organic Search,2023-05,Active,8,33
169,John Boone,michael98@example.org,2024-03-14,India,40,35-44,Other,Organic Search,2024-03,Active,7,25
170,Renee Bruce,megan51@example.com,2023-12-16,United States,15,Teen,Male,Paid Social,2023-12,Active,4,34
171,Christopher Park,lynchdiane@example.net,2023-04-19,UAE,44,35-44,Female,Paid Social,2023-04,Power User,11,94
172,Kylie Morales,sandra50@example.org,2024-04-15,United States,31,25-34,Other,Referral,2024-04,At Risk,72,15
173,Cindy Barnes,joycebonilla@example.org,2024-06-18,UAE,15,Teen,Other,Email Campaign,2024-06,Active,17,14
174,Sophia Moore,eric45@example.net,2024-07-05,United States,30,25-34,Female,Email Campaign,2024-07,Active,6,16
175,Lawrence Perry,craigjoseph@example.net,2024-08-29,United States,19,18-24,Female,Paid Social,2024-08,Active,13,16
176,Michael Watkins,kariwilson@example.com,2023-03-30,India,37,35-44,Female,Organic Search,2023-03,Active,28,13
177,Eric Clark,brandon69@example.org,2024-04-20,India,34,25-34,Other,Organic Search,2024-04,Power User,2,90
178,Paul Thompson,kathrynroberts@example.org,2023-01-30,India,22,18-24,Female,Paid Social,2023-01,Active,24,14
179,Mary Gomez,opatel@example.net,2023-08-06,UAE,22,18-24,Female,Paid Social,2023-08,Power User,15,43
180,Thomas Atkins,chensley@example.com,2024-09-02,Unknown,35,35-44,Other,Organic Search,2024-09,Active,7,38
181,Brian Smith,tberry@example.net,2024-06-13,India,30,25-34,Male,Organic Search,2024-06,At Risk,34,33
182,Anita Richard,george97@example.net,2024-05-15,Unknown,21,18-24,Other,Paid Social,2024-05,Power User,5,40
183,Eric Morgan,ryanmorales@example.org,2024-10-23,United Kingdom,24,18-24,Other,Affiliate,2024-10,Active,0,14
184,Jordan Bullock,kimberly18@example.net,2023-04-06,UAE,32,25-34,Female,Email Campaign,2023-04,At Risk,36,37
185,Craig Morrison,michael23@example.org,2023-11-10,India,36,35-44,Other,Organic Search,2023-11,Active,30,15
186,Justin Riley,thompsonkendra@example.com,2024-06-27,India,37,35-44,Female,Organic Search,2024-06,Active,12,33
187,Jeremy Turner,michelle52@example.com,2023-12-05,United States,17,Teen,Female,Paid Social,2023-12,Dormant,96,10
188,Jesse Brown,brittany58@example.org,2023-09-15,United States,43,35-44,Male,Affiliate,2023-09,Power User,15,45
189,Julie Spencer,chase19@example.net,2023-05-03,India,36,35-44,Other,Organic Search,2023-05,Power User,29,41
190,Larry Mason,colelisa@example.net,2023-07-09,United Kingdom,33,25-34,Male,Referral,2023-07,Active,3,37
191,Mrs. Maria Williams,hayeslisa@example.com,2024-08-26,India,16,Teen,Other,Paid Social,2024-08,Active,12,16
192,Helen Hardin,hritter@example.net,2023-07-18,India,32,25-34,Female,Paid Social,2023-07,At Risk,48,16
193,Rachel Holland,vortiz@example.net,2023-01-15,India,25,25-34,Other,Paid Social,2023-01,Power User,5,83
194,Nathaniel Douglas,riveraangela@example.com,2023-02-25,India,21,18-24,Other,Direct,2023-02,At Risk,67,20
195,Emily Douglas,mathewaguilar@example.org,2024-10-15,United Kingdom,30,25-34,Female,Affiliate,2024-10,Active,1,14
196,James Conner,tanderson@example.org,2023-10-19,India,44,35-44,Female,Referral,2023-10,Active,1,37
197,Susan Davis DDS,elizabethcalderon@example.net,2023-02-22,United Kingdom,21,18-24,Female,Affiliate,2023-02,Power User,13,89
198,Ralph Lee,andrew42@example.org,2023-03-08,India,29,25-34,Female,Paid Social,2023-03,At Risk,57,37
199,Kimberly Rodgers,ericphillips@example.org,2024-12-03,Canada,18,18-24,Male,Referral,2024-12,Power User,0,55
200,James Martin,stanleynancy@example.net,2023-11-08,India,36,35-44,Male,Organic Search,2023-11,Active,2,38
201,Cynthia Wallace,jenniferwilliams@example.com,2024-03-02,India,25,25-34,Other,Organic Search,2024-03,Active,11,16
202,Vincent Mueller,karen73@example.net,2024-06-19,India,23,18-24,Female,Direct,2024-06,Power User,6,42
203,Douglas Reyes,michealvalentine@example.com,2024-08-25,India,33,25-34,Female,Referral,2024-08,Power User,3,77
204,David Davidson,mburch@example.net,2024-09-16,India,31,25-34,Other,Paid Social,2024-09,Power User,1,95
205,Phillip Nelson,angela18@example.org,2024-10-02,France,25,25-34,Male,Direct,2024-10,Active,1,21
206,Stacey Arias,mariahdavis@example.org,2023-09-03,India,37,35-44,Male,Affiliate,2023-09,Active,18,32
207,Zachary Brooks,gbrown@example.com,2024-02-23,Singapore,15,Teen,Female,Referral,2024-02,Power User,21,42
208,Raven Taylor,florescory@example.net,2023-02-03,Australia,35,35-44,Male,Organic Search,2023-02,Active,24,11
209,Luis Bullock,samantha72@example.net,2024-04-09,United States,16,Teen,Male,Paid Social,2024-04,Power User,20,41
210,Lisa Henderson,scottmary@example.net,2024-10-02,India,31,25-34,Other,Referral,2024-10,Active,0,14
211,Riley Bryant,john10@example.org,2024-03-11,India,30,25-34,Male,Referral,2024-03,Active,5,31
212,Jose Allen,copelandvincent@example.net,2023-09-30,United Kingdom,20,18-24,Male,Organic Search,2023-09,Dormant,111,16
213,Jason Beck,kellysmith@example.com,2023-11-11,United States,40,35-44,Other,Organic Search,2023-11,Active,11,29
214,Rachel Romero,millsmichael@example.net,2023-10-23,India,25,25-34,Female,Affiliate,2023-10,Active,7,35
215,James Burgess,myerstheodore@example.net,2024-12-17,Unknown,13,Teen,Female,Referral,2024-12,Power User,0,41
216,Ashley Perkins,kristina53@example.net,2024-05-20,United States,23,18-24,Female,Email Campaign,2024-05,Active,0,35
217,Carrie Maxwell,dennis58@example.com,2024-03-18,Brazil,34,25-34,Other,Email Campaign,2024-03,Active,3,18
218,Chad Baldwin,epollard@example.net,2023-04-04,Singapore,25,25-34,Male,Organic Search,2023-04,Power User,14,48
219,Stacey Stewart,mjohnson@example.org,2024-08-12,India,41,35-44,Other,Affiliate,2024-08,Power User,0,100
220,Matthew Mitchell,zachary87@example.com,2024-11-19,India,33,25-34,Female,Direct,2024-11,Active,6,17
221,Jessica Ross,glennmartin@example.org,2023-06-29,India,34,25-34,Female,Organic Search,2023-06,Power User,15,40
222,Kathleen Jimenez,ykline@example.com,2023-10-12,Canada,27,25-34,Male,Referral,2023-10,Power User,8,41
223,Samantha Gardner,laurie61@example.com,2024-05-18,United States,41,35-44,Male,Direct,2024-05,Power User,3,44
224,Mitchell Jackson,curtis54@example.com,2023-11-25,United States,27,25-34,Other,Paid Social,2023-11,Active,2,36
225,Heather Bolton,cbell@example.net,2024-02-26,United States,31,25-34,Other,Paid Social,2024-02,Active,4,37
226,Heidi Owen,danielle01@example.net,2024-02-15,India,46,45-54,Other,Direct,2024-02,Active,10,8
227,Jessica Martinez,stephaniethomas@example.net,2023-09-16,United States,33,25-34,Female,Referral,2023-09,Active,21,33
228,Amanda Hernandez,kimberlydiaz@example.com,2024-06-10,India,37,35-44,Male,Email Campaign,2024-06,Power User,0,43
229,Laura Moreno,xrush@example.com,2024-02-28,Canada,34,25-34,Male,Paid Social,2024-02,At Risk,39,11
230,Allison Lopez,redwards@example.org,2024-05-25,Canada,27,25-34,Other,Referral,2024-05,Power User,1,42
231,Michele Lewis,hmcintyre@example.com,2023-10-01,UAE,26,25-34,Other,Direct,2023-10,Power User,13,40
232,Benjamin Thompson,heather73@example.org,2024-12-16,India,23,18-24,Female,Affiliate,2024-12,Active,1,27
233,Victoria Contreras,zosborn@example.net,2024-09-15,India,35,35-44,Male,Referral,2024-09,Active,7,8
234,Michelle Ho,piercekelly@example.com,2023-01-15,Unknown,34,25-34,Other,Direct,2023-01,Power User,9,79
235,Dr. Cynthia Snyder,laurahicks@example.org,2023-04-27,India,28,25-34,Female,Direct,2023-04,At Risk,47,41
236,Stephen Jones,angela57@example.net,2023-06-07,Australia,22,18-24,Female,Organic Search,2023-06,Power User,18,42
237,Patricia Morrow,ukey@example.com,2024-12-23,India,38,35-44,Female,Affiliate,2024-12,Active,0,14
238,Michael Cooper,martinezlogan@example.org,2024-04-28,Germany,43,35-44,Male,Referral,2024-04,Active,6,37
239,Amy Martinez,katrinaanderson@example.net,2023-07-15,India,14,Teen,Other,Paid Social,2023-07,Power User,1,76
240,Travis Stone,kevinmartin@example.net,2023-03-13,United States,31,25-34,Female,Email Campaign,2023-03,Power User,6,40
241,Denise Weber,meghan43@example.net,2023-12-15,India,53,45-54,Other,Referral,2023-12,Power User,17,41
242,Matthew Le,shawgary@example.net,2023-11-02,India,32,25-34,Other,Direct,2023-11,Active,1,37
243,Travis Wise,megan90@example.org,2023-06-02,Singapore,35,35-44,Female,Referral,2023-06,Power User,4,46
244,Kathleen Burton,debra96@example.net,2024-07-19,Germany,33,25-34,Other,Organic Search,2024-07,Active,3,15
245,Melinda Evans,dawn47@example.org,2023-07-13,Unknown,45,45-54,Other,Referral,2023-07,Active,4,25
246,Mr. Lawrence Edwards,barkereric@example.com,2024-02-25,Singapore,26,25-34,Male,Email Campaign,2024-02,Power User,6,44
247,Kayla Rodriguez,jessica56@example.org,2024-01-26,United States,31,25-34,Female,Organic Search,2024-01,At Risk,36,11
248,Anthony Dougherty,stevenadams@example.org,2024-10-29,United Kingdom,40,35-44,Male,Paid Social,2024-10,Active,2,34
249,Michelle Lee,kwright@example.com,2024-05-29,India,21,18-24,Other,Paid Social,2024-05,Power User,0,97
250,Kathleen Davis,tyronerobertson@example.com,2024-03-26,United Kingdom,16,Teen,Male,Email Campaign,2024-03,Active,0,33
251,Amber Campbell,pwagner@example.org,2023-05-28,United States,27,25-34,Female,Paid Social,2023-05,At Risk,50,10
252,Stephen Luna,amitchell@example.org,2023-03-18,India,46,45-54,Female,Paid Social,2023-03,Power User,0,89
253,Chloe Tran,zdiaz@example.org,2024-09-30,India,13,Teen,Other,Organic Search,2024-09,Active,18,10
254,William Becker,hughesshannon@example.net,2023-12-03,Singapore,30,25-34,Other,Paid Social,2023-12,Active,29,15
255,Gina Mcmillan,andersoncolin@example.com,2023-11-21,United Kingdom,28,25-34,Other,Referral,2023-11,At Risk,46,14
256,Andrew Reeves,jameshicks@example.net,2024-07-08,India,21,18-24,Male,Email Campaign,2024-07,Active,1,19
257,Brenda Velazquez,jstone@example.net,2024-12-01,United Kingdom,31,25-34,Female,Referral,2024-12,Active,2,12
258,Ronald Patel,francisco94@example.net,2024-03-20,India,30,25-34,Male,Direct,2024-03,Power User,4,42
259,Veronica Silva,thomas05@example.com,2023-04-13,India,30,25-34,Female,Organic Search,2023-04,Active,22,37
260,Paula Lane,carlsonjoseph@example.net,2023-01-30,United Kingdom,26,25-34,Male,Organic Search,2023-01,Power User,0,41
261,Patricia James,silvageorge@example.net,2024-01-03,Australia,13,Teen,Female,Paid Social,2024-01,Active,11,35
262,Jeremy Barnes,anthonyvaughan@example.org,2024-02-26,United States,40,35-44,Other,Referral,2024-02,Power User,18,40
263,Tami Salas,avaughn@example.net,2023-06-29,India,31,25-34,Male,Organic Search,2023-06,Dormant,102,7
264,Matthew Fox,thorntonapril@example.net,2024-11-30,Canada,23,18-24,Male,Paid Social,2024-11,Active,1,32
265,Megan Dillon,sue78@example.com,2023-08-26,India,39,35-44,Female,Organic Search,2023-08,Active,13,38
266,Courtney Dudley,chelsea33@example.com,2024-11-13,India,42,35-44,Male,Organic Search,2024-11,Power User,0,72
267,Justin Michael,kellie37@example.com,2023-10-22,India,26,25-34,Other,Affiliate,2023-10,Active,27,14
268,Jennifer Reed,keith98@example.com,2023-12-20,Canada,35,35-44,Other,Organic Search,2023-12,Active,4,21
269,Thomas Douglas,kellyroberts@example.net,2024-12-07,India,37,35-44,Female,Organic Search,2024-12,Active,0,39
270,Melissa Taylor,ilewis@example.com,2024-01-29,Brazil,34,25-34,Female,Paid Social,2024-01,Power User,7,48
271,David Garcia,johnsantiago@example.net,2024-01-03,Canada,36,35-44,Other,Organic Search,2024-01,At Risk,38,10
272,Vanessa Moore,jennifer12@example.org,2023-01-23,India,28,25-34,Other,Organic Search,2023-01,Power User,26,44
273,Matthew Velez,mwoods@example.com,2024-12-03,India,33,25-34,Other,Organic Search,2024-12,Active,0,14
274,Taylor Gentry,pearsonjesse@example.net,2024-05-23,United States,19,18-24,Female,Direct,2024-05,Power User,1,95
275,Jennifer Simpson DVM,robertmonroe@example.org,2023-12-27,Brazil,24,18-24,Male,Paid Social,2023-12,Active,15,17
276,Tanya Rogers,nancy04@example.net,2024-11-25,United Kingdom,18,18-24,Other,Organic Search,2024-11,Active,1,19
277,Todd Rosales MD,ihays@example.net,2023-05-21,Canada,13,Teen,Other,Paid Social,2023-05,At Risk,70,16
278,David Lopez,lisarivera@example.net,2023-02-10,India,46,45-54,Female,Email Campaign,2023-02,Power User,1,42
279,Margaret Sullivan,krystal93@example.org,2024-01-09,Australia,30,25-34,Other,Organic Search,2024-01,At Risk,35,18
280,Cathy Taylor,frobertson@example.com,2023-12-01,UAE,40,35-44,Other,Direct,2023-12,Active,5,28
281,Paul Finley,shari04@example.com,2024-07-06,United States,33,25-34,Female,Organic Search,2024-07,Power User,1,72
282,Melissa Brown,brandi90@example.com,2023-06-18,Canada,15,Teen,Female,Organic Search,2023-06,Active,24,17
283,Stephanie Padilla,marshallerik@example.net,2023-10-30,India,31,25-34,Other,Direct,2023-10,Power User,16,48
284,Tyler Mendoza,hannah45@example.net,2024-04-24,India,34,25-34,Male,Organic Search,2024-04,Active,28,13
285,Joshua Ruiz,madkins@example.com,2024-11-23,India,32,25-34,Other,Email Campaign,2024-11,Power User,0,50
286,Angela Griffin,kathleenbecker@example.net,2024-07-24,India,22,18-24,Female,Referral,2024-07,Active,23,19
287,Stephanie Harris,christian91@example.org,2023-09-28,Canada,33,25-34,Other,Direct,2023-09,Active,0,19
288,Daniel Aguilar,franklinbond@example.com,2024-11-19,Canada,39,35-44,Female,Affiliate,2024-11,Active,0,38
289,Jose Bryant,nolansean@example.org,2024-01-16,India,14,Teen,Male,Email Campaign,2024-01,Active,13,18
290,Jennifer Velasquez,hansenemily@example.com,2024-09-26,United Kingdom,19,18-24,Other,Organic Search,2024-09,Power User,1,92
291,Kimberly Brown,bethwilliams@example.com,2024-10-25,India,32,25-34,Male,Affiliate,2024-10,Active,2,31
292,Randy Cannon,andersenthomas@example.com,2024-12-18,India,24,18-24,Female,Paid Social,2024-12,Active,1,27
293,Susan Bennett,ybrooks@example.com,2023-02-16,India,22,18-24,Male,Paid Social,2023-02,Power User,17,77
294,Jenna Anderson DVM,desireebailey@example.org,2023-04-10,United Kingdom,40,35-44,Male,Paid Social,2023-04,Power User,4,86
295,Kimberly Patel,avilatiffany@example.com,2024-04-09,Canada,23,18-24,Female,Email Campaign,2024-04,Active,2,37
296,Shaun Cannon,johnreed@example.com,2024-07-07,India,37,35-44,Female,Organic Search,2024-07,Power User,5,40
297,Austin Wheeler,pachecorobert@example.org,2024-02-29,United Kingdom,54,45-54,Other,Organic Search,2024-02,Active,8,14
298,Andrew Gonzales,tharper@example.org,2024-02-22,United States,30,25-34,Female,Direct,2024-02,Active,1,29
299,Donna Cabrera,karenparsons@example.org,2024-03-30,India,30,25-34,Female,Organic Search,2024-03,Power User,3,48
300,Victoria Boyd,barbara53@example.com,2023-04-12,Germany,46,45-54,Other,Paid Social,2023-04,Power User,28,88
301,Sheryl Buck,dturner@example.net,2024-10-22,India,36,35-44,Female,Direct,2024-10,Active,4,16
302,Megan Floyd,dpeters@example.com,2023-05-06,India,39,35-44,Female,Referral,2023-05,Dormant,104,18
303,Paul Wells,heather62@example.com,2024-10-16,United States,30,25-34,Other,Organic Search,2024-10,Active,2,20
304,Kristina Faulkner,kevinzimmerman@example.com,2023-12-08,India,36,35-44,Male,Referral,2023-12,Power User,2,75
305,Tammy Boone,paulscott@example.com,2023-07-30,UAE,36,35-44,Male,Affiliate,2023-07,At Risk,36,14
306,Michael Morrison,nicholsmaria@example.org,2024-08-23,Germany,40,35-44,Male,Direct,2024-08,Active,3,30
307,Claire Clark,lopezkathleen@example.net,2023-06-01,India,34,25-34,Other,Paid Social,2023-06,Active,5,33
308,Autumn Key,kevin03@example.org,2023-05-29,India,32,25-34,Male,Referral,2023-05,Active,8,20
309,Jennifer Allen,srocha@example.net,2023-04-23,Singapore,21,18-24,Other,Organic Search,2023-04,Power User,0,40
310,Elizabeth Ward,kimberly67@example.net,2024-01-02,Singapore,40,35-44,Male,Email Campaign,2024-01,Active,1,29
311,Ryan Rocha,zowens@example.net,2023-09-29,Singapore,31,25-34,Male,Paid Social,2023-09,At Risk,46,13
312,Alexis Tran,lawrence09@example.org,2023-04-27,United States,31,25-34,Other,Direct,2023-04,Power User,1,46
313,Kelly Sanchez,mphillips@example.com,2024-01-06,India,27,25-34,Other,Referral,2024-01,Power User,1,100
314,Robert Jackson,jonathan77@example.com,2023-08-15,India,28,25-34,Other,Affiliate,2023-08,Power User,15,85
315,Kelly Combs,iwhite@example.net,2024-11-05,United States,29,25-34,Other,Affiliate,2024-11,Active,0,24
316,Ryan Hall,landryelizabeth@example.org,2023-02-01,United Kingdom,27,25-34,Male,Direct,2023-02,Power User,13,44
317,Mark Peck,albertwagner@example.com,2024-03-12,United States,33,25-34,Other,Referral,2024-03,Active,11,17
318,Jennifer Smith,bhopkins@example.org,2024-03-30,India,39,35-44,Male,Organic Search,2024-03,Power User,1,84
319,Megan Drake,amanda40@example.net,2023-06-01,UAE,31,25-34,Male,Organic Search,2023-06,Dormant,107,9
320,Manuel King,danieldavis@example.org,2024-08-22,Singapore,40,35-44,Other,Direct,2024-08,Active,1,32
321,Judy Sanchez,joseph61@example.com,2024-09-03,France,26,25-34,Other,Paid Social,2024-09,Active,20,15
322,Shannon Malone,kevinclayton@example.org,2024-03-16,United States,43,35-44,Male,Referral,2024-03,Active,15,19
323,Adam Jackson,sullivannicholas@example.com,2024-11-01,UAE,26,25-34,Other,Email Campaign,2024-11,Active,2,14
324,Shannon Davis,pbruce@example.com,2023-08-09,United States,44,35-44,Female,Affiliate,2023-08,Active,7,26
325,Karen Williams,hallrachel@example.net,2023-12-14,India,18,18-24,Female,Organic Search,2023-12,Active,4,35
326,Amanda Mcfarland,cohenjuan@example.net,2023-11-17,India,31,25-34,Female,Organic Search,2023-11,Active,14,34
327,Michelle Sanders,alexis39@example.org,2023-06-06,India,30,25-34,Other,Organic Search,2023-06,Dormant,100,15
328,Jasmine Mosley,evansanne@example.net,2023-03-29,United States,33,25-34,Male,Affiliate,2023-03,Power User,3,97
329,Haley Davis,patrick21@example.net,2024-01-17,India,39,35-44,Male,Email Campaign,2024-01,Active,10,9
330,Jennifer Ayala,marypeterson@example.net,2024-07-29,Singapore,29,25-34,Other,Paid Social,2024-07,Active,8,18
331,Henry Pugh MD,walterskristen@example.com,2023-12-29,Canada,32,25-34,Other,Organic Search,2023-12,Active,12,37
332,Michelle Miller,nmiller@example.com,2023-02-22,Canada,35,35-44,Female,Referral,2023-02,Power User,6,80
333,Emily Rodriguez,normanbowers@example.org,2024-08-14,India,25,25-34,Other,Organic Search,2024-08,Active,3,21
334,Brandon Jordan,hahnsean@example.com,2023-08-18,Australia,26,25-34,Male,Paid Social,2023-08,Power User,12,41
335,Linda Mueller,fgarcia@example.com,2023-04-28,India,43,35-44,Female,Email Campaign,2023-04,Power User,12,53
336,Misty Hansen,asmith@example.com,2024-07-28,Germany,25,25-34,Other,Organic Search,2024-07,Power User,1,103
337,Derrick Adams,ashleyjackson@example.com,2023-01-27,Brazil,32,25-34,Other,Organic Search,2023-01,Dormant,201,10
338,Richard Ward,bryanhamilton@example.com,2023-10-01,United Kingdom,17,Teen,Male,Referral,2023-10,Power User,15,44
339,Brian Torres,jennifersimpson@example.net,2023-11-13,India,25,25-34,Female,Direct,2023-11,Active,16,12
340,Erin Cook,ncook@example.com,2023-05-27,UAE,27,25-34,Other,Email Campaign,2023-05,Active,6,15
341,Ernest Oconnell,kevinmorrison@example.net,2024-10-10,UAE,36,35-44,Male,Direct,2024-10,Active,6,11
342,Douglas Hartman,kelly79@example.org,2024-01-21,India,49,45-54,Female,Paid Social,2024-01,Power User,2,80
343,Catherine Saunders MD,daniel93@example.net,2023-11-16,United States,30,25-34,Other,Organic Search,2023-11,Active,24,15
344,Sandra Jones,nhahn@example.com,2024-09-02,India,47,45-54,Male,Organic Search,2024-09,Power User,3,84
345,David Moore,ichambers@example.net,2024-09-24,Germany,30,25-34,Male,Organic Search,2024-09,Active,18,14
346,Karen Morales DDS,emccormick@example.com,2024-11-08,United States,41,35-44,Female,Referral,2024-11,Power User,0,93
347,Robin Wheeler,ystephens@example.com,2023-10-07,Unknown,37,35-44,Male,Paid Social,2023-10,Power User,0,41
348,Matthew Williams,rodriguezjohn@example.net,2024-03-16,India,47,45-54,Male,Direct,2024-03,Active,10,17
349,Brett Walker,vrasmussen@example.com,2024-05-13,Australia,38,35-44,Other,Affiliate,2024-05,Active,6,35
350,Kathryn Cooper,seanmyers@example.net,2024-02-09,Germany,35,35-44,Other,Affiliate,2024-02,Active,28,24
351,Todd Thomas,webbkenneth@example.org,2023-08-05,Unknown,29,25-34,Male,Direct,2023-08,Active,5,37
352,Brent Bowen,matthew38@example.com,2023-05-03,United States,32,25-34,Male,Affiliate,2023-05,Active,30,28
353,Ashley Sweeney,tflores@example.org,2023-05-13,India,31,25-34,Female,Direct,2023-05,Active,4,29
354,Christopher Moore,byrdfrank@example.net,2024-07-26,India,42,35-44,Other,Paid Social,2024-07,Power User,1,52
355,Charlotte Sandoval,omullen@example.com,2023-02-13,Canada,18,18-24,Female,Email Campaign,2023-02,Power User,6,48
356,Jeffrey Smith,njohnson@example.org,2023-11-17,Canada,37,35-44,Other,Referral,2023-11,Active,11,16
357,Rebecca Herrera,jamiegoodwin@example.org,2024-10-17,Australia,33,25-34,Female,Organic Search,2024-10,Power User,0,96
358,Katherine Church,mark71@example.com,2023-11-29,France,45,45-54,Male,Paid Social,2023-11,Power User,0,81
359,Harold Ellis,candice96@example.net,2024-12-07,Canada,26,25-34,Female,Email Campaign,2024-12,Active,1,16
360,Leslie Powers,lisamccarthy@example.com,2023-09-07,United States,32,25-34,Female,Affiliate,2023-09,At Risk,33,12
361,Charles Price,david41@example.org,2024-02-10,India,41,35-44,Female,Referral,2024-02,Active,10,32
362,Melissa Brewer,baileyhenderson@example.com,2023-06-22,India,17,Teen,Male,Direct,2023-06,Active,22,37
363,Ryan Harvey,angelaburns@example.org,2024-06-06,France,25,25-34,Male,Email Campaign,2024-06,Active,11,15
364,Tracey Wagner,stephanie72@example.org,2024-10-22,Australia,34,25-34,Male,Organic Search,2024-10,Active,6,12
365,Jill Jackson,fortiz@example.com,2023-07-22,India,45,45-54,Male,Paid Social,2023-07,Active,8,27
366,Joshua Jackson,flynnjeffrey@example.org,2024-11-02,Germany,30,25-34,Male,Paid Social,2024-11,Active,4,35
367,Ashley Wilson,xcunningham@example.com,2024-05-20,India,17,Teen,Female,Email Campaign,2024-05,At Risk,31,22
368,Jeffery Fitzgerald,amber07@example.net,2024-04-04,India,13,Teen,Other,Direct,2024-04,Power User,3,77
369,Scott Miller,kennethkidd@example.com,2024-10-12,Germany,33,25-34,Other,Organic Search,2024-10,Power User,2,43
370,Heather Page,rowejoel@example.net,2023-11-20,Canada,25,25-34,Male,Organic Search,2023-11,Power User,21,41
371,Renee Hudson,imartin@example.org,2024-10-08,Singapore,36,35-44,Female,Organic Search,2024-10,Active,2,35
372,Kenneth Farley,candice25@example.net,2023-12-27,United States,30,25-34,Other,Referral,2023-12,Active,3,16
373,Wendy Camacho,taylorkaren@example.com,2023-02-08,United States,30,25-34,Male,Organic Search,2023-02,Active,4,38
374,Sandra Juarez,jacquelineanderson@example.org,2024-10-22,UAE,33,25-34,Male,Organic Search,2024-10,Active,5,22
375,Jason Hayes,kburns@example.net,2024-04-18,India,19,18-24,Other,Organic Search,2024-04,Active,23,15
376,Jackie Clements,powellkara@example.net,2023-02-12,UAE,43,35-44,Female,Paid Social,2023-02,Active,23,11
377,Heather Brown,brandi17@example.net,2023-07-12,France,34,25-34,Female,Organic Search,2023-07,Active,1,16
378,Frank Campbell MD,brobinson@example.org,2023-03-05,Australia,35,35-44,Female,Direct,2023-03,Power User,0,54
379,Pamela Williams,ashleewashington@example.com,2023-12-18,Australia,32,25-34,Other,Referral,2023-12,Power User,24,53
380,William Patterson,ksmith@example.com,2023-02-10,Australia,37,35-44,Male,Paid Social,2023-02,Active,4,15
381,Isaac Miller,nicoleturner@example.com,2024-06-20,India,24,18-24,Other,Organic Search,2024-06,Active,5,20
382,Cynthia Rios,brettgarrett@example.net,2023-10-17,India,47,45-54,Female,Paid Social,2023-10,Power User,2,40
383,Kelly Wallace,smiththomas@example.org,2024-09-04,India,38,35-44,Male,Referral,2024-09,Active,1,11
384,Karen Perez,dominguezlisa@example.com,2023-03-09,United States,25,25-34,Female,Paid Social,2023-03,Active,3,19
385,Edwin Reyes,crosscurtis@example.com,2023-10-18,India,26,25-34,Female,Organic Search,2023-10,Power User,14,40
386,Alejandra Santos,darlenebyrd@example.org,2024-09-09,Canada,13,Teen,Male,Paid Social,2024-09,Power User,2,79
387,Tamara Jensen,nbell@example.net,2023-05-25,Germany,22,18-24,Female,Direct,2023-05,Power User,12,77
388,Bryce Blair,fheath@example.org,2024-11-09,India,30,25-34,Female,Email Campaign,2024-11,Power User,0,41
389,Bradley Tran,sylvia52@example.org,2023-03-28,India,44,35-44,Female,Paid Social,2023-03,Active,23,14
390,Katrina Adkins,kimberly04@example.org,2023-12-03,United Kingdom,38,35-44,Male,Organic Search,2023-12,Power User,0,52
391,Jonathan Wheeler,debbie37@example.com,2024-12-02,United States,28,25-34,Other,Referral,2024-12,Active,3,17
392,Ryan Fisher,hatfieldsarah@example.org,2024-06-04,India,24,18-24,Female,Organic Search,2024-06,Active,3,19
393,Austin Baker,kathrynbest@example.org,2023-08-08,United States,47,45-54,Female,Organic Search,2023-08,At Risk,37,36
394,Lori Mason,livingstonstacy@example.com,2023-08-20,Brazil,36,35-44,Male,Organic Search,2023-08,Active,2,26
395,Kimberly Hernandez,zhenderson@example.org,2023-04-14,India,43,35-44,Other,Organic Search,2023-04,Active,20,17
396,Brittney Murphy,collinswilliam@example.org,2024-06-23,India,39,35-44,Male,Email Campaign,2024-06,Active,17,16
397,Brandon Hamilton,collinssamuel@example.org,2024-09-24,India,37,35-44,Male,Referral,2024-09,Active,1,35
398,Mary Thompson,dsalazar@example.com,2023-07-05,Germany,34,25-34,Other,Direct,2023-07,Power User,6,86
399,Gregory Holmes PhD,zimmermanjacqueline@example.org,2023-06-19,United States,42,35-44,Other,Direct,2023-06,Active,28,39
400,Patricia Johnson,gary24@example.net,2024-11-23,United States,32,25-34,Other,Referral,2024-11,Active,0,33
401,Laura Jones,enelson@example.com,2023-10-19,United Kingdom,25,25-34,Other,Affiliate,2023-10,Power User,9,72
402,Carol Moore,ddixon@example.com,2023-09-02,UAE,26,25-34,Female,Organic Search,2023-09,Power User,8,44
403,Jordan Williams,shannonemily@example.org,2023-07-18,France,35,35-44,Female,Paid Social,2023-07,Active,27,38
404,Cassidy Horne,sanchezthomas@example.com,2024-03-27,Canada,25,25-34,Female,Paid Social,2024-03,Active,13,16
405,Courtney Wright,tranrobin@example.net,2024-05-29,United Kingdom,31,25-34,Other,Affiliate,2024-05,Active,8,24
406,Michael Williams,joseph19@example.com,2023-07-24,India,32,25-34,Other,Affiliate,2023-07,Active,6,30
407,John Campbell,lindajarvis@example.com,2024-10-18,India,28,25-34,Female,Organic Search,2024-10,Active,1,15
408,Eddie Mueller,mark87@example.org,2023-04-16,UAE,15,Teen,Other,Affiliate,2023-04,Active,23,16
409,Dr. Morgan Payne PhD,stevenvargas@example.com,2023-10-19,Australia,19,18-24,Male,Paid Social,2023-10,Active,20,33
410,Makayla Steele,adamortiz@example.org,2024-06-09,France,17,Teen,Male,Organic Search,2024-06,At Risk,41,12
411,Oscar Parker,tapiaaaron@example.net,2023-08-16,UAE,46,45-54,Female,Referral,2023-08,Power User,3,90
412,Valerie Thomas,alyssaallen@example.com,2024-02-29,United States,26,25-34,Male,Direct,2024-02,Active,26,19
413,Jacqueline Villegas,christopher38@example.com,2024-01-31,UAE,36,35-44,Male,Paid Social,2024-01,Active,0,34
414,Angela Bradley,carpenterwilliam@example.net,2023-04-12,Singapore,16,Teen,Other,Organic Search,2023-04,Active,4,35
415,Samuel Howe,ibates@example.org,2023-05-21,Canada,25,25-34,Male,Referral,2023-05,Active,9,39
416,Dillon Jones,vhaynes@example.com,2024-12-13,Germany,34,25-34,Male,Email Campaign,2024-12,Active,0,39
417,Christopher Owens,derekcarrillo@example.org,2024-09-22,India,30,25-34,Male,Organic Search,2024-09,Active,2,34
418,John Phelps,wmartinez@example.org,2023-08-09,India,41,35-44,Male,Direct,2023-08,Power User,1,87
419,Amanda Huff,mooregina@example.net,2024-06-24,United States,41,35-44,Female,Referral,2024-06,Power User,0,81
420,Megan Green,eddie35@example.com,2023-11-05,India,15,Teen,Male,Paid Social,2023-11,Power User,2,46
421,Krista Davis,anthonysullivan@example.com,2024-09-29,France,19,18-24,Female,Organic Search,2024-09,Active,3,36
422,Richard Walker,laradonald@example.org,2024-05-26,Australia,41,35-44,Other,Organic Search,2024-05,Active,4,11
423,Angela Willis,madisonwatson@example.net,2024-08-11,France,31,25-34,Male,Paid Social,2024-08,Power User,2,102
424,Carl Stein,johnsoncaleb@example.net,2023-01-02,United States,19,18-24,Other,Direct,2023-01,Power User,21,92
425,Jessica Ramsey,david70@example.org,2023-07-11,United States,44,35-44,Other,Organic Search,2023-07,Active,1,33
426,Daniel Lopez,rjohnson@example.com,2024-01-05,India,38,35-44,Male,Organic Search,2024-01,Active,6,37
427,Danielle Phillips,sean20@example.net,2024-06-03,India,28,25-34,Other,Affiliate,2024-06,Active,1,36
428,James Barnes,eandrade@example.org,2023-02-14,Brazil,49,45-54,Other,Direct,2023-02,At Risk,53,17
429,Rachael Howard DDS,crystalpham@example.org,2023-01-17,United Kingdom,28,25-34,Female,Direct,2023-01,Power User,5,81
430,Devin Johnson,kcooper@example.net,2024-11-03,India,29,25-34,Other,Organic Search,2024-11,Active,9,29
431,William Moreno,anthonycochran@example.com,2023-12-07,United Kingdom,37,35-44,Male,Email Campaign,2023-12,Active,14,32
432,Joseph Moody,terrigarcia@example.net,2024-10-20,United States,30,25-34,Male,Referral,2024-10,Power User,0,43
433,Rebecca Kelly,gallagherstacie@example.net,2024-12-13,India,39,35-44,Female,Organic Search,2024-12,Power User,0,80
434,Suzanne Johnson,gregorywatkins@example.net,2023-03-06,United States,34,25-34,Other,Referral,2023-03,Power User,7,42
435,Sara Cochran,stacey92@example.net,2023-10-28,United States,40,35-44,Male,Affiliate,2023-10,Active,24,11
436,Anthony Guzman,lweaver@example.com,2023-02-12,India,21,18-24,Female,Affiliate,2023-02,Active,1,30
437,Carlos Love,foxaaron@example.net,2024-07-10,France,25,25-34,Female,Organic Search,2024-07,Power User,0,68
438,Patricia Mathis,brian29@example.net,2023-07-15,UAE,48,45-54,Female,Organic Search,2023-07,Active,24,36
439,Eric Taylor,susan56@example.net,2024-11-02,Germany,32,25-34,Female,Direct,2024-11,Power User,1,103
440,Marie Thompson,jessicakim@example.net,2024-03-23,United States,34,25-34,Female,Referral,2024-03,Power User,2,86
441,Michael Anderson,jeffrey92@example.com,2024-01-31,UAE,40,35-44,Female,Referral,2024-01,Active,17,35
442,Patricia Bradley,rushstacy@example.com,2024-05-24,India,41,35-44,Female,Affiliate,2024-05,Active,19,13
443,Keith Zuniga,carriemccall@example.net,2023-03-26,United States,33,25-34,Other,Affiliate,2023-03,Dormant,184,10
444,Mrs. Stacey Davis,markmiller@example.com,2023-07-04,France,24,18-24,Other,Organic Search,2023-07,Power User,5,42
445,Hayley Buchanan,sean43@example.org,2023-12-02,France,33,25-34,Other,Paid Social,2023-12,Active,25,35
446,Stacey Snyder,williamssamuel@example.com,2024-03-12,United Kingdom,34,25-34,Male,Affiliate,2024-03,Active,1,39
447,Rachel Lane,ybell@example.org,2023-02-13,UAE,41,35-44,Other,Paid Social,2023-02,Active,1,36
448,Fernando Lynn,franciscojones@example.org,2024-03-21,Unknown,19,18-24,Female,Direct,2024-03,Active,8,7
449,Kimberly Villanueva,petersonpamela@example.org,2023-02-28,Australia,29,25-34,Male,Paid Social,2023-02,Dormant,91,45
450,Jessica Valdez,morgantricia@example.com,2024-06-09,United Kingdom,32,25-34,Other,Organic Search,2024-06,Active,0,31
451,Colton Terry,gmoore@example.com,2023-05-27,United States,45,45-54,Other,Paid Social,2023-05,At Risk,59,16
452,Kenneth Larsen,donna43@example.org,2023-05-10,United States,23,18-24,Male,Paid Social,2023-05,Power User,25,40
453,Matthew Greene,briansmith@example.org,2024-01-06,India,45,45-54,Female,Paid Social,2024-01,Power User,3,80
454,Bradley Anthony,collinclark@example.net,2023-06-07,Canada,40,35-44,Other,Paid Social,2023-06,Power User,0,49
455,Martin Hughes,kristen77@example.net,2024-03-30,United States,13,Teen,Male,Direct,2024-03,Active,18,12
456,Jeremiah Baker,nicole52@example.com,2024-02-12,India,51,45-54,Female,Paid Social,2024-02,Power User,8,44
457,Rhonda Gutierrez,anne21@example.org,2023-04-27,United States,40,35-44,Male,Paid Social,2023-04,Active,2,18
458,Joseph Camacho,angelarandall@example.net,2024-02-01,Canada,52,45-54,Other,Direct,2024-02,Power User,14,42
459,James Nash,parmstrong@example.com,2024-12-21,Brazil,37,35-44,Female,Affiliate,2024-12,Active,0,17
460,Lisa Martinez,shawrachel@example.net,2024-12-11,India,33,25-34,Female,Email Campaign,2024-12,Power User,0,82
461,Beth Henderson,kthompson@example.org,2023-03-17,India,24,18-24,Female,Email Campaign,2023-03,Active,23,15
462,Deanna Bartlett,oharris@example.org,2023-03-31,United States,28,25-34,Other,Organic Search,2023-03,Power User,8,52
463,Donald Ellis,millerangela@example.net,2024-11-14,India,32,25-34,Female,Paid Social,2024-11,Active,9,17
464,Ashley Hernandez,buchanancindy@example.net,2023-10-25,United States,43,35-44,Female,Referral,2023-10,Power User,8,83
465,Sharon Beard,buckleyanna@example.org,2024-12-18,Germany,22,18-24,Other,Organic Search,2024-12,Power User,0,46
466,Kara Jackson,pbaker@example.com,2023-08-18,India,28,25-34,Male,Affiliate,2023-08,Power User,1,77
467,Amanda Preston,mthomas@example.net,2023-08-31,India,25,25-34,Female,Referral,2023-08,Active,9,37
468,Alicia Roth,hannah07@example.com,2024-01-13,Unknown,33,25-34,Female,Organic Search,2024-01,Active,30,33
469,William Ramos,larry71@example.org,2024-09-18,France,31,25-34,Male,Paid Social,2024-09,Power User,2,70
470,Jeremy Mcintyre,joseph69@example.net,2024-05-05,India,43,35-44,Other,Referral,2024-05,Active,3,10
471,Samantha Robertson,wfigueroa@example.net,2024-08-11,Singapore,31,25-34,Male,Referral,2024-08,Power User,2,44
472,Samuel Suarez,cameronmckinney@example.com,2023-03-17,India,31,25-34,Female,Organic Search,2023-03,At Risk,33,18
473,Danielle Bryant,thompsonnancy@example.org,2023-05-12,Canada,19,18-24,Other,Paid Social,2023-05,Power User,0,49
474,Madison Martinez,janet45@example.com,2023-05-13,Australia,24,18-24,Female,Organic Search,2023-05,Power User,15,94
475,Seth Matthews,allentracy@example.com,2023-05-08,Brazil,24,18-24,Other,Paid Social,2023-05,Power User,4,91
476,Anthony Nash,max41@example.com,2023-11-27,Canada,33,25-34,Other,Paid Social,2023-11,At Risk,58,14
477,Matthew Palmer,mercedesholland@example.net,2024-06-15,United Kingdom,36,35-44,Female,Organic Search,2024-06,Active,2,34
478,Alejandra King,wellsdavid@example.org,2024-10-12,India,34,25-34,Other,Organic Search,2024-10,Active,2,33
479,Judy Robinson,jennifer46@example.com,2024-09-21,India,39,35-44,Other,Referral,2024-09,Active,2,18
480,Jorge Bates,erica96@example.net,2024-08-29,India,50,45-54,Other,Paid Social,2024-08,Active,4,14
481,Brian Brown,anna99@example.com,2024-09-11,United Kingdom,23,18-24,Female,Paid Social,2024-09,Power User,0,45
482,Stephanie Evans,danielle44@example.net,2023-01-30,United States,45,45-54,Male,Affiliate,2023-01,Power User,4,83
483,Rebekah Greene,zacharyallen@example.org,2024-08-13,Germany,36,35-44,Female,Email Campaign,2024-08,Power User,3,43
484,Jason Price,erin07@example.com,2024-03-02,India,45,45-54,Other,Organic Search,2024-03,Active,0,34
485,Micheal Parks,aguilarwanda@example.org,2024-10-04,India,25,25-34,Other,Direct,2024-10,Power User,0,48
486,Sarah Pittman,qknox@example.com,2024-05-09,India,21,18-24,Male,Paid Social,2024-05,Power User,8,47
487,Robert Hines,kellyruiz@example.net,2023-11-01,India,33,25-34,Female,Referral,2023-11,Power User,4,78
488,Henry Garner,staceylam@example.net,2024-03-26,UAE,16,Teen,Female,Affiliate,2024-03,Active,12,32
489,Julie Wilson,robert55@example.com,2024-09-13,United Kingdom,42,35-44,Male,Paid Social,2024-09,Active,0,16
490,Steve Mason,delacruzbrandy@example.net,2023-12-20,France,20,18-24,Female,Affiliate,2023-12,Power User,7,40
491,Brittany Gay,amoreno@example.org,2024-07-29,United Kingdom,24,18-24,Male,Affiliate,2024-07,Power User,1,91
492,Mike Maxwell,robert97@example.org,2023-10-01,United Kingdom,30,25-34,Female,Email Campaign,2023-10,Active,18,30
493,Abigail Hill,lcook@example.com,2023-10-25,India,32,25-34,Female,Affiliate,2023-10,Power User,3,41
494,Jeffrey Jordan,barbaramoore@example.org,2023-06-13,India,18,18-24,Female,Paid Social,2023-06,At Risk,36,17
495,Curtis Watson,ysanford@example.org,2023-07-14,Australia,40,35-44,Male,Paid Social,2023-07,Active,7,13
496,Michael Sims,mcclainkatherine@example.net,2024-05-25,Singapore,36,35-44,Female,Organic Search,2024-05,Power User,2,69
497,James Chapman,jeremywiley@example.com,2024-02-07,United States,41,35-44,Other,Organic Search,2024-02,Active,17,9
498,Joseph Warren,cameronwilliams@example.com,2024-08-20,United Kingdom,32,25-34,Female,Referral,2024-08,Active,0,7
499,Katherine Christensen MD,ibarron@example.com,2024-09-03,India,32,25-34,Other,Direct,2024-09,Power User,3,44
500,Mrs. Alison Wagner,osmith@example.net,2023-01-09,Australia,29,25-34,Male,Affiliate,2023-01,Power User,1,85
501,Martin Wise,richardsondebra@example.org,2024-01-10,India,23,18-24,Female,Paid Social,2024-01,Active,21,16
502,Alicia Norris,wheelerbrandon@example.org,2024-08-06,India,19,18-24,Other,Email Campaign,2024-08,Power User,0,93
503,Michael Harris,hwallace@example.net,2023-03-17,Unknown,21,18-24,Female,Paid Social,2023-03,At Risk,64,16
504,Lisa Haynes,turnerdorothy@example.net,2023-10-14,Canada,13,Teen,Other,Referral,2023-10,Power User,10,71
505,Autumn Wilson,grivas@example.net,2023-04-10,Singapore,31,25-34,Female,Paid Social,2023-04,Power User,8,96
506,Valerie Howard,jimenezchelsea@example.com,2024-07-25,United States,30,25-34,Female,Direct,2024-07,Active,10,20
507,Daniel Fitzpatrick MD,cphillips@example.net,2024-06-05,UAE,24,18-24,Female,Direct,2024-06,Active,5,12
508,Maureen Hernandez,smithchristopher@example.org,2023-05-21,India,39,35-44,Other,Paid Social,2023-05,Active,14,16
509,David Hall,chancharles@example.net,2024-04-12,India,31,25-34,Male,Affiliate,2024-04,Active,6,25
510,Sarah Ward,joseph01@example.org,2023-12-02,Canada,31,25-34,Other,Direct,2023-12,At Risk,39,13
511,Charles Holland,ronald11@example.org,2024-09-23,India,30,25-34,Other,Direct,2024-09,Active,4,21
512,Anna Briggs,michael79@example.com,2024-06-03,Canada,38,35-44,Other,Direct,2024-06,At Risk,53,15
513,James Jefferson,danielross@example.com,2023-11-03,India,21,18-24,Female,Referral,2023-11,Active,27,33
514,Michael Brown,zbanks@example.org,2024-11-20,United States,28,25-34,Male,Organic Search,2024-11,Active,4,23
515,Meghan White,dalepruitt@example.com,2024-12-05,India,31,25-34,Other,Organic Search,2024-12,Power User,0,83
516,Sheryl Acosta,nmaxwell@example.org,2024-11-02,France,35,35-44,Other,Paid Social,2024-11,Power User,0,63
517,Arthur Pena,timothyfreeman@example.com,2024-08-20,United States,22,18-24,Female,Referral,2024-08,Active,1,35
518,Krystal Levine,busherica@example.net,2024-09-26,Canada,29,25-34,Female,Organic Search,2024-09,Power User,1,41
519,Danielle Reed,april91@example.com,2023-02-02,Canada,29,25-34,Other,Affiliate,2023-02,Active,1,38
520,Mason Moore,jhernandez@example.net,2023-01-20,India,44,35-44,Female,Email Campaign,2023-01,Active,29,31
521,Erica Rivera,kchristian@example.org,2024-12-08,India,25,25-34,Male,Affiliate,2024-12,Active,0,36
522,Robert Miller,brent38@example.net,2024-04-27,Germany,31,25-34,Other,Organic Search,2024-04,Active,2,38
523,Jillian Wilson,csolis@example.org,2024-06-15,United Kingdom,34,25-34,Male,Email Campaign,2024-06,Power User,12,40
524,Andrew Dunn,bmcgee@example.org,2024-05-04,United States,41,35-44,Other,Referral,2024-05,Power User,4,48
525,Jordan Clark,connersylvia@example.net,2024-04-15,United Kingdom,18,18-24,Other,Paid Social,2024-04,Active,14,17
526,Sarah Rivera,xclements@example.org,2024-11-28,United States,28,25-34,Other,Paid Social,2024-11,Active,0,14
527,Brent Hopkins,xmoran@example.net,2024-05-10,Brazil,25,25-34,Male,Affiliate,2024-05,At Risk,31,6
528,Jacqueline Rodriguez,petersonmaria@example.com,2023-11-02,India,13,Teen,Male,Organic Search,2023-11,Power User,0,42
529,Ashley Carr,travisunderwood@example.net,2023-10-23,Australia,17,Teen,Other,Organic Search,2023-10,Power User,0,43
530,Richard Love,davidphelps@example.org,2023-11-21,India,32,25-34,Female,Organic Search,2023-11,Active,1,28
531,Leah Barton,shermanbrandon@example.net,2023-10-08,France,30,25-34,Female,Direct,2023-10,Power User,9,44
532,Jonathan Moreno,lellis@example.net,2024-01-24,India,36,35-44,Female,Referral,2024-01,Power User,11,76
533,Mr. Thomas Thompson,tranryan@example.net,2023-05-30,United States,30,25-34,Female,Direct,2023-05,At Risk,87,12
534,Lisa Morris,jessicaanderson@example.com,2023-03-22,India,22,18-24,Female,Paid Social,2023-03,Power User,4,60
535,Denise Stuart,mbarnes@example.net,2024-05-05,Germany,18,18-24,Male,Paid Social,2024-05,Power User,0,47
536,Stacey Hunt,shawn22@example.com,2024-07-29,United States,16,Teen,Other,Direct,2024-07,Active,4,32
537,Miguel Parks,jennifer83@example.org,2024-08-23,UAE,24,18-24,Male,Email Campaign,2024-08,Active,3,33
538,Melissa Morris,tinasantos@example.org,2024-06-27,Germany,40,35-44,Male,Paid Social,2024-06,Power User,0,88
539,Mary Butler,hodgesanna@example.net,2024-02-28,India,50,45-54,Female,Direct,2024-02,Active,14,14
540,James Brown,natalie60@example.net,2023-05-21,Canada,25,25-34,Male,Direct,2023-05,Power User,1,76
541,Miss Brianna Brown,gonzalezkaren@example.org,2023-06-11,Unknown,31,25-34,Female,Referral,2023-06,Power User,2,64
542,Ashley Parrish,james80@example.com,2024-05-02,India,24,18-24,Female,Affiliate,2024-05,Active,4,38
543,Rebecca Horton,juliahoffman@example.org,2023-10-22,United Kingdom,27,25-34,Female,Affiliate,2023-10,At Risk,45,32
544,Juan Smith,housepaul@example.net,2023-04-02,India,32,25-34,Other,Organic Search,2023-04,Active,29,34
545,Maria Fischer,james73@example.net,2023-02-08,Singapore,18,18-24,Male,Affiliate,2023-02,Active,2,35
546,William Jones,kimberlybrandt@example.com,2023-02-07,United States,22,18-24,Female,Direct,2023-02,Power User,5,94
547,Justin Anderson,jillwilson@example.org,2023-10-24,Canada,41,35-44,Male,Organic Search,2023-10,Active,5,17
548,Frank Williams,adam72@example.org,2023-04-20,India,37,35-44,Female,Organic Search,2023-04,Active,1,20
549,Michael Fox,tracy98@example.com,2024-07-10,India,39,35-44,Other,Email Campaign,2024-07,Active,2,13
550,Joshua Davis,abigailhartman@example.org,2024-05-31,Canada,24,18-24,Female,Paid Social,2024-05,Power User,8,43
551,Daniel Goodwin,nicolealvarado@example.com,2023-12-05,India,42,35-44,Male,Organic Search,2023-12,Active,5,16
552,Michael Griffin,wbarajas@example.net,2023-07-10,Canada,36,35-44,Male,Referral,2023-07,Power User,5,91
553,Robert Wilson,susanfleming@example.com,2024-08-04,India,25,25-34,Other,Email Campaign,2024-08,Power User,1,50
554,Jaime Lang,amber40@example.net,2024-10-16,France,39,35-44,Female,Referral,2024-10,Power User,0,90
555,Jose Vaughan,stucker@example.net,2023-03-30,United Kingdom,35,35-44,Female,Affiliate,2023-03,At Risk,53,11
556,Austin Santiago,teresaayala@example.net,2023-05-24,India,40,35-44,Female,Paid Social,2023-05,Dormant,102,15
557,Ronald Johns,michellecoleman@example.org,2023-09-25,Singapore,21,18-24,Female,Organic Search,2023-09,At Risk,36,31
558,Allison Love,elucas@example.net,2023-12-04,United States,13,Teen,Female,Referral,2023-12,At Risk,81,21
559,Laura Perez,millerbrian@example.com,2023-09-25,Singapore,29,25-34,Other,Organic Search,2023-09,Power User,1,40
560,James Wilson,rickey76@example.com,2024-11-14,UAE,28,25-34,Male,Referral,2024-11,Power User,0,95
561,Mercedes Jones,maychristine@example.net,2024-12-03,India,29,25-34,Other,Direct,2024-12,Power User,0,40
562,Preston Kim,robertsgina@example.net,2023-11-15,Australia,33,25-34,Other,Paid Social,2023-11,Active,4,38
563,Daniel Francis,bshort@example.com,2023-10-30,Brazil,36,35-44,Female,Affiliate,2023-10,Active,3,37
564,Traci Camacho,susan24@example.net,2023-05-17,India,41,35-44,Female,Referral,2023-05,Active,9,15
565,Andrew Armstrong,susan08@example.net,2024-09-12,France,34,25-34,Female,Email Campaign,2024-09,Power User,8,46
566,Patrick Swanson,fmedina@example.com,2024-04-27,Brazil,25,25-34,Other,Organic Search,2024-04,Active,5,19
567,Clinton Jensen,robertbrewer@example.net,2023-09-11,United Kingdom,33,25-34,Other,Direct,2023-09,Power User,15,96
568,Tara Gamble,james29@example.org,2023-03-25,United Kingdom,46,45-54,Other,Referral,2023-03,Active,11,31
569,Danielle Gonzalez,enewman@example.com,2023-03-21,India,37,35-44,Other,Referral,2023-03,Power User,1,46
570,Cynthia Mitchell,wlynn@example.org,2024-06-01,Canada,34,25-34,Male,Direct,2024-06,Active,5,28
571,Matthew Steele,mcculloughlouis@example.com,2023-12-02,India,29,25-34,Other,Paid Social,2023-12,Active,25,11
572,Caroline Edwards,arianadiaz@example.com,2024-08-20,Brazil,23,18-24,Female,Organic Search,2024-08,Active,2,36
573,Brandy Quinn,jenniferdavidson@example.com,2023-02-26,United Kingdom,20,18-24,Female,Affiliate,2023-02,Power User,25,83
574,Mr. Matthew Miller,wford@example.com,2024-07-31,United States,35,35-44,Male,Direct,2024-07,Power User,1,73
575,Stephen Jones,michele28@example.org,2023-11-12,United Kingdom,23,18-24,Other,Organic Search,2023-11,At Risk,37,11
576,Kevin Sullivan,mcclainmelissa@example.net,2023-01-04,Singapore,36,35-44,Other,Paid Social,2023-01,At Risk,67,17
577,Kimberly Valdez,rebeccaarnold@example.net,2024-03-09,United States,37,35-44,Female,Organic Search,2024-03,Power User,0,50
578,Donna Marshall,michaelwalker@example.net,2023-03-03,France,27,25-34,Male,Paid Social,2023-03,Power User,7,82
579,Victor Holden,sanderswayne@example.net,2023-10-21,United States,33,25-34,Female,Affiliate,2023-10,Power User,4,68
580,Travis Hopkins,katherinetaylor@example.org,2024-10-18,United States,39,35-44,Other,Paid Social,2024-10,Power User,1,42
581,Philip Hall,jillwebb@example.com,2024-01-27,Germany,17,Teen,Female,Organic Search,2024-01,Power User,2,42
582,Heather Harrison,mike03@example.net,2024-01-20,Unknown,42,35-44,Male,Organic Search,2024-01,Power User,7,77
583,Michael Boyd,ckeith@example.net,2024-07-06,United Kingdom,25,25-34,Male,Paid Social,2024-07,Active,5,18
584,Jamie Gray,mary49@example.net,2023-07-02,United Kingdom,32,25-34,Other,Referral,2023-07,Power User,7,82
585,Heather Parrish,blacknicholas@example.org,2023-08-17,United Kingdom,40,35-44,Male,Referral,2023-08,Active,19,13
586,Brenda Martin,msparks@example.org,2024-04-19,India,36,35-44,Other,Direct,2024-04,Active,4,13
587,Jack Love,robertsonjuan@example.org,2024-01-24,United States,29,25-34,Male,Organic Search,2024-01,Active,12,17
588,Karen Mendoza,guerrerorobert@example.com,2023-10-10,Australia,26,25-34,Male,Affiliate,2023-10,Active,11,37
589,Andrew Berry,brittanyholland@example.com,2023-04-26,Australia,20,18-24,Male,Referral,2023-04,Power User,5,94
590,Christopher Nielsen,dennishunt@example.net,2023-01-17,United States,29,25-34,Male,Paid Social,2023-01,Power User,12,44
591,Nathan Stanley,kgreene@example.net,2023-02-04,India,44,35-44,Female,Organic Search,2023-02,Active,5,24
592,Sharon Jackson DVM,stacey37@example.net,2023-02-19,France,36,35-44,Male,Email Campaign,2023-02,Active,22,16
593,Kayla Jackson,laurahoover@example.org,2023-08-28,Canada,41,35-44,Other,Paid Social,2023-08,Power User,1,55
594,James Rodriguez,sandra99@example.org,2023-02-27,India,36,35-44,Male,Paid Social,2023-02,Active,3,34
595,Chase Davis,alexandrablankenship@example.net,2024-08-12,Brazil,47,45-54,Female,Paid Social,2024-08,Active,5,31
596,Kim Goodwin,mvalenzuela@example.org,2023-11-25,India,44,35-44,Male,Paid Social,2023-11,Active,16,8
597,April Pace,olsondavid@example.net,2024-11-07,United States,32,25-34,Other,Organic Search,2024-11,Power User,0,49
598,Jessica Mays,xboyd@example.org,2023-03-04,India,15,Teen,Other,Email Campaign,2023-03,Power User,0,90
599,Natalie Juarez,yclarke@example.com,2023-06-29,India,35,35-44,Other,Paid Social,2023-06,Power User,9,46
600,Angela George,colemanjonathan@example.org,2023-02-18,United States,26,25-34,Female,Paid Social,2023-02,Power User,3,49
601,Adrienne Mills,ascott@example.net,2024-06-21,India,30,25-34,Female,Organic Search,2024-06,Power User,0,106
602,Brian Simmons,brooksjamie@example.com,2023-11-04,United States,31,25-34,Female,Affiliate,2023-11,Active,7,35
603,Donald Becker,jose86@example.net,2023-09-04,Australia,22,18-24,Male,Organic Search,2023-09,Power User,24,49
604,Justin Webb,robertbowers@example.com,2024-04-19,Australia,33,25-34,Male,Affiliate,2024-04,Power User,15,41
605,David Logan,becky62@example.net,2024-07-24,Singapore,30,25-34,Other,Organic Search,2024-07,Active,3,15
606,Lisa Cohen,craigromero@example.com,2023-07-28,India,29,25-34,Female,Organic Search,2023-07,Active,5,29
607,Samantha Ruiz,martintamara@example.org,2024-01-15,UAE,39,35-44,Male,Organic Search,2024-01,Power User,3,79
608,Lee Ramsey,qdavis@example.org,2023-02-22,United States,23,18-24,Female,Direct,2023-02,Dormant,95,12
609,Linda Bautista,hmendez@example.com,2023-02-10,India,13,Teen,Male,Paid Social,2023-02,Power User,9,100
610,Tara Holmes,daniellegonzales@example.org,2024-11-18,United States,38,35-44,Other,Direct,2024-11,Power User,0,41
611,Lisa Craig,arthurgreene@example.net,2023-12-07,India,31,25-34,Female,Affiliate,2023-12,Active,9,29
612,Penny Gomez MD,john02@example.org,2023-07-14,Singapore,35,35-44,Other,Organic Search,2023-07,At Risk,31,37
613,Krista Barber,aprilmclaughlin@example.org,2024-05-05,United States,38,35-44,Male,Organic Search,2024-05,Power User,3,43
614,Jordan Powell,michael43@example.net,2024-02-11,India,19,18-24,Male,Referral,2024-02,Power User,5,77
615,Kathy Morgan,greenrichard@example.org,2024-01-25,United States,16,Teen,Female,Email Campaign,2024-01,At Risk,57,39
616,Laura Benson,prattsue@example.net,2023-09-25,India,41,35-44,Female,Organic Search,2023-09,Power User,5,87
617,Tonya Ellis,xhart@example.org,2023-04-11,India,32,25-34,Other,Organic Search,2023-04,Power User,1,45
618,Austin Schultz,bmosley@example.com,2023-07-28,United Kingdom,41,35-44,Female,Organic Search,2023-07,Power User,2,44
619,Harry Nichols,ericahall@example.com,2023-08-15,UAE,32,25-34,Other,Affiliate,2023-08,Power User,4,81
620,Gloria Spencer,john16@example.net,2024-08-21,United Kingdom,27,25-34,Other,Organic Search,2024-08,Active,13,14
621,Travis Vega,thomasgomez@example.net,2023-07-20,United States,34,25-34,Female,Paid Social,2023-07,At Risk,33,27
622,Derek Perez,victorgonzalez@example.net,2023-09-09,United States,39,35-44,Female,Paid Social,2023-09,Active,27,17
623,Blake Sosa,marykelly@example.org,2023-12-12,Canada,31,25-34,Female,Referral,2023-12,Power User,3,68
624,Sarah Watson,waustin@example.net,2024-10-19,Brazil,24,18-24,Other,Paid Social,2024-10,Power User,0,52
625,Phillip Dixon,travis94@example.com,2023-12-27,India,25,25-34,Male,Direct,2023-12,Power User,3,87
626,Robert Mendoza,kwalker@example.org,2023-07-08,India,23,18-24,Other,Paid Social,2023-07,Power User,18,107
627,Joyce Martinez,shawphillip@example.net,2024-06-20,Australia,33,25-34,Male,Referral,2024-06,Active,3,17
628,Jamie Garcia,astewart@example.org,2024-11-15,UAE,28,25-34,Male,Direct,2024-11,Active,4,13
629,Derrick Mullen,chloe42@example.net,2024-10-07,India,38,35-44,Male,Paid Social,2024-10,Active,0,37
630,Paul Diaz,michael76@example.org,2023-08-12,United Kingdom,30,25-34,Other,Paid Social,2023-08,Active,26,35
631,Kenneth Perez,lramirez@example.net,2024-10-15,India,27,25-34,Other,Affiliate,2024-10,Active,2,16
632,James Thomas,lelinda@example.net,2024-11-06,Australia,41,35-44,Female,Email Campaign,2024-11,Active,4,19
633,Dr. Samuel Holmes DDS,thomassmith@example.com,2024-02-26,India,39,35-44,Male,Referral,2024-02,Power User,5,44
634,Brett Martin,jevans@example.net,2024-07-02,United Kingdom,24,18-24,Female,Referral,2024-07,Active,17,16
635,Patrick Green,lisawoods@example.net,2024-11-21,Australia,31,25-34,Female,Paid Social,2024-11,Power User,0,73
636,Gregory Frazier,ann45@example.org,2023-04-20,India,38,35-44,Male,Affiliate,2023-04,Power User,18,62
637,Richard Kelly,barbarasantos@example.net,2024-09-26,Australia,27,25-34,Other,Paid Social,2024-09,Power User,6,44
638,Dustin Welch,champton@example.org,2024-02-11,India,27,25-34,Male,Direct,2024-02,At Risk,51,14
639,Logan Sullivan,mirandadavidson@example.com,2024-08-01,Canada,49,45-54,Male,Organic Search,2024-08,Active,2,16
640,Eddie Adams,millermatthew@example.com,2024-12-01,India,21,18-24,Male,Direct,2024-12,Active,0,35
641,Kelly Cole,cnelson@example.com,2023-02-02,Brazil,30,25-34,Male,Referral,2023-02,Power User,4,86
642,David Manning,ivanjohnson@example.net,2024-05-02,France,35,35-44,Male,Affiliate,2024-05,Active,12,17
643,Shawn Kelley,clarkrandy@example.org,2023-03-26,Canada,29,25-34,Female,Organic Search,2023-03,At Risk,35,16
644,Luke Miller,wisealexandria@example.org,2023-12-06,India,39,35-44,Other,Organic Search,2023-12,At Risk,57,12
645,Mark Anderson,pparker@example.net,2024-06-24,United Kingdom,36,35-44,Male,Referral,2024-06,Power User,2,45
646,Julie Pitts,anthonyalvarado@example.com,2024-12-09,India,33,25-34,Other,Affiliate,2024-12,Active,0,34
647,Joyce Curry,amy28@example.org,2023-03-18,India,32,25-34,Other,Direct,2023-03,Active,4,14
648,Gregory Fernandez,omills@example.net,2024-07-31,Germany,42,35-44,Other,Paid Social,2024-07,Active,5,24
649,Adam Mills,ramosmichael@example.com,2023-11-19,United States,13,Teen,Male,Direct,2023-11,Active,4,28
650,Katherine Campos,mauriceharrison@example.org,2024-12-30,United States,25,25-34,Female,Direct,2024-12,Active,0,35
651,Adam Brooks,albert64@example.net,2024-07-31,United States,38,35-44,Male,Organic Search,2024-07,Active,0,39
652,Miguel Brewer,bkhan@example.com,2024-11-24,India,35,35-44,Other,Organic Search,2024-11,Power User,0,101
653,Kellie Marsh,fwalker@example.com,2023-05-24,India,45,45-54,Other,Paid Social,2023-05,At Risk,70,38
654,Barry Taylor,justin84@example.com,2023-12-21,Canada,28,25-34,Male,Referral,2023-12,Power User,6,44
655,Katherine Flores,walshchristine@example.com,2023-03-19,United States,34,25-34,Female,Direct,2023-03,Power User,2,77
656,Diane Martinez,brandonnichols@example.org,2024-09-01,Canada,30,25-34,Female,Organic Search,2024-09,Power User,2,87
657,Johnny Peterson,oacosta@example.org,2024-10-11,Germany,26,25-34,Female,Paid Social,2024-10,Active,1,33
658,Amanda Miller,kristi75@example.com,2023-08-22,India,32,25-34,Female,Direct,2023-08,Active,19,16
659,Catherine Huang,brianrowe@example.org,2023-07-10,India,38,35-44,Other,Direct,2023-07,Power User,10,89
660,Ray Ramos,lisa01@example.net,2024-09-25,Germany,18,18-24,Female,Referral,2024-09,Active,1,22
661,Vickie Kennedy,gonzalezjill@example.org,2023-03-26,United States,35,35-44,Female,Organic Search,2023-03,Power User,22,83
662,Kelly King,sharon20@example.net,2024-10-11,UAE,32,25-34,Male,Direct,2024-10,Active,0,20
663,Jeffrey Smith,james03@example.org,2023-04-20,Australia,34,25-34,Male,Affiliate,2023-04,Power User,7,83
664,Lauren Vazquez,brenda63@example.org,2024-01-04,Germany,28,25-34,Female,Referral,2024-01,At Risk,63,28
665,Mr. George Booker DDS,nathandavis@example.org,2024-03-17,India,40,35-44,Female,Paid Social,2024-03,Power User,1,47
666,Ashley Freeman,browndeanna@example.net,2023-04-16,Unknown,29,25-34,Male,Paid Social,2023-04,Active,17,26
667,Michael Howard,tina57@example.net,2024-09-03,France,26,25-34,Other,Organic Search,2024-09,Power User,1,79
668,Edward Terry,johnwilliams@example.net,2023-01-13,Germany,30,25-34,Female,Email Campaign,2023-01,At Risk,49,13
669,Denise Guerra,ashleystephens@example.com,2024-07-26,India,35,35-44,Male,Direct,2024-07,Active,10,12
670,Kimberly Gibson,caseymoore@example.com,2024-01-25,Australia,28,25-34,Male,Direct,2024-01,At Risk,62,18
671,Patty Allen,bgross@example.net,2024-05-19,India,22,18-24,Male,Email Campaign,2024-05,Power User,3,82
672,Michael Cannon,barrettamber@example.com,2024-03-07,Brazil,40,35-44,Female,Paid Social,2024-03,Active,3,32
673,Brent Hopkins,chloemorris@example.net,2023-09-15,UAE,34,25-34,Male,Organic Search,2023-09,Power User,1,42
674,John Garcia,conleydavid@example.org,2024-09-23,India,47,45-54,Male,Organic Search,2024-09,Active,0,29
675,Dawn Diaz,hbarrett@example.net,2023-01-07,India,38,35-44,Female,Paid Social,2023-01,Power User,0,82
676,Steve Miller PhD,smithsamantha@example.net,2023-12-04,India,16,Teen,Female,Paid Social,2023-12,Active,0,39
677,Rebecca Brown,wardjulia@example.com,2024-10-28,Australia,39,35-44,Other,Organic Search,2024-10,Active,1,35
678,Toni Davis,allison14@example.org,2024-12-12,UAE,46,45-54,Male,Organic Search,2024-12,Active,0,35
679,Laura Meza,amandalopez@example.net,2024-02-12,India,31,25-34,Female,Organic Search,2024-02,Active,2,39
680,Megan Park,xreese@example.net,2024-05-17,India,41,35-44,Other,Direct,2024-05,Active,1,15
681,Kathy Sandoval,kandrade@example.org,2023-10-15,United Kingdom,39,35-44,Female,Organic Search,2023-10,Active,7,18
682,Erika Watson PhD,umahoney@example.net,2023-07-24,UAE,35,35-44,Other,Referral,2023-07,Active,25,14
683,Joshua Brooks,umckenzie@example.net,2024-07-17,United Kingdom,25,25-34,Male,Paid Social,2024-07,Power User,5,41
684,Andrew Mitchell,michael77@example.com,2024-12-26,Australia,14,Teen,Male,Referral,2024-12,Active,0,39
685,William Lewis,holmesvictoria@example.com,2024-12-10,UAE,45,45-54,Male,Paid Social,2024-12,Active,0,36
686,Tammy Moore,andrew48@example.net,2024-02-23,United Kingdom,42,35-44,Other,Affiliate,2024-02,Power User,4,85
687,Kevin Hall,stevenseric@example.com,2023-09-05,India,28,25-34,Female,Referral,2023-09,Active,21,12
688,Misty Mcguire,christopher69@example.org,2024-01-22,United States,23,18-24,Male,Affiliate,2024-01,Active,1,34
689,Susan Larson,tracynolan@example.net,2024-08-19,Singapore,31,25-34,Female,Referral,2024-08,Active,8,27
690,Tammy Cook,benjamin96@example.org,2024-12-09,Canada,46,45-54,Female,Organic Search,2024-12,Active,0,12
691,Sarah Mcfarland,hbutler@example.org,2024-01-04,India,25,25-34,Other,Paid Social,2024-01,Active,7,36
692,Karl Murphy,hbrown@example.org,2024-10-15,India,30,25-34,Male,Organic Search,2024-10,Power User,0,90
693,Nicole Johnston,ericnunez@example.com,2024-11-11,France,18,18-24,Female,Paid Social,2024-11,Active,7,18
694,George Alvarez,walkerkeith@example.com,2024-07-30,Canada,30,25-34,Other,Paid Social,2024-07,Power User,2,46
695,Patricia Anderson,kelleyjose@example.com,2023-12-06,India,28,25-34,Female,Referral,2023-12,Active,2,21
696,Christina Gilbert,timothygonzalez@example.com,2023-08-16,Brazil,24,18-24,Other,Referral,2023-08,Active,9,17
697,Thomas Davis,johnadams@example.com,2024-12-05,United Kingdom,29,25-34,Other,Paid Social,2024-12,Power User,0,46
698,Kirk Johnson,whenderson@example.org,2024-04-19,India,37,35-44,Other,Referral,2024-04,Power User,5,65
699,Jessica Glass,gary59@example.com,2023-12-20,India,40,35-44,Male,Paid Social,2023-12,Power User,2,42
700,Ashley Brown,jamesbrooks@example.net,2023-03-29,United States,31,25-34,Male,Affiliate,2023-03,At Risk,47,23
701,Robert Torres,mistywilkins@example.org,2023-12-23,France,24,18-24,Female,Organic Search,2023-12,Power User,5,84
702,Christina Mills,njohnson@example.net,2024-06-17,United States,17,Teen,Female,Paid Social,2024-06,Active,12,12
703,Alicia Aguilar,ana92@example.net,2024-12-14,UAE,16,Teen,Female,Affiliate,2024-12,Power User,0,42
704,Lisa Brown,scottbrian@example.org,2024-12-28,Brazil,39,35-44,Male,Email Campaign,2024-12,Power User,0,48
705,Mary Lin,jonesdonna@example.net,2023-04-22,Brazil,26,25-34,Other,Organic Search,2023-04,Power User,13,98
706,James Bray,carternicole@example.com,2023-09-07,India,32,25-34,Other,Organic Search,2023-09,Power User,14,45
707,Charlotte Mason,mckeetodd@example.net,2024-07-27,Canada,28,25-34,Female,Affiliate,2024-07,Power User,0,83
708,Thomas Torres,tcastro@example.org,2024-02-19,United States,22,18-24,Other,Paid Social,2024-02,Active,8,14
709,Harold Garrett,klong@example.org,2024-03-18,India,29,25-34,Female,Paid Social,2024-03,Power User,2,44
710,Lori Johns,wendyirwin@example.com,2023-07-22,India,31,25-34,Female,Paid Social,2023-07,Active,3,31
711,Steven Sandoval,raymondstacy@example.org,2024-12-22,Singapore,21,18-24,Male,Affiliate,2024-12,Active,0,37
712,Lori Perez,blairabigail@example.net,2023-03-06,United Kingdom,43,35-44,Other,Organic Search,2023-03,Power User,25,47
713,Erin Daniels,ashleysimmons@example.com,2023-07-11,Canada,39,35-44,Female,Email Campaign,2023-07,Active,22,10
714,Shari Parker,denisecarpenter@example.net,2023-09-26,Germany,33,25-34,Other,Organic Search,2023-09,Active,21,16
715,Krystal Moore,russellstout@example.org,2024-10-16,UAE,31,25-34,Female,Organic Search,2024-10,Active,2,14
716,Ryan Thomas,grantstacy@example.org,2024-08-24,India,31,25-34,Male,Paid Social,2024-08,Power User,0,86
717,Elizabeth Reese,cannonnicole@example.com,2024-09-24,India,26,25-34,Male,Paid Social,2024-09,Power User,0,77
718,Phillip Salazar,edwin31@example.org,2023-11-01,India,31,25-34,Other,Referral,2023-11,Active,0,25
719,Michael Howard,catherine93@example.net,2023-11-17,United States,39,35-44,Male,Affiliate,2023-11,Power User,7,76
720,Jacqueline Christian,manderson@example.com,2024-01-18,Germany,34,25-34,Other,Paid Social,2024-01,Active,14,19
721,Jason Novak,kwells@example.org,2024-09-02,Germany,40,35-44,Male,Organic Search,2024-09,Active,1,36
722,Timothy Duke,stephanie33@example.org,2024-05-13,United States,24,18-24,Other,Direct,2024-05,Active,4,25
723,Ricardo Franklin,dwatts@example.org,2023-06-27,Brazil,29,25-34,Other,Direct,2023-06,Power User,6,82
724,Laura Herrera,zcortez@example.net,2023-07-11,United States,38,35-44,Female,Referral,2023-07,Active,17,38
725,Danielle Medina,meyershannon@example.org,2024-01-03,United States,40,35-44,Male,Referral,2024-01,Power User,30,40
726,Cheryl Gonzales,grantzachary@example.net,2024-01-29,United States,41,35-44,Other,Organic Search,2024-01,Power User,0,45
727,Louis Brown,kim47@example.org,2024-12-02,United States,28,25-34,Female,Organic Search,2024-12,Active,6,14
728,Ashley Osborne,stevenlucas@example.org,2024-05-15,India,38,35-44,Male,Organic Search,2024-05,Active,0,34
729,Kevin Marquez,phillipmorris@example.org,2023-08-14,Canada,25,25-34,Female,Referral,2023-08,Power User,18,44
730,Susan Hogan,nicoledavis@example.com,2023-10-23,United States,29,25-34,Male,Paid Social,2023-10,Active,16,14
731,Joseph Cruz,davisjasmin@example.net,2024-05-22,Germany,19,18-24,Other,Referral,2024-05,Power User,3,83
732,Krystal Keller,nicholasjames@example.org,2023-10-02,France,25,25-34,Other,Paid Social,2023-10,Power User,16,49
733,Eric Cross,fernandothomas@example.net,2023-02-12,Germany,31,25-34,Other,Organic Search,2023-02,Active,13,11
734,Toni Smith,lroberts@example.org,2024-03-11,United Kingdom,30,25-34,Male,Email Campaign,2024-03,Active,1,16
735,Lisa Snyder,alexander77@example.net,2023-09-11,United States,30,25-34,Female,Organic Search,2023-09,At Risk,85,16
736,Kyle Smith,briannaalvarez@example.com,2023-09-27,India,27,25-34,Female,Organic Search,2023-09,At Risk,62,10
737,Anthony Bailey,christine83@example.org,2023-05-01,Australia,31,25-34,Male,Paid Social,2023-05,Active,13,33
738,Thomas Williams,melissaestrada@example.net,2024-12-06,India,28,25-34,Female,Email Campaign,2024-12,Active,5,15
739,Matthew Graves,kchaney@example.net,2024-03-14,United States,41,35-44,Male,Direct,2024-03,Power User,9,44
740,Anna Evans,tammycurry@example.com,2023-07-31,France,34,25-34,Male,Paid Social,2023-07,Active,3,37
741,John Martinez,priscilla16@example.net,2024-09-03,France,16,Teen,Other,Paid Social,2024-09,Active,0,12
742,Lisa Rodriguez,mark68@example.org,2023-10-27,United Kingdom,20,18-24,Female,Organic Search,2023-10,Power User,4,85
743,Lee Stewart,webbhaley@example.net,2024-06-10,United Kingdom,36,35-44,Other,Referral,2024-06,Active,4,14
744,Lynn Vasquez,sara99@example.com,2024-02-26,United States,35,35-44,Male,Paid Social,2024-02,Power User,16,42
745,April Johnson,nicolehall@example.com,2023-05-10,India,29,25-34,Other,Organic Search,2023-05,Power User,0,52
746,Mrs. Felicia Castro DDS,mclaughlinjared@example.net,2024-12-29,India,26,25-34,Female,Email Campaign,2024-12,Active,0,15
747,Elizabeth Hunter,davidsonhannah@example.com,2024-11-23,United Kingdom,21,18-24,Female,Paid Social,2024-11,Active,0,15
748,Keith Choi,katie15@example.com,2023-10-03,United States,33,25-34,Other,Referral,2023-10,Active,4,19
749,John Johnson,jamesbass@example.net,2024-10-10,United States,40,35-44,Male,Paid Social,2024-10,Power User,0,88
750,Julia Olsen,timothyburton@example.net,2024-12-12,Canada,48,45-54,Female,Organic Search,2024-12,Power User,0,44
751,Kristen Smith,conleykevin@example.net,2024-08-18,United States,54,45-54,Male,Organic Search,2024-08,Active,4,35
752,Andre Terrell,lauren51@example.org,2023-04-06,India,17,Teen,Other,Email Campaign,2023-04,Power User,18,45
753,Richard Parker,ashleyprice@example.net,2024-12-15,UAE,40,35-44,Female,Affiliate,2024-12,Power User,0,42
754,David Hayes DVM,jennifer46@example.org,2024-02-12,India,31,25-34,Male,Direct,2024-02,Active,11,12
755,Paula Gentry,aliciathompson@example.com,2024-05-21,India,31,25-34,Female,Direct,2024-05,Active,1,12
756,Brittany Peterson,zhunter@example.com,2024-07-14,Unknown,27,25-34,Other,Organic Search,2024-07,Active,3,21
757,Briana Wiggins,hoconnor@example.com,2023-12-18,United States,41,35-44,Other,Email Campaign,2023-12,Power User,0,49
758,Kelly Smith,jamiejohnson@example.com,2024-10-03,United Kingdom,30,25-34,Female,Paid Social,2024-10,Active,0,16
759,Stephen Garcia,mcdanielbrooke@example.org,2023-06-11,India,25,25-34,Female,Organic Search,2023-06,Active,1,21
760,Dustin Patel,andrew43@example.com,2024-03-14,United Kingdom,43,35-44,Male,Paid Social,2024-03,Active,5,16
761,Brian Mullen,rlambert@example.org,2024-10-27,United Kingdom,30,25-34,Female,Direct,2024-10,Power User,2,44
762,Tony Brock,clarkmichael@example.com,2023-10-08,Brazil,33,25-34,Male,Direct,2023-10,Power User,0,47
763,Amber Johnson,georgecollins@example.com,2024-01-16,United Kingdom,29,25-34,Other,Email Campaign,2024-01,Active,0,12
764,Michael Vance,rodriguezbrian@example.com,2024-02-10,Brazil,29,25-34,Other,Paid Social,2024-02,Active,2,15
765,Michelle Lambert,tjensen@example.com,2023-08-28,Brazil,36,35-44,Female,Direct,2023-08,Active,15,16
766,Anna Lang,beltrankatelyn@example.com,2023-01-02,Canada,13,Teen,Male,Email Campaign,2023-01,At Risk,35,10
767,Pamela Ruiz,tdavis@example.net,2023-08-20,India,41,35-44,Other,Paid Social,2023-08,At Risk,52,20
768,Jenna Lyons,douglashuang@example.com,2024-12-13,Germany,39,35-44,Female,Organic Search,2024-12,Active,1,18
769,John Bell,kristina57@example.com,2024-03-08,India,25,25-34,Other,Paid Social,2024-03,Active,3,31
770,Bethany Garcia,ssingleton@example.com,2024-01-28,India,38,35-44,Male,Email Campaign,2024-01,Active,5,35
771,Jennifer Gutierrez,nguyendebra@example.com,2023-11-17,India,39,35-44,Female,Email Campaign,2023-11,At Risk,34,11
772,Daniel Benson,amydickson@example.com,2023-05-17,India,35,35-44,Other,Organic Search,2023-05,Active,16,17
773,Kimberly Young,bmueller@example.net,2024-06-27,Germany,25,25-34,Other,Direct,2024-06,Active,2,15
774,Kyle Nguyen,stevensonjennifer@example.com,2024-03-26,Australia,34,25-34,Female,Direct,2024-03,Active,6,15
775,Brian Cervantes,shortgregory@example.com,2023-06-05,Canada,34,25-34,Female,Direct,2023-06,Power User,8,81
776,Daniel Taylor,pmurphy@example.net,2023-08-11,India,40,35-44,Male,Paid Social,2023-08,Power User,0,80
777,Jean Lane,shermandonna@example.com,2023-05-07,India,24,18-24,Other,Paid Social,2023-05,At Risk,31,13
778,Susan Torres,jamierich@example.com,2024-03-15,United States,29,25-34,Female,Organic Search,2024-03,Power User,11,41
779,Lisa Dixon,wrobbins@example.org,2024-10-22,Brazil,13,Teen,Male,Email Campaign,2024-10,Active,14,13
780,April Castro,melissabrown@example.net,2024-09-14,India,32,25-34,Female,Referral,2024-09,Active,6,12
781,Kevin Garrett,daniel40@example.org,2024-11-05,Australia,16,Teen,Female,Affiliate,2024-11,Power User,1,46
782,Christopher Taylor,bsullivan@example.net,2023-07-13,India,24,18-24,Other,Paid Social,2023-07,At Risk,82,10
783,Zachary Santiago,xbridges@example.com,2023-09-03,Brazil,38,35-44,Female,Email Campaign,2023-09,Active,1,33
784,Katelyn Kim,alexanderwong@example.org,2024-10-15,United States,29,25-34,Other,Paid Social,2024-10,Power User,0,42
785,Stephanie Dominguez,christophermay@example.com,2023-01-13,India,31,25-34,Female,Referral,2023-01,Active,5,38
786,Robert Cruz,dhanson@example.net,2024-08-05,United States,33,25-34,Female,Referral,2024-08,Power User,1,77
787,Dr. Michael Adams DVM,jacobjacobs@example.net,2024-04-27,India,13,Teen,Male,Direct,2024-04,Active,0,30
788,Ashley Olson,arthur09@example.com,2023-09-26,United Kingdom,32,25-34,Male,Referral,2023-09,Active,1,30
789,Blake Wu,thomasjessica@example.com,2024-02-12,India,38,35-44,Other,Affiliate,2024-02,Active,20,35
790,Angela Schultz,sanchezcrystal@example.net,2024-03-01,Brazil,22,18-24,Female,Direct,2024-03,Active,0,18
791,Jose Harrison,chloe58@example.org,2024-07-03,United Kingdom,34,25-34,Other,Referral,2024-07,Active,1,36
792,Thomas Curry,robert44@example.org,2023-11-14,India,26,25-34,Male,Paid Social,2023-11,Power User,2,84
793,Mary Carter,bryan79@example.org,2023-06-09,India,26,25-34,Other,Organic Search,2023-06,Active,0,39
794,Richard King,mitchellchristopher@example.net,2024-10-27,Australia,32,25-34,Other,Paid Social,2024-10,Power User,0,77
795,Christopher Vargas,joshua40@example.net,2024-03-23,India,28,25-34,Other,Referral,2024-03,Active,2,16
796,Michael Washington,donnawood@example.org,2023-09-08,Brazil,32,25-34,Male,Organic Search,2023-09,Active,3,13
797,Samantha Monroe,cooperchristopher@example.org,2024-09-18,India,25,25-34,Other,Affiliate,2024-09,Active,3,13
798,Mark Clark,ptownsend@example.net,2024-11-04,United States,28,25-34,Other,Organic Search,2024-11,Active,1,32
799,James Turner,brian41@example.org,2023-05-21,Brazil,33,25-34,Other,Paid Social,2023-05,Active,8,38
800,Joseph Graham,noahthornton@example.com,2023-12-22,United States,32,25-34,Other,Email Campaign,2023-12,Dormant,129,8
801,Joseph Blanchard,sara76@example.net,2023-09-23,United States,33,25-34,Male,Email Campaign,2023-09,Power User,0,93
802,Marissa Nelson,hardindana@example.com,2023-10-03,United States,25,25-34,Other,Paid Social,2023-10,Active,15,35
803,Julia Leonard,joseph14@example.net,2023-01-31,Canada,39,35-44,Female,Affiliate,2023-01,Active,22,32
804,Megan Kaiser,jessicachapman@example.org,2023-03-07,France,42,35-44,Female,Direct,2023-03,Active,10,34
805,Joseph Jennings,amy01@example.org,2023-03-20,Singapore,25,25-34,Female,Affiliate,2023-03,At Risk,58,18
806,Manuel Brown,jeffrey44@example.org,2024-05-26,Australia,28,25-34,Other,Referral,2024-05,Active,17,35
807,Angelica Jacobs,stephanielittle@example.net,2023-04-16,India,31,25-34,Other,Paid Social,2023-04,At Risk,47,12
808,Cathy Rodriguez,pdouglas@example.net,2024-06-05,United States,36,35-44,Male,Paid Social,2024-06,Active,1,20
809,Tammy Hill,jonowens@example.org,2023-09-08,India,26,25-34,Male,Paid Social,2023-09,Active,7,36
810,Richard Ramirez,qschwartz@example.com,2023-06-03,Australia,29,25-34,Male,Paid Social,2023-06,Power User,14,70
811,Robert Thompson,reyesmarvin@example.org,2024-07-20,Brazil,36,35-44,Other,Direct,2024-07,Active,2,31
812,Matthew Rodriguez,vasquezsarah@example.net,2023-11-26,United States,20,18-24,Male,Direct,2023-11,Power User,25,51
813,Michelle Garcia,probinson@example.org,2023-10-05,India,17,Teen,Male,Affiliate,2023-10,Power User,4,44
814,Jonathan Delgado,jonesjessica@example.com,2024-11-20,India,38,35-44,Male,Affiliate,2024-11,Active,3,16
815,Gary Myers,fitzpatrickelizabeth@example.com,2023-02-17,Germany,20,18-24,Female,Paid Social,2023-02,Power User,1,87
816,Jared Luna,robertsonshelby@example.com,2023-10-17,Germany,45,45-54,Female,Organic Search,2023-10,Active,10,38
817,Karen Bradley,fernandezaaron@example.net,2023-01-09,UAE,26,25-34,Female,Paid Social,2023-01,Active,2,12
818,Tina Davis,mathew46@example.org,2023-11-08,India,29,25-34,Other,Referral,2023-11,Power User,3,47
819,Julian Ponce,christopher74@example.net,2024-08-28,India,28,25-34,Female,Direct,2024-08,Active,1,10
820,Heather Miller,kentprice@example.org,2024-07-13,United States,22,18-24,Male,Paid Social,2024-07,Active,1,21
821,Nathan Watkins,imoss@example.org,2023-01-25,United Kingdom,30,25-34,Male,Referral,2023-01,Dormant,184,12
822,Kathryn Hanna,yprice@example.net,2024-12-11,France,28,25-34,Male,Referral,2024-12,Active,0,17
823,George Le,blevy@example.org,2024-11-04,Germany,37,35-44,Female,Paid Social,2024-11,Power User,0,45
824,Judy Gregory,zwilson@example.net,2023-04-17,United Kingdom,37,35-44,Male,Email Campaign,2023-04,Power User,18,40
825,Charles Valdez,joycehall@example.org,2024-05-18,India,37,35-44,Male,Organic Search,2024-05,Active,1,32
826,Matthew Smith,nmeadows@example.org,2023-10-14,India,36,35-44,Male,Organic Search,2023-10,Active,27,10
827,Christopher Garza,conwaylori@example.org,2024-06-16,India,31,25-34,Female,Paid Social,2024-06,Active,5,36
828,Robert Simmons,wilsonbrooke@example.net,2023-03-28,United States,44,35-44,Other,Paid Social,2023-03,Active,29,13
829,Erica Oconnell,rnguyen@example.net,2024-02-08,India,32,25-34,Male,Paid Social,2024-02,Power User,2,51
830,Donald Todd,kathrynwatkins@example.com,2024-11-09,Brazil,31,25-34,Male,Organic Search,2024-11,Active,1,12
831,Kevin Anderson,heathertran@example.com,2023-11-19,UAE,28,25-34,Female,Direct,2023-11,At Risk,67,33
832,Adam Howe,bstrickland@example.com,2023-11-22,United States,44,35-44,Female,Paid Social,2023-11,Active,7,19
833,Devin Cole,robert72@example.org,2023-07-27,India,30,25-34,Male,Organic Search,2023-07,Active,17,29
834,Michelle Salazar,sharonbishop@example.org,2023-06-09,Australia,16,Teen,Male,Paid Social,2023-06,Power User,15,93
835,Justin Lee,burtonkimberly@example.com,2024-02-21,India,31,25-34,Male,Email Campaign,2024-02,Active,7,35
836,Julie Sims,montgomerymichelle@example.net,2023-08-01,France,33,25-34,Female,Organic Search,2023-08,At Risk,54,12
837,Tracy Wells,joshualee@example.org,2023-05-03,United States,27,25-34,Male,Organic Search,2023-05,At Risk,31,13
838,Dominique Hamilton,ernestlivingston@example.org,2024-12-22,Canada,28,25-34,Other,Direct,2024-12,Power User,0,77
839,Tammy Thompson,christina70@example.org,2023-12-02,United Kingdom,35,35-44,Male,Organic Search,2023-12,Power User,7,42
840,Leslie Nguyen,washingtondarren@example.org,2023-12-31,United States,41,35-44,Female,Affiliate,2023-12,Power User,0,68
841,Erika Garcia,julievillanueva@example.org,2023-09-24,India,28,25-34,Male,Paid Social,2023-09,Active,24,39
842,Kevin Brown,ykane@example.org,2024-04-08,United States,35,35-44,Other,Direct,2024-04,Power User,14,77
843,James Ellis,nthomas@example.com,2024-04-18,Unknown,23,18-24,Male,Organic Search,2024-04,Power User,5,83
844,Andrew Carroll,crystalcantrell@example.org,2023-01-13,India,49,45-54,Male,Email Campaign,2023-01,At Risk,35,48
845,Greg Tanner,derek77@example.com,2023-05-14,United Kingdom,49,45-54,Male,Organic Search,2023-05,At Risk,64,16
846,Laura Tran,kristinelittle@example.net,2024-10-07,India,31,25-34,Other,Organic Search,2024-10,Power User,1,54
847,Cindy Wells,christophervincent@example.com,2023-03-18,Brazil,13,Teen,Male,Paid Social,2023-03,Power User,0,93
848,Danielle Murphy,uramirez@example.com,2024-10-23,India,44,35-44,Female,Organic Search,2024-10,Power User,2,91
849,Stephanie Butler,patriciavargas@example.org,2023-12-06,United States,27,25-34,Male,Organic Search,2023-12,Active,13,17
850,Joseph Mendoza,williamsthomas@example.net,2023-06-22,France,36,35-44,Other,Organic Search,2023-06,Active,6,35
851,Melissa Russell,chavezjohn@example.net,2024-05-23,Singapore,16,Teen,Male,Email Campaign,2024-05,Power User,1,92
852,Mrs. Maureen Martin DDS,davidphillips@example.net,2023-12-29,United States,35,35-44,Male,Referral,2023-12,Active,7,34
853,Jennifer Clarke,braysteven@example.org,2024-04-01,India,34,25-34,Male,Referral,2024-04,Power User,1,96
854,Faith Johnson,courtney01@example.com,2023-09-09,Australia,31,25-34,Other,Organic Search,2023-09,Power User,0,82
855,Rebecca French,smullins@example.net,2024-07-17,United States,37,35-44,Female,Affiliate,2024-07,Power User,0,93
856,Susan Cox,olivermatthew@example.org,2023-05-21,Canada,19,18-24,Female,Organic Search,2023-05,Dormant,104,9
857,Jacob Wong,rodriguezmichael@example.net,2024-06-22,United Kingdom,28,25-34,Male,Direct,2024-06,Active,0,18
858,Mrs. Ashley Mendoza,castrokim@example.org,2023-01-20,India,30,25-34,Female,Paid Social,2023-01,Active,4,17
859,Derek Frazier,karenhodges@example.com,2024-07-11,Singapore,19,18-24,Female,Organic Search,2024-07,Power User,0,107
860,Mr. Bryan Mckinney,brian55@example.com,2023-11-26,United States,36,35-44,Female,Direct,2023-11,Active,15,37
861,Judith Miller,shannon51@example.org,2024-09-03,Germany,27,25-34,Male,Organic Search,2024-09,Active,1,13
862,Brian Hernandez,keithfrye@example.org,2023-10-15,United States,30,25-34,Male,Affiliate,2023-10,At Risk,45,16
863,Jason Fleming,nancymeyer@example.net,2024-01-02,India,37,35-44,Other,Paid Social,2024-01,Power User,1,45
864,Dorothy Brown,thomasfisher@example.net,2023-04-13,Unknown,29,25-34,Male,Organic Search,2023-04,Power User,16,73
865,Grant Lucas,marystone@example.com,2023-02-27,Australia,43,35-44,Male,Paid Social,2023-02,Active,0,38
866,Keith Villanueva,todd88@example.com,2024-02-02,Singapore,25,25-34,Female,Email Campaign,2024-02,Power User,19,41
867,Dwayne Bruce,george43@example.com,2023-06-27,United Kingdom,24,18-24,Male,Paid Social,2023-06,Active,29,21
868,Caitlyn Nichols,michaelbryant@example.org,2024-12-15,United Kingdom,38,35-44,Female,Paid Social,2024-12,Power User,0,92
869,Rebecca Martin,teresafranco@example.net,2024-12-18,Canada,31,25-34,Female,Organic Search,2024-12,Active,0,18
870,Jacob Harris,williamsleslie@example.org,2024-07-30,India,22,18-24,Male,Organic Search,2024-07,Active,2,36
871,Joshua Martin,wadetiffany@example.org,2024-05-19,India,27,25-34,Other,Organic Search,2024-05,Active,12,20
872,Theresa Reilly,david06@example.com,2023-04-03,Singapore,37,35-44,Male,Referral,2023-04,Active,22,11
873,Michael Wells,adamrodgers@example.net,2024-06-23,United States,45,45-54,Female,Referral,2024-06,Active,13,19
874,Tammy Morgan,tara92@example.net,2023-07-26,India,31,25-34,Male,Paid Social,2023-07,Active,5,32
875,Audrey Johnson,dennisrachel@example.org,2023-11-28,UAE,29,25-34,Male,Email Campaign,2023-11,Active,6,26
876,Christie Fox,seandavis@example.org,2023-05-26,Australia,39,35-44,Male,Paid Social,2023-05,Active,15,19
877,Tina Daugherty,james18@example.com,2023-03-16,United States,19,18-24,Female,Organic Search,2023-03,At Risk,35,10
878,Terri Kerr,ulee@example.net,2024-08-23,United States,34,25-34,Male,Direct,2024-08,Power User,1,80
879,Dustin Bell,raymond65@example.com,2023-06-11,India,13,Teen,Other,Organic Search,2023-06,Active,19,9
880,Jill Riddle,fsawyer@example.org,2024-05-13,Brazil,32,25-34,Other,Direct,2024-05,Active,21,19
881,Jessica Mosley,zroberts@example.net,2024-07-29,United States,37,35-44,Other,Affiliate,2024-07,Power User,4,45
882,John Dillon,maryharper@example.org,2024-01-01,India,41,35-44,Male,Direct,2024-01,Power User,13,90
883,Mark Nelson,carl96@example.org,2024-01-23,United Kingdom,26,25-34,Female,Paid Social,2024-01,Active,22,16
884,Ronnie Roberts,angelapage@example.org,2023-07-01,India,30,25-34,Other,Direct,2023-07,Power User,6,101
885,Justin Ford,twilliams@example.net,2024-08-09,India,24,18-24,Female,Paid Social,2024-08,Power User,5,40
886,Sandra Kennedy,moodyeric@example.com,2024-08-04,France,31,25-34,Male,Organic Search,2024-08,Active,1,31
887,Donald Gamble,robert73@example.org,2024-09-18,Unknown,37,35-44,Male,Paid Social,2024-09,Active,3,19
888,Sheena Burton,georgemichael@example.com,2024-05-23,Australia,20,18-24,Male,Direct,2024-05,Active,1,37
889,Laura Bruce,hmccann@example.com,2023-12-22,United States,41,35-44,Female,Paid Social,2023-12,Active,13,11
890,Brandy Martin,bonniethomas@example.com,2023-04-01,Brazil,22,18-24,Other,Organic Search,2023-04,Active,1,34
891,Mark Jones,michael50@example.com,2023-12-10,United States,25,25-34,Female,Email Campaign,2023-12,At Risk,35,16
892,Carol Morris,katiewhite@example.org,2024-12-10,United Kingdom,43,35-44,Male,Affiliate,2024-12,Power User,0,49
893,Heidi Ferguson,margaret44@example.net,2023-01-02,India,31,25-34,Male,Referral,2023-01,Power User,12,86
894,Richard Jenkins,madeline02@example.net,2023-06-20,Australia,35,35-44,Female,Referral,2023-06,At Risk,35,31
895,Rebecca Hansen,curtismoore@example.org,2024-07-13,Singapore,36,35-44,Female,Organic Search,2024-07,Active,22,16
896,Tammy Mendoza,butlersabrina@example.org,2024-08-14,India,17,Teen,Other,Affiliate,2024-08,Power User,1,40
897,Tracy Jackson,hannah27@example.net,2024-04-07,Australia,48,45-54,Male,Organic Search,2024-04,Active,11,37
898,Brenda Perez,anthony13@example.org,2023-01-21,United States,58,55+,Female,Email Campaign,2023-01,Active,13,19
899,Rachel Jones,jasonzavala@example.com,2023-12-17,Brazil,28,25-34,Male,Affiliate,2023-12,Active,11,39
900,Ricky Palmer,ctodd@example.org,2023-03-18,Singapore,47,45-54,Other,Affiliate,2023-03,Active,16,15
901,Michael Webster,harrisonrebekah@example.org,2023-12-13,Germany,38,35-44,Other,Direct,2023-12,Power User,9,50
902,Gregory Davis,morajamie@example.org,2024-12-22,India,25,25-34,Male,Paid Social,2024-12,Active,0,34
903,Phyllis Austin,stacy55@example.org,2024-09-13,United States,34,25-34,Female,Email Campaign,2024-09,Active,1,20
904,Michelle Brandt,garciabelinda@example.org,2023-07-30,Germany,38,35-44,Male,Referral,2023-07,Active,2,13
905,Daniel Gordon,rachelmedina@example.net,2024-07-07,Singapore,21,18-24,Female,Paid Social,2024-07,Active,1,16
906,Tyler White,lrichardson@example.org,2023-04-09,Australia,27,25-34,Male,Affiliate,2023-04,Power User,6,91
907,Brian Rollins,tina63@example.net,2024-05-17,United States,17,Teen,Male,Organic Search,2024-05,Active,6,38
908,Michele Hawkins,owensapril@example.com,2023-03-31,Germany,27,25-34,Female,Direct,2023-03,At Risk,68,20
909,Kyle Collins,millertristan@example.com,2024-05-06,United Kingdom,31,25-34,Male,Email Campaign,2024-05,Active,9,38
910,Mrs. Shannon Jacobson,aperez@example.com,2024-10-15,Germany,25,25-34,Female,Direct,2024-10,Active,8,13
911,Michael Powers,xcrosby@example.org,2023-04-29,India,13,Teen,Female,Direct,2023-04,Active,3,36
912,Charles Morales,qkim@example.net,2024-11-07,India,40,35-44,Female,Direct,2024-11,Active,0,31
913,William Morgan,figueroapatricia@example.org,2023-07-09,India,37,35-44,Female,Paid Social,2023-07,Power User,8,93
914,Dr. Ralph Wheeler DDS,bmartinez@example.net,2024-04-01,Germany,27,25-34,Male,Direct,2024-04,Active,28,14
915,Victoria Dixon,qkelly@example.net,2023-08-20,India,41,35-44,Female,Referral,2023-08,Active,16,38
916,David Dunlap Jr.,katrinarodriguez@example.com,2024-12-14,UAE,33,25-34,Other,Organic Search,2024-12,Active,0,35
917,Janet Shelton,greertyrone@example.org,2024-07-08,Germany,15,Teen,Female,Organic Search,2024-07,Power User,0,85
918,Kelly Vasquez,kevinhanson@example.org,2024-07-20,United States,34,25-34,Male,Paid Social,2024-07,Power User,2,42
919,Dennis Cooper PhD,qharris@example.com,2024-03-04,Canada,25,25-34,Other,Paid Social,2024-03,Active,6,33
920,Barbara Cole,cisnerosanthony@example.com,2024-08-09,Unknown,44,35-44,Male,Direct,2024-08,Active,16,19
921,Matthew Chan,cramos@example.org,2023-02-05,India,20,18-24,Other,Paid Social,2023-02,Active,11,32
922,Phillip Carroll,travistaylor@example.net,2024-08-08,India,42,35-44,Other,Paid Social,2024-08,Power User,0,102
923,Karen Dickerson,rkeller@example.net,2024-04-04,Singapore,41,35-44,Male,Referral,2024-04,Power User,0,87
924,Heather Levine,myerstroy@example.com,2023-08-05,India,44,35-44,Male,Paid Social,2023-08,Active,7,35
925,Hannah Harmon,bryan90@example.org,2024-11-30,Australia,22,18-24,Female,Organic Search,2024-11,Power User,0,43
926,Gregory Howard,hubbardcolleen@example.com,2023-06-01,United States,22,18-24,Other,Email Campaign,2023-06,Power User,3,75
927,Leslie Lozano,brian33@example.org,2023-03-10,India,28,25-34,Male,Referral,2023-03,Active,12,7
928,Gabriel Murray,meltondanny@example.org,2023-11-30,Germany,22,18-24,Female,Affiliate,2023-11,Active,28,14
929,John Johnson,abradley@example.com,2023-01-13,United States,17,Teen,Other,Paid Social,2023-01,At Risk,31,30
930,John Vazquez,nicholas65@example.net,2024-03-05,India,25,25-34,Male,Paid Social,2024-03,At Risk,34,13
931,Lucas Cox,matthewshaw@example.net,2024-08-25,India,32,25-34,Other,Paid Social,2024-08,Power User,1,75
932,Kimberly Mitchell,oharris@example.org,2023-04-19,Canada,31,25-34,Other,Organic Search,2023-04,Power User,0,43
933,Tina Robbins,evansashley@example.org,2024-07-02,India,26,25-34,Female,Email Campaign,2024-07,Active,3,30
934,Karen Clark,vargasjoshua@example.net,2024-11-01,United Kingdom,28,25-34,Female,Referral,2024-11,Active,3,35
935,Joshua Gonzalez,pearsonkevin@example.com,2023-06-26,Canada,38,35-44,Female,Organic Search,2023-06,At Risk,55,37
936,Kimberly Ibarra,gking@example.com,2024-11-28,Germany,20,18-24,Other,Referral,2024-11,Power User,0,55
937,Debra Little,barbaralewis@example.net,2023-12-06,United States,40,35-44,Other,Organic Search,2023-12,At Risk,33,20
938,Curtis Ford,umichael@example.net,2023-10-03,Singapore,33,25-34,Female,Organic Search,2023-10,Active,1,36
939,Jennifer Dalton,edwardjennings@example.com,2023-11-07,India,35,35-44,Female,Email Campaign,2023-11,Active,24,9
940,Maria Scott,waltersmeghan@example.com,2024-12-13,India,34,25-34,Other,Referral,2024-12,Active,0,9
941,Robert Collins,richardwilson@example.org,2023-05-18,Germany,28,25-34,Female,Affiliate,2023-05,At Risk,31,37
942,Amanda Moore,bcastro@example.com,2023-11-25,United Kingdom,30,25-34,Female,Organic Search,2023-11,Active,16,16
943,Casey Phelps,anthonyclarke@example.com,2023-04-02,United States,41,35-44,Male,Email Campaign,2023-04,Power User,0,83
944,Edward Brown,dcasey@example.org,2024-02-21,India,27,25-34,Other,Affiliate,2024-02,Active,12,30
945,Jennifer Larsen,qmosley@example.net,2024-01-18,Unknown,30,25-34,Male,Organic Search,2024-01,Power User,0,107
946,Kelly Calderon,joelduncan@example.net,2023-11-15,India,29,25-34,Other,Affiliate,2023-11,Active,21,16
947,Robert Murphy,tyler13@example.net,2024-06-20,Singapore,27,25-34,Other,Paid Social,2024-06,Power User,0,92
948,Claudia Rodriguez,vshaffer@example.org,2023-07-25,Germany,16,Teen,Male,Organic Search,2023-07,Active,2,17
949,Amy Ferguson,taragonzales@example.com,2024-01-05,United Kingdom,19,18-24,Other,Referral,2024-01,At Risk,44,16
950,Donald Mueller,stewartrodney@example.net,2024-04-20,Germany,37,35-44,Other,Organic Search,2024-04,Active,16,12
951,Walter Obrien,michaelbaldwin@example.com,2024-11-28,India,23,18-24,Male,Direct,2024-11,Power User,1,42
952,James Fowler,vazquezkristina@example.org,2024-04-01,India,24,18-24,Male,Organic Search,2024-04,Active,18,17
953,Jasmine Browning,rebecca18@example.org,2024-07-18,India,37,35-44,Female,Paid Social,2024-07,Power User,0,41
954,Rodney Young,qpennington@example.com,2023-09-22,Germany,31,25-34,Other,Organic Search,2023-09,Active,6,11
955,Sherry Wang,michelemartin@example.com,2023-01-29,Singapore,35,35-44,Female,Direct,2023-01,Active,22,16
956,Teresa Ruiz,rmccormick@example.org,2023-08-08,Singapore,35,35-44,Male,Referral,2023-08,Active,5,35
957,Thomas Garcia,vhouse@example.net,2023-10-03,India,38,35-44,Other,Referral,2023-10,At Risk,42,16
958,Nicholas Kelley,hollyhunter@example.com,2024-11-29,United Kingdom,38,35-44,Male,Organic Search,2024-11,Power User,0,42
959,Lorraine Gibbs,shawn00@example.net,2023-06-27,United States,40,35-44,Other,Email Campaign,2023-06,Active,13,35
960,Bradley Moore,aarongonzalez@example.com,2024-09-14,India,52,45-54,Female,Paid Social,2024-09,Power User,1,70
961,Shane Anderson,melaniejennings@example.com,2023-10-09,UAE,28,25-34,Female,Affiliate,2023-10,Active,1,39
962,Jason White,graceserrano@example.com,2024-04-15,Canada,44,35-44,Female,Organic Search,2024-04,Power User,3,88
963,Alexander Hansen,kduffy@example.org,2024-06-17,Unknown,48,45-54,Other,Paid Social,2024-06,Active,7,34
964,Samuel Williams,rebeccamccann@example.org,2024-06-07,Singapore,24,18-24,Other,Organic Search,2024-06,Power User,0,94
965,Carolyn Bradley,jburke@example.org,2024-07-28,Brazil,27,25-34,Other,Paid Social,2024-07,Active,18,10
966,Kathleen Walker,higginsryan@example.com,2024-12-01,United States,30,25-34,Male,Referral,2024-12,Active,1,34
967,Johnny Anderson,jamesatkins@example.com,2023-10-11,India,26,25-34,Other,Paid Social,2023-10,Power User,7,101
968,Chelsey White,carolcarney@example.com,2024-11-02,Canada,43,35-44,Other,Organic Search,2024-11,Active,6,11
969,Susan Wood,anthonycherry@example.org,2023-07-12,India,38,35-44,Male,Organic Search,2023-07,Active,12,35
970,Valerie Sanders,emiller@example.org,2023-02-28,Brazil,34,25-34,Other,Affiliate,2023-02,Power User,6,88
971,Angel Hawkins,jennifererickson@example.net,2023-05-24,India,21,18-24,Other,Paid Social,2023-05,Active,3,37
972,Teresa Coffey DDS,cookjimmy@example.com,2023-10-30,United Kingdom,23,18-24,Female,Referral,2023-10,At Risk,42,14
973,James Wood,smithwilliam@example.com,2023-02-06,United States,35,35-44,Other,Paid Social,2023-02,Active,7,39
974,Gerald Mcdonald Jr.,carpenterjorge@example.net,2023-07-14,United States,35,35-44,Female,Email Campaign,2023-07,Active,22,16
975,Carl Savage,hthomas@example.com,2024-07-01,Singapore,31,25-34,Other,Paid Social,2024-07,Power User,0,84
976,Pam Baker,julie64@example.com,2024-11-18,Unknown,13,Teen,Female,Direct,2024-11,Active,0,18
977,Pamela Hernandez DVM,ryan25@example.net,2024-11-04,India,32,25-34,Other,Paid Social,2024-11,Active,2,20
978,Andrew Green,jbrown@example.org,2023-05-12,India,57,55+,Other,Direct,2023-05,At Risk,43,10
979,William Hoffman,fgraham@example.org,2023-07-07,Germany,34,25-34,Other,Direct,2023-07,At Risk,33,43
980,Brandon Oneill,uvasquez@example.org,2023-08-16,United States,36,35-44,Female,Referral,2023-08,Power User,4,73
981,Mary Lewis,marybrady@example.com,2024-03-06,India,35,35-44,Female,Affiliate,2024-03,Active,1,13
982,Danielle Jimenez,foxashley@example.com,2024-04-19,India,22,18-24,Male,Organic Search,2024-04,Active,15,11
983,Mrs. Jacqueline Hickman,clayanthony@example.net,2024-08-20,India,39,35-44,Other,Organic Search,2024-08,Active,0,36
984,Michael Castillo,hooderic@example.org,2023-07-19,United Kingdom,39,35-44,Other,Organic Search,2023-07,Power User,0,91
985,Tiffany Nguyen,brooke05@example.org,2024-06-26,India,24,18-24,Female,Organic Search,2024-06,Active,3,36
986,Robert Manning,jasonwilliams@example.net,2023-06-04,India,19,18-24,Male,Organic Search,2023-06,Active,16,16
987,Randy Ross,qdavis@example.org,2024-08-06,United Kingdom,18,18-24,Female,Referral,2024-08,Active,0,36
988,Paul Valdez,phelpsfrank@example.com,2023-07-04,India,25,25-34,Male,Email Campaign,2023-07,At Risk,66,13
989,Emily Cohen,evanslaurie@example.net,2023-07-01,Canada,16,Teen,Female,Referral,2023-07,Power User,29,43
990,Katherine Mcclure,michaeldavis@example.com,2023-10-08,United Kingdom,14,Teen,Male,Affiliate,2023-10,Active,1,12
991,Jay Richardson,madams@example.com,2023-06-12,Germany,13,Teen,Female,Organic Search,2023-06,Power User,3,87
992,Valerie Rhodes,ryansimmons@example.org,2023-05-13,UAE,31,25-34,Other,Referral,2023-05,Power User,0,92
993,Donna Kim,sarahrose@example.net,2024-03-15,United Kingdom,22,18-24,Female,Organic Search,2024-03,Active,6,37
994,Sarah Mills,ievans@example.net,2023-07-24,United States,33,25-34,Other,Organic Search,2023-07,Power User,3,45
995,Kayla Gutierrez,ashley81@example.org,2023-11-26,Germany,38,35-44,Other,Organic Search,2023-11,Active,18,33
996,Kevin Mack,kguerrero@example.com,2024-10-03,India,28,25-34,Other,Referral,2024-10,Active,2,16
997,Sarah Williams,wilsondorothy@example.org,2023-12-19,United States,54,45-54,Female,Organic Search,2023-12,Active,4,31
998,Jordan Santiago,tmcdowell@example.com,2024-08-25,Canada,20,18-24,Female,Affiliate,2024-08,Active,7,32
999,William Green,matthew23@example.org,2023-11-02,India,33,25-34,Female,Organic Search,2023-11,Power User,1,104
1000,Christopher Woods,hamiltonandrew@example.com,2024-06-20,Brazil,46,45-54,Female,Direct,2024-06,Active,13,14
1001,Elizabeth Li,vmelton@example.net,2023-05-18,Brazil,40,35-44,Female,Paid Social,2023-05,Active,3,27
1002,Adrian Rodriguez,hannah64@example.org,2023-07-12,United States,25,25-34,Male,Organic Search,2023-07,Active,14,38
1003,Matthew Santos,hortonjacob@example.org,2024-02-18,Brazil,23,18-24,Male,Direct,2024-02,Active,5,21
1004,Eric Ford,ywilkinson@example.net,2023-05-15,United States,30,25-34,Male,Direct,2023-05,At Risk,43,34
1005,Nancy Wallace,hhenderson@example.org,2023-06-23,UAE,38,35-44,Male,Organic Search,2023-06,At Risk,31,78
1006,Edward Gallegos,cruiz@example.net,2023-02-08,France,13,Teen,Female,Organic Search,2023-02,Power User,10,74
1007,Michelle Petty,awilliams@example.org,2024-07-01,Canada,41,35-44,Other,Organic Search,2024-07,Active,13,37
1008,Donna Freeman,mmclaughlin@example.net,2024-11-08,United States,26,25-34,Male,Email Campaign,2024-11,Active,4,16
1009,Susan Dillon,upalmer@example.net,2024-12-07,United Kingdom,25,25-34,Male,Paid Social,2024-12,Power User,0,81
1010,Kristen Adams,jenniferrice@example.com,2024-07-14,United States,20,18-24,Female,Organic Search,2024-07,Active,1,34
1011,Maria West,hsmall@example.com,2024-12-12,United States,39,35-44,Other,Paid Social,2024-12,Active,1,17
1012,Gregg Hall,ssmith@example.net,2024-11-08,Germany,42,35-44,Male,Organic Search,2024-11,Active,2,13
1013,Michelle Mcdonald,brianacohen@example.net,2024-09-12,India,29,25-34,Other,Affiliate,2024-09,Active,2,10
1014,Heather Kennedy,jennifer66@example.net,2023-04-18,Brazil,30,25-34,Other,Direct,2023-04,Active,11,13
1015,John Thompson,christycampbell@example.net,2023-04-27,United Kingdom,35,35-44,Male,Organic Search,2023-04,Power User,5,40
1016,Katherine Young,catherinegarcia@example.com,2023-09-27,Australia,44,35-44,Other,Direct,2023-09,Active,12,17
1017,Christopher Clayton,kiddmichael@example.com,2024-02-24,Brazil,34,25-34,Female,Referral,2024-02,Active,4,15
1018,Barbara Walker,romanmatthew@example.org,2023-08-01,Canada,23,18-24,Other,Affiliate,2023-08,Active,4,39
1019,Chris Vaughn,victoria50@example.net,2023-01-03,India,33,25-34,Male,Organic Search,2023-01,Active,10,34
1020,Tonya Campos,mccarthysara@example.com,2024-08-10,UAE,35,35-44,Other,Direct,2024-08,Active,4,12
1021,Amanda Garcia,harringtonchelsea@example.org,2024-06-07,United Kingdom,32,25-34,Male,Affiliate,2024-06,At Risk,32,12
1022,Michelle Gill,pittsrhonda@example.org,2023-09-20,Canada,39,35-44,Other,Organic Search,2023-09,Active,7,10
1023,Felicia Taylor,goconnor@example.org,2023-10-31,United States,23,18-24,Female,Affiliate,2023-10,Active,1,38
1024,Robert Peterson,scottperry@example.org,2023-06-28,Unknown,25,25-34,Male,Organic Search,2023-06,At Risk,45,16
1025,Maurice Hernandez,christopherwatson@example.com,2024-11-24,India,31,25-34,Female,Paid Social,2024-11,Active,0,36
1026,Jason Ellis,icobb@example.com,2023-02-16,India,39,35-44,Male,Organic Search,2023-02,At Risk,47,20
1027,Kelly Jones,sherry72@example.org,2023-06-24,Germany,31,25-34,Female,Paid Social,2023-06,At Risk,57,13
1028,Andrew Nielsen,leroy26@example.org,2024-09-28,Australia,40,35-44,Female,Organic Search,2024-09,Power User,1,45
1029,Rebecca Liu,rachelbrown@example.net,2023-12-17,Germany,32,25-34,Male,Organic Search,2023-12,Active,12,11
1030,Susan Smith,robert84@example.net,2024-04-12,United States,35,35-44,Female,Organic Search,2024-04,Active,13,16
1031,Mathew Clay,rachel92@example.net,2024-05-04,India,35,35-44,Female,Affiliate,2024-05,Active,1,19
1032,Craig Turner,zterry@example.net,2023-04-26,India,18,18-24,Male,Affiliate,2023-04,Active,20,15
1033,Beth Braun,medinapeter@example.net,2023-06-13,Brazil,24,18-24,Male,Direct,2023-06,Active,4,28
1034,Nicole Moore,jason88@example.com,2024-08-05,India,36,35-44,Other,Affiliate,2024-08,Active,2,16
1035,Raymond Barber,zamoraamber@example.com,2024-01-03,United States,34,25-34,Other,Paid Social,2024-01,Power User,5,80
1036,Heather Williams,dennismckenzie@example.com,2023-05-14,India,16,Teen,Female,Affiliate,2023-05,Power User,1,93
1037,William Trujillo,westashley@example.org,2024-02-26,United States,28,25-34,Female,Direct,2024-02,Active,2,34
1038,Brenda Gray,michaelmitchell@example.net,2023-11-18,UAE,37,35-44,Male,Email Campaign,2023-11,Active,9,26
1039,Heather Garcia,danielblack@example.org,2024-08-13,Brazil,35,35-44,Other,Direct,2024-08,Power User,3,92
1040,Stephen Alvarez,fpoole@example.org,2024-11-16,India,17,Teen,Female,Organic Search,2024-11,Active,1,15
1041,Justin Maxwell,rmiller@example.net,2024-09-25,France,37,35-44,Male,Paid Social,2024-09,Active,0,11
1042,Katherine Mcpherson,breanna67@example.net,2024-05-08,Brazil,36,35-44,Female,Email Campaign,2024-05,Active,3,12
1043,Walter Palmer,drewmartinez@example.net,2023-06-02,India,21,18-24,Other,Organic Search,2023-06,Power User,5,89
1044,Terry Wood,bensonstanley@example.org,2023-01-12,India,28,25-34,Other,Paid Social,2023-01,Dormant,126,16
1045,Dylan Mills,guzmanricky@example.org,2024-04-25,Australia,40,35-44,Female,Referral,2024-04,Power User,4,92
1046,Alfred Thomas,watsonvickie@example.com,2024-05-18,India,19,18-24,Female,Organic Search,2024-05,Active,25,15
1047,Robert Burns,twilliams@example.com,2023-02-21,Australia,34,25-34,Other,Referral,2023-02,Power User,0,75
1048,Kenneth Knight,kelleycarlos@example.org,2024-02-17,United Kingdom,40,35-44,Male,Referral,2024-02,Power User,1,68
1049,Kathy Murray,kimberly79@example.org,2024-08-09,UAE,32,25-34,Female,Referral,2024-08,Power User,3,72
1050,Robert Beck,jcontreras@example.net,2023-11-20,Australia,31,25-34,Male,Paid Social,2023-11,Power User,16,42
1051,Tina Wu,zhughes@example.com,2023-01-19,Germany,35,35-44,Male,Paid Social,2023-01,Power User,1,90
1052,Patricia Parker,debbie20@example.net,2024-07-16,Singapore,18,18-24,Male,Email Campaign,2024-07,Power User,0,93
1053,Nina Bernard,schneiderchristopher@example.net,2024-09-25,United States,36,35-44,Other,Referral,2024-09,Active,0,17
1054,Timothy White,karenshaw@example.org,2023-07-31,United Kingdom,38,35-44,Other,Organic Search,2023-07,Power User,2,46
1055,Lauren Miller,hilljamie@example.net,2024-01-08,United States,21,18-24,Male,Affiliate,2024-01,Power User,0,44
1056,Christopher Johnson,richard07@example.org,2023-12-06,Singapore,44,35-44,Other,Organic Search,2023-12,Active,11,13
1057,Dominique White,patrick11@example.org,2024-11-03,United Kingdom,31,25-34,Female,Affiliate,2024-11,Active,1,25
1058,Lucas Nguyen,moorestephanie@example.net,2024-11-05,India,43,35-44,Male,Organic Search,2024-11,Active,5,8
1059,Jason Nguyen,reeveskenneth@example.org,2024-10-10,Canada,36,35-44,Female,Referral,2024-10,Active,0,38
1060,Paul Willis,hdavid@example.org,2023-04-19,United States,23,18-24,Male,Affiliate,2023-04,Active,6,16
1061,Debra Flores,gromero@example.com,2024-02-24,Brazil,44,35-44,Male,Organic Search,2024-02,Active,18,21
1062,Susan Smith,bjones@example.com,2023-05-04,Brazil,38,35-44,Female,Direct,2023-05,Active,6,16
1063,Jason Miller,sanchezangela@example.org,2023-07-15,France,13,Teen,Other,Referral,2023-07,Power User,5,75
1064,Dr. Kimberly Henderson,kristathomas@example.net,2023-02-17,India,31,25-34,Other,Referral,2023-02,At Risk,31,15
1065,William Smith,dwilliams@example.net,2024-04-06,India,46,45-54,Female,Email Campaign,2024-04,Power User,2,84
1066,Gregory Chen,qnelson@example.net,2023-05-18,Unknown,45,45-54,Female,Organic Search,2023-05,Power User,9,40
1067,James Martinez,brandon89@example.org,2024-07-20,India,32,25-34,Female,Paid Social,2024-07,Active,1,38
1068,Jonathan Pham,jessicalutz@example.com,2024-06-04,UAE,24,18-24,Male,Direct,2024-06,Active,3,19
1069,Erica Clark,cynthia74@example.org,2023-05-12,Canada,36,35-44,Male,Organic Search,2023-05,Active,3,16
1070,Steven Chambers,allen20@example.net,2023-11-26,India,23,18-24,Other,Direct,2023-11,Active,6,32
1071,James Miller PhD,speters@example.net,2024-09-15,France,33,25-34,Other,Organic Search,2024-09,Active,4,20
1072,Caleb Stanton,ryanpatricia@example.net,2023-12-18,France,38,35-44,Female,Paid Social,2023-12,Power User,11,41
1073,Randy Terry,wcarey@example.com,2024-02-27,Brazil,26,25-34,Other,Organic Search,2024-02,Power User,0,93
1074,Daniel Smith,martinezmitchell@example.org,2023-11-03,France,29,25-34,Other,Direct,2023-11,Dormant,98,13
1075,Lori Stokes,erin53@example.org,2024-07-20,Brazil,29,25-34,Other,Email Campaign,2024-07,Active,1,28
1076,Johnathan Padilla,jimsnyder@example.com,2023-10-25,Unknown,24,18-24,Other,Organic Search,2023-10,Power User,8,96
1077,Sergio Carroll,adrianjoyce@example.net,2024-12-28,India,26,25-34,Other,Paid Social,2024-12,Power User,0,79
1078,Megan Morrison,mjackson@example.net,2024-07-09,India,28,25-34,Other,Organic Search,2024-07,Power User,1,81
1079,Timothy Foley,cameronanderson@example.org,2023-12-27,France,30,25-34,Other,Direct,2023-12,Power User,1,80
1080,Justin Gibson,james08@example.net,2024-11-14,India,35,35-44,Other,Direct,2024-11,Active,12,10
1081,Erica Richard,pdavidson@example.org,2024-06-30,United States,26,25-34,Female,Paid Social,2024-06,Power User,4,88
1082,Isaiah Blake,rhill@example.net,2023-01-14,India,27,25-34,Other,Paid Social,2023-01,Power User,1,78
1083,Aaron Lee,brandonhull@example.net,2023-02-24,Germany,36,35-44,Other,Organic Search,2023-02,At Risk,62,32
1084,Michael Rosario,beardlindsey@example.net,2023-06-14,India,31,25-34,Female,Paid Social,2023-06,Power User,16,40
1085,Anne Castillo,jamesmurphy@example.org,2023-03-05,UAE,30,25-34,Other,Organic Search,2023-03,Power User,3,43
1086,Danielle Wells,watkinsconnie@example.com,2024-07-08,United States,23,18-24,Male,Referral,2024-07,Active,0,14
1087,Patricia Harvey,marissa58@example.org,2024-09-22,Brazil,32,25-34,Other,Organic Search,2024-09,Active,2,18
1088,Sydney Bennett,garrettbeth@example.org,2024-10-24,India,55,55+,Other,Referral,2024-10,Power User,11,43
1089,Leslie Reynolds,pattonbryan@example.com,2024-12-13,India,30,25-34,Female,Paid Social,2024-12,Power User,0,44
1090,Jennifer Williamson,byrdanita@example.com,2024-01-26,United States,23,18-24,Female,Direct,2024-01,Active,22,29
1091,Jody Marshall,mhall@example.net,2024-12-02,India,46,45-54,Female,Paid Social,2024-12,Active,0,14
1092,Timothy Logan,nhobbs@example.org,2023-09-15,United Kingdom,28,25-34,Male,Affiliate,2023-09,Power User,20,46
1093,Adam Reeves,lholmes@example.org,2024-03-29,Australia,34,25-34,Male,Direct,2024-03,Active,25,12
1094,Jason Hardy,rebeccamartinez@example.net,2024-10-25,Brazil,13,Teen,Female,Email Campaign,2024-10,Active,3,16
1095,Eric Graham,ilopez@example.org,2024-09-09,UAE,30,25-34,Male,Paid Social,2024-09,Active,4,37
1096,Larry Carter,larry82@example.org,2023-10-29,Australia,18,18-24,Female,Paid Social,2023-10,Active,2,31
1097,Jonathon Conley,holmesdiane@example.org,2023-07-11,United States,39,35-44,Male,Direct,2023-07,At Risk,48,15
1098,Christina Jones,hendersonjames@example.org,2023-02-11,United States,27,25-34,Female,Paid Social,2023-02,At Risk,46,39
1099,Erin Lane,elizabethneal@example.com,2023-06-14,United States,28,25-34,Other,Direct,2023-06,Power User,21,51
1100,Shawn Lozano,christina65@example.org,2024-04-22,Singapore,28,25-34,Other,Organic Search,2024-04,Active,1,38
1101,David Hanson,arobinson@example.net,2023-11-27,United Kingdom,31,25-34,Other,Referral,2023-11,Active,3,32
1102,Jamie Ross,timothytate@example.com,2024-09-22,India,29,25-34,Other,Referral,2024-09,Active,7,22
1103,Brenda Alexander,coxcharles@example.org,2024-07-17,United States,32,25-34,Female,Affiliate,2024-07,Power User,0,43
1104,Daniel Green,bradley03@example.org,2024-06-22,India,21,18-24,Male,Organic Search,2024-06,Power User,6,74
1105,Christopher Green,matthewspencer@example.org,2024-06-01,India,26,25-34,Male,Organic Search,2024-06,Active,6,35
1106,Stacey Morgan,smitherica@example.com,2023-04-05,Singapore,38,35-44,Female,Email Campaign,2023-04,Power User,4,105
1107,Teresa Rowland,kevinallen@example.com,2023-12-06,United Kingdom,41,35-44,Female,Organic Search,2023-12,Active,1,25
1108,Thomas Norton,ejohns@example.org,2024-09-25,Unknown,26,25-34,Other,Organic Search,2024-09,Power User,0,53
1109,Vanessa Sanchez,amandabenson@example.com,2024-10-26,United Kingdom,26,25-34,Male,Direct,2024-10,Power User,0,56
1110,Charles Wright,hinesbrenda@example.net,2023-09-04,Germany,35,35-44,Other,Organic Search,2023-09,At Risk,39,39
1111,Brad Ruiz,monique89@example.com,2023-02-10,India,23,18-24,Other,Direct,2023-02,Power User,0,78
1112,Jacqueline Stone,jacksonpaul@example.net,2023-04-27,India,23,18-24,Female,Direct,2023-04,Active,13,32
1113,Dr. John Perkins,marcbrooks@example.net,2023-01-26,Australia,25,25-34,Other,Referral,2023-01,Power User,7,79
1114,Jennifer Torres,clarkpatricia@example.com,2024-06-04,United States,35,35-44,Female,Paid Social,2024-06,Active,11,28
1115,Brandy Miller,xduncan@example.com,2024-10-29,India,22,18-24,Male,Paid Social,2024-10,Power User,3,89
1116,Jose Rogers,ostone@example.net,2023-04-09,India,24,18-24,Male,Email Campaign,2023-04,At Risk,33,15
1117,Emily Reyes,amcdonald@example.com,2024-06-30,United States,25,25-34,Male,Paid Social,2024-06,Active,19,34
1118,Bradley Kirby,scottbaker@example.org,2024-10-06,United States,35,35-44,Male,Paid Social,2024-10,Power User,0,82
1119,Isaac Payne,hartmansara@example.org,2023-04-17,United Kingdom,26,25-34,Male,Email Campaign,2023-04,Active,15,15
1120,Patricia Bruce,james54@example.com,2024-03-21,Brazil,43,35-44,Other,Organic Search,2024-03,Power User,1,46
1121,Susan Smith,janicebolton@example.net,2024-12-03,India,32,25-34,Male,Organic Search,2024-12,Power User,1,84
1122,Norma Smith,juan56@example.com,2023-02-08,Canada,13,Teen,Male,Email Campaign,2023-02,At Risk,61,9
1123,Kara Black,michelleperez@example.net,2023-09-15,United Kingdom,13,Teen,Other,Referral,2023-09,Power User,18,53
1124,Emily Lopez,dsharp@example.com,2023-09-22,Unknown,31,25-34,Female,Organic Search,2023-09,Power User,10,44
1125,Charles Russo,cclark@example.net,2024-03-19,India,25,25-34,Female,Paid Social,2024-03,Power User,21,41
1126,Gina Barnes,sherry07@example.net,2024-07-01,Canada,33,25-34,Male,Paid Social,2024-07,Active,3,15
1127,Kevin Bradley,sfarmer@example.net,2024-08-22,India,26,25-34,Male,Paid Social,2024-08,Active,10,16
1128,Rebecca Mcintyre,weekseric@example.com,2024-05-29,Australia,42,35-44,Male,Organic Search,2024-05,Active,2,21
1129,James Wells,nbaird@example.com,2024-09-13,Australia,37,35-44,Male,Organic Search,2024-09,Active,6,14
1130,Michael Thompson,ashley74@example.org,2024-01-26,Singapore,47,45-54,Female,Paid Social,2024-01,Active,18,16
1131,Jasmin Harris,mjohnson@example.org,2023-06-10,India,31,25-34,Other,Organic Search,2023-06,Power User,8,45
1132,Adam Murphy,donna17@example.org,2024-07-12,Australia,31,25-34,Female,Organic Search,2024-07,Power User,0,42
1133,Karen Jones,hmyers@example.org,2024-11-24,United States,31,25-34,Other,Organic Search,2024-11,Power User,1,40
1134,Mary Moore,davidharris@example.com,2023-01-12,Singapore,33,25-34,Other,Organic Search,2023-01,Dormant,186,14
1135,William Griffin,briana87@example.com,2023-02-12,Canada,38,35-44,Male,Affiliate,2023-02,Power User,5,44
1136,Keith Henry,pjacobs@example.net,2024-07-14,Singapore,26,25-34,Male,Direct,2024-07,Active,1,16
1137,Stanley Bryant,vjohnston@example.org,2023-12-19,Germany,38,35-44,Male,Organic Search,2023-12,Power User,1,100
1138,Luke Reynolds,peter26@example.org,2024-06-08,France,44,35-44,Male,Paid Social,2024-06,Power User,1,54
1139,Jennifer Bautista,lbartlett@example.net,2023-09-16,Unknown,16,Teen,Male,Organic Search,2023-09,Power User,7,76
1140,Mary Jones,nicolemoore@example.net,2024-08-03,United States,27,25-34,Male,Direct,2024-08,Active,8,15
1141,Jacob Campos,reginajenkins@example.net,2024-07-16,Singapore,36,35-44,Female,Organic Search,2024-07,Power User,0,45
1142,Julia Jones,robert24@example.org,2024-11-18,India,29,25-34,Male,Organic Search,2024-11,Power User,1,48
1143,Jennifer Smith,vjames@example.com,2024-08-17,India,31,25-34,Female,Referral,2024-08,Power User,0,85
1144,Kari Jones,fletcherderek@example.net,2024-11-18,Unknown,13,Teen,Other,Paid Social,2024-11,Power User,0,40
1145,Sarah Jackson,jenniferkim@example.com,2023-03-13,Canada,35,35-44,Male,Direct,2023-03,Active,19,38
1146,Jeanne Jones,lawsongregory@example.org,2024-09-23,UAE,44,35-44,Other,Direct,2024-09,Active,0,15
1147,Miguel Stafford,byrderic@example.com,2024-08-02,Australia,22,18-24,Other,Organic Search,2024-08,Active,1,38
1148,Margaret Moran,scottwilliams@example.net,2024-03-14,United States,46,45-54,Male,Direct,2024-03,At Risk,65,14
1149,Amber Bennett,myerskyle@example.org,2023-08-15,UAE,41,35-44,Other,Email Campaign,2023-08,Active,29,22
1150,Alan Johnson,sarahbrooks@example.org,2024-01-04,Unknown,21,18-24,Male,Organic Search,2024-01,Active,28,15
1151,Tyler Davis,rogersjames@example.net,2024-05-06,India,42,35-44,Female,Paid Social,2024-05,Power User,2,87
1152,Gabriel Hart,jenniferwilliams@example.net,2024-05-13,India,28,25-34,Other,Affiliate,2024-05,Active,0,13
1153,Barbara Lewis,colleenvilla@example.com,2023-03-25,United Kingdom,13,Teen,Female,Paid Social,2023-03,Power User,0,91
1154,James Ellis,marcus06@example.net,2024-07-05,United Kingdom,30,25-34,Male,Paid Social,2024-07,Power User,3,97
1155,Austin Robinson,barrettjoshua@example.net,2023-03-20,India,39,35-44,Other,Organic Search,2023-03,Power User,3,87
1156,Wanda Jefferson,katrina71@example.net,2024-06-03,United States,31,25-34,Other,Affiliate,2024-06,Power User,0,64
1157,Miss Megan Compton,johnathandavis@example.com,2024-02-19,Canada,33,25-34,Other,Email Campaign,2024-02,Power User,10,74
1158,Samuel Olson,martinreid@example.net,2023-09-24,Canada,42,35-44,Other,Direct,2023-09,Active,18,10
1159,Natalie Gordon,andres97@example.com,2024-10-31,United States,29,25-34,Male,Paid Social,2024-10,Active,1,14
1160,Oscar Todd,hallchristina@example.org,2024-08-26,United Kingdom,31,25-34,Other,Paid Social,2024-08,Power User,4,45
1161,James May,brownnicholas@example.com,2024-05-28,India,44,35-44,Other,Email Campaign,2024-05,Power User,8,43
1162,Erin Ramirez,sandrageorge@example.com,2023-01-11,India,36,35-44,Other,Affiliate,2023-01,At Risk,36,13
1163,Nicole Perez,meyertiffany@example.net,2024-09-20,United Kingdom,33,25-34,Other,Organic Search,2024-09,Active,7,33
1164,Mary Wright,matthew38@example.org,2024-04-01,India,19,18-24,Male,Email Campaign,2024-04,Active,6,35
1165,Mark Brown,cathyjames@example.com,2024-11-06,Brazil,13,Teen,Male,Email Campaign,2024-11,Power User,0,92
1166,Brenda Harris,mjones@example.org,2024-01-03,India,23,18-24,Male,Organic Search,2024-01,Active,15,36
1167,Blake Hardy,thompsonana@example.org,2023-03-06,Germany,36,35-44,Female,Paid Social,2023-03,Power User,1,40
1168,David Mitchell,frank33@example.com,2023-07-31,India,18,18-24,Other,Referral,2023-07,Active,18,26
1169,Karen Tapia,mfaulkner@example.com,2024-04-25,United States,30,25-34,Female,Direct,2024-04,Active,3,34
1170,Leon Hamilton,raymond27@example.com,2024-10-26,United States,42,35-44,Female,Paid Social,2024-10,Power User,0,84
1171,Jessica Miller,lorileon@example.org,2024-10-10,Brazil,17,Teen,Female,Paid Social,2024-10,Active,0,19
1172,James Torres,brooke28@example.net,2024-07-11,Brazil,13,Teen,Other,Organic Search,2024-07,Active,5,31
1173,Miguel Gonzalez,nicholas97@example.org,2024-01-10,United States,27,25-34,Other,Direct,2024-01,Active,2,34
1174,Katherine Frost,adamhensley@example.net,2024-06-13,United States,41,35-44,Female,Paid Social,2024-06,Active,1,35
1175,Martin Chapman MD,xwaller@example.com,2024-06-12,Singapore,32,25-34,Female,Organic Search,2024-06,Active,10,14
1176,Phillip Krueger,riddledavid@example.net,2024-05-13,United Kingdom,35,35-44,Female,Organic Search,2024-05,Active,1,17
1177,James Coleman,william75@example.net,2023-05-23,United States,35,35-44,Female,Paid Social,2023-05,At Risk,61,17
1178,Megan Terry,johnjohnson@example.com,2024-10-20,Unknown,22,18-24,Female,Referral,2024-10,Active,0,17
1179,David Lane,josegibson@example.net,2024-01-06,Germany,22,18-24,Other,Organic Search,2024-01,Power User,6,83
1180,Janice Mccarthy,alexanderwise@example.net,2023-08-24,Canada,29,25-34,Female,Email Campaign,2023-08,At Risk,37,50
1181,Jeffery Holt,stonejacob@example.com,2024-05-08,Canada,37,35-44,Other,Organic Search,2024-05,Active,1,19
1182,Tammy Booth,uwillis@example.com,2023-06-15,United States,13,Teen,Other,Direct,2023-06,Active,1,38
1183,Debra Clark,fieldskimberly@example.com,2023-02-14,Brazil,18,18-24,Male,Referral,2023-02,Active,4,16
1184,April Jones,ahale@example.org,2024-10-06,India,24,18-24,Other,Paid Social,2024-10,Power User,0,88
1185,Carolyn Brooks,pwarren@example.com,2023-02-27,United States,26,25-34,Male,Affiliate,2023-02,Active,26,37
1186,Robert Lopez,jameswhite@example.org,2024-02-20,United States,32,25-34,Other,Organic Search,2024-02,Power User,3,73
1187,Steven Ortiz,bradylisa@example.org,2024-11-08,India,30,25-34,Female,Direct,2024-11,Active,1,9
1188,Caleb Brown,oneillgabriel@example.com,2024-09-13,India,26,25-34,Female,Direct,2024-09,Power User,0,78
1189,Alexandra Adams,richardstimothy@example.net,2024-02-25,United Kingdom,46,45-54,Other,Organic Search,2024-02,Active,24,14
1190,Joseph Smith,ortegakristina@example.org,2023-07-06,Singapore,31,25-34,Other,Organic Search,2023-07,Active,24,19
1191,Jacob Wu,sarah75@example.net,2024-12-03,UAE,33,25-34,Female,Email Campaign,2024-12,Active,0,19
1192,Vanessa Marks,lisa56@example.com,2023-03-12,Canada,37,35-44,Male,Paid Social,2023-03,At Risk,41,32
1193,Stacy Taylor,smithmonica@example.com,2023-01-17,Australia,24,18-24,Male,Referral,2023-01,Dormant,136,12
1194,Danielle Hayes,meltonjoshua@example.net,2024-12-01,Germany,47,45-54,Female,Direct,2024-12,Active,1,36
1195,Mark Mcmahon,qrobertson@example.org,2023-07-01,India,41,35-44,Female,Direct,2023-07,Power User,13,94
1196,Jeremy Lawson,allen50@example.net,2024-06-28,United States,32,25-34,Other,Paid Social,2024-06,Active,0,16
1197,Todd David,ystevenson@example.org,2024-11-06,Singapore,30,25-34,Male,Organic Search,2024-11,Active,3,23
1198,Elizabeth Lee,shatfield@example.org,2023-01-02,United Kingdom,41,35-44,Other,Paid Social,2023-01,Power User,0,81
1199,Bethany Robles,mollywalter@example.net,2024-01-15,United Kingdom,30,25-34,Male,Paid Social,2024-01,Active,26,31
1200,Tina Olson,marisa87@example.org,2024-05-08,Germany,34,25-34,Female,Paid Social,2024-05,Power User,4,76
1201,Ashley Holder,johnjackson@example.net,2024-12-14,Germany,29,25-34,Other,Direct,2024-12,Power User,0,45
1202,Connie Scott,martinsarah@example.com,2024-05-03,Australia,36,35-44,Male,Organic Search,2024-05,Power User,2,50
1203,Tammy Schultz,qlynn@example.org,2024-09-04,France,45,45-54,Other,Organic Search,2024-09,Active,2,15
1204,Tara Miranda,sdavis@example.com,2024-12-27,Germany,40,35-44,Other,Organic Search,2024-12,Power User,0,80
1205,Molly Valdez,schneidernicholas@example.net,2023-05-01,Singapore,19,18-24,Other,Organic Search,2023-05,Power User,0,76
1206,Brandon Davis,ostokes@example.com,2024-12-05,United States,36,35-44,Female,Referral,2024-12,Power User,0,80
1207,Erik James,juliewilson@example.com,2024-03-12,United States,28,25-34,Other,Organic Search,2024-03,Power User,20,43
1208,Veronica Flores,collinsbrittany@example.org,2024-07-02,Australia,20,18-24,Female,Direct,2024-07,Power User,1,86
1209,Courtney Foster,lauren28@example.net,2024-11-27,India,40,35-44,Female,Paid Social,2024-11,Active,0,35
1210,Mr. Kyle Thomas DDS,sstewart@example.org,2024-07-24,India,45,45-54,Female,Organic Search,2024-07,Active,2,39
1211,Zachary Mccarthy,georgekyle@example.net,2024-05-10,India,35,35-44,Female,Direct,2024-05,Power User,2,74
1212,Vincent Brown,nwelch@example.com,2024-12-23,Unknown,27,25-34,Female,Paid Social,2024-12,Active,0,15
1213,Tammy Parsons,eric33@example.net,2024-11-06,India,13,Teen,Male,Organic Search,2024-11,Active,6,17
1214,Caitlin Smith,tluna@example.net,2024-12-17,India,42,35-44,Male,Referral,2024-12,Active,0,21
1215,Norma Myers DDS,rrogers@example.com,2023-12-13,India,30,25-34,Other,Direct,2023-12,Active,4,37
1216,Frank Moody,justin38@example.com,2023-02-23,United Kingdom,30,25-34,Male,Paid Social,2023-02,Active,11,34
1217,Laura Ramos,hornjenna@example.com,2023-04-04,France,39,35-44,Male,Referral,2023-04,At Risk,37,32
1218,Paul Moss,jcarter@example.org,2023-04-01,India,21,18-24,Male,Email Campaign,2023-04,Power User,29,89
1219,Virginia Hernandez,coxmelissa@example.org,2024-09-15,United States,30,25-34,Male,Referral,2024-09,Power User,1,52
1220,William White,kshelton@example.org,2024-02-15,Brazil,25,25-34,Other,Direct,2024-02,At Risk,78,12
1221,Tracy Sims,wilsonzachary@example.com,2024-09-03,India,30,25-34,Male,Organic Search,2024-09,Power User,1,48
1222,Eric Carlson,hsanchez@example.org,2024-10-17,United States,22,18-24,Female,Direct,2024-10,Power User,0,90
1223,Megan Davis DDS,denisebennett@example.net,2024-11-03,India,13,Teen,Other,Organic Search,2024-11,Active,3,20
1224,Bryan Miller,phill@example.com,2024-09-05,United States,27,25-34,Other,Paid Social,2024-09,Active,0,36
1225,Kenneth Armstrong,gmay@example.org,2023-06-23,United Kingdom,42,35-44,Other,Organic Search,2023-06,Active,18,18
1226,Zachary Park,heather19@example.org,2023-01-01,Australia,33,25-34,Male,Organic Search,2023-01,At Risk,87,42
1227,Shannon Medina,ashley15@example.org,2024-02-14,India,20,18-24,Female,Organic Search,2024-02,Active,6,15
1228,Kimberly Burnett,bhess@example.com,2023-07-25,Germany,15,Teen,Other,Organic Search,2023-07,At Risk,83,10
1229,Rachel Martinez,lbrown@example.net,2023-04-03,India,22,18-24,Other,Paid Social,2023-04,Active,7,35
1230,Melissa Smith,tammymerritt@example.org,2024-08-19,Canada,36,35-44,Female,Organic Search,2024-08,Power User,0,80
1231,Daniel Martin,hmcbride@example.org,2023-08-20,Unknown,21,18-24,Other,Direct,2023-08,Active,28,31
1232,Heidi Stephens,melissa01@example.org,2024-02-18,United States,24,18-24,Other,Organic Search,2024-02,Power User,17,61
1233,Angel Bautista,qrowland@example.org,2024-06-02,Germany,39,35-44,Male,Direct,2024-06,Active,5,37
1234,Erik Bartlett DVM,donna72@example.net,2023-12-15,United States,35,35-44,Male,Organic Search,2023-12,At Risk,59,17
1235,Cole Evans,haileybates@example.org,2024-07-04,Germany,20,18-24,Other,Paid Social,2024-07,Active,17,7
1236,Destiny Daniel,susanguzman@example.org,2024-01-22,India,39,35-44,Other,Email Campaign,2024-01,Power User,6,104
1237,Steven Ross,qjones@example.com,2023-12-14,India,39,35-44,Female,Email Campaign,2023-12,Active,0,26
1238,Dalton Soto,duffyerica@example.net,2023-01-29,UAE,47,45-54,Female,Paid Social,2023-01,Power User,4,91
1239,Samantha Jacobs,wanda35@example.net,2024-10-10,United States,17,Teen,Male,Referral,2024-10,Active,4,14
1240,Victor Wright,uunderwood@example.com,2023-11-20,United States,14,Teen,Female,Referral,2023-11,Active,17,15
1241,Mark Cox,david18@example.com,2023-01-10,Brazil,32,25-34,Other,Organic Search,2023-01,Active,0,29
1242,James Novak,kimberly23@example.com,2023-04-06,Brazil,34,25-34,Female,Referral,2023-04,Dormant,153,14
1243,Nicholas Parker,ylynn@example.org,2023-03-19,Australia,22,18-24,Other,Organic Search,2023-03,Active,14,15
1244,Diane Nelson,wdavis@example.net,2023-12-29,Australia,24,18-24,Male,Organic Search,2023-12,Power User,4,40
1245,Robert Byrd,mosleygeorge@example.com,2024-11-30,UAE,39,35-44,Male,Organic Search,2024-11,Power User,0,43
1246,Jose Moore,iwoods@example.com,2023-09-05,United States,35,35-44,Female,Affiliate,2023-09,Active,2,14
1247,Nicholas Villegas,douglasbradley@example.com,2023-09-13,United Kingdom,37,35-44,Other,Referral,2023-09,At Risk,77,8
1248,William Lindsey,erikabarnes@example.com,2023-05-03,United States,47,45-54,Male,Organic Search,2023-05,Power User,14,44
1249,Robin Torres,joshua68@example.net,2024-09-20,Australia,21,18-24,Male,Organic Search,2024-09,Power User,6,48
1250,Madison Jones,mezarichard@example.com,2023-02-13,Unknown,37,35-44,Female,Affiliate,2023-02,Active,7,27
1251,Dustin Noble,shirleymartin@example.org,2024-08-11,India,33,25-34,Female,Organic Search,2024-08,Active,0,39
1252,Breanna Jimenez,haydenroger@example.net,2024-06-07,Brazil,22,18-24,Female,Organic Search,2024-06,Power User,2,112
1253,Jeffery Ferguson,sullivanchristina@example.net,2023-05-12,Germany,38,35-44,Male,Paid Social,2023-05,Active,6,33
1254,Traci Craig,john89@example.org,2024-07-07,United States,30,25-34,Male,Paid Social,2024-07,Power User,0,88
1255,Tiffany Henderson,gregoryrichardson@example.org,2024-12-03,India,21,18-24,Male,Organic Search,2024-12,Active,0,39
1256,Danielle Ryan,hjackson@example.com,2024-06-14,United Kingdom,48,45-54,Female,Organic Search,2024-06,Active,24,9
1257,Oscar Carroll,robertstimothy@example.com,2024-11-21,India,32,25-34,Male,Affiliate,2024-11,Active,3,35
1258,Stephanie Walls,sandrahickman@example.net,2024-01-06,United Kingdom,31,25-34,Other,Referral,2024-01,Power User,25,44
1259,Edwin Rodriguez,abrown@example.net,2023-09-27,India,15,Teen,Male,Organic Search,2023-09,Power User,4,40
1260,Jeffrey Gonzalez,pamela26@example.com,2023-12-18,Singapore,40,35-44,Female,Paid Social,2023-12,Active,2,31
1261,Matthew Perez,robertgentry@example.org,2024-03-05,India,33,25-34,Other,Affiliate,2024-03,At Risk,48,11
1262,Kimberly Adams,xbrooks@example.com,2024-02-15,Germany,14,Teen,Female,Email Campaign,2024-02,Active,7,34
1263,Paul Smith,cdouglas@example.org,2024-08-12,Australia,34,25-34,Other,Affiliate,2024-08,Active,0,34
1264,Patrick Santana,danielmitchell@example.org,2023-10-04,India,32,25-34,Male,Organic Search,2023-10,Power User,5,40
1265,Mrs. Katherine Simpson,elizabethvaughan@example.net,2023-07-20,India,41,35-44,Male,Organic Search,2023-07,Active,0,35
1266,Tammy Cameron,markduran@example.com,2024-04-29,United Kingdom,43,35-44,Male,Organic Search,2024-04,Power User,1,71
1267,Gregory Smith,ganderson@example.org,2024-10-07,Germany,36,35-44,Other,Paid Social,2024-10,Active,1,34
1268,Nancy Hamilton,brettgallegos@example.com,2024-05-13,United States,48,45-54,Female,Organic Search,2024-05,Active,27,17
1269,Monica Lopez,justin16@example.org,2023-02-18,India,33,25-34,Female,Direct,2023-02,Power User,1,90
1270,Christina Mccarthy,katie43@example.net,2023-08-09,India,36,35-44,Female,Paid Social,2023-08,Active,1,21
1271,Scott Fuller,hayneswayne@example.org,2024-04-05,Germany,22,18-24,Other,Direct,2024-04,Power User,7,47
1272,Corey Thomas,jeromeanderson@example.org,2024-07-27,India,43,35-44,Other,Organic Search,2024-07,Active,9,13
1273,Joseph Graves,jensenchristopher@example.org,2023-01-21,United Kingdom,31,25-34,Female,Direct,2023-01,At Risk,31,19
1274,Maria Torres,jeffreysimmons@example.org,2024-09-12,United Kingdom,35,35-44,Male,Organic Search,2024-09,Active,8,11
1275,Anthony Williams,michael56@example.org,2024-07-05,United Kingdom,16,Teen,Male,Paid Social,2024-07,Power User,6,42
1276,Terry Garcia,guerreromarc@example.com,2023-11-29,India,44,35-44,Other,Organic Search,2023-11,At Risk,49,12
1277,Brent Smith,johnnyhenry@example.com,2024-04-02,United States,43,35-44,Male,Organic Search,2024-04,Dormant,108,19
1278,Leah Jacobs,markfigueroa@example.com,2024-10-08,UAE,13,Teen,Male,Email Campaign,2024-10,Active,2,37
1279,Brian Soto,debraclark@example.com,2023-12-12,United Kingdom,20,18-24,Female,Direct,2023-12,Active,7,33
1280,Cheryl Griffin,williamstanya@example.net,2023-03-15,United States,21,18-24,Male,Affiliate,2023-03,Power User,3,67
1281,John Juarez,jonesamy@example.com,2023-11-21,Germany,34,25-34,Other,Paid Social,2023-11,Power User,7,74
1282,Stephanie Malone,bradleylee@example.net,2024-10-22,India,22,18-24,Female,Referral,2024-10,Power User,7,44
1283,Jason Velazquez,patricia71@example.com,2024-01-07,Germany,35,35-44,Other,Affiliate,2024-01,Power User,4,105
1284,Tyler Brown,jacksonjoshua@example.org,2024-02-28,United States,34,25-34,Male,Affiliate,2024-02,Active,26,34
1285,Kayla Jones,joysanders@example.net,2023-08-29,Canada,49,45-54,Other,Organic Search,2023-08,Power User,9,43
1286,Jennifer Nelson,ychristensen@example.net,2023-03-23,Brazil,21,18-24,Male,Organic Search,2023-03,Active,5,31
1287,Sherry Gibbs,adamarmstrong@example.net,2023-03-07,India,31,25-34,Female,Email Campaign,2023-03,At Risk,55,17
1288,Samuel Phillips,ugordon@example.net,2024-02-11,United Kingdom,22,18-24,Other,Referral,2024-02,Power User,8,41
1289,Dorothy Bowman,andrea23@example.org,2023-09-26,India,32,25-34,Other,Organic Search,2023-09,Active,21,38
1290,Wanda Clark,sara40@example.net,2024-02-04,United Kingdom,22,18-24,Female,Organic Search,2024-02,Active,25,17
1291,Erika Potts,smithmichael@example.net,2024-03-29,Canada,30,25-34,Other,Direct,2024-03,Active,15,17
1292,Anthony Cabrera,jennifer69@example.com,2023-06-24,Germany,25,25-34,Male,Organic Search,2023-06,Dormant,102,12
1293,Kimberly Irwin,jeffrey42@example.com,2023-11-30,United States,45,45-54,Female,Referral,2023-11,Power User,2,87
1294,Mark Munoz,sharphailey@example.net,2023-10-06,United States,36,35-44,Other,Referral,2023-10,Power User,3,86
1295,Mark Garrison,lisawalker@example.com,2024-12-15,United States,35,35-44,Other,Organic Search,2024-12,Active,0,36
1296,Jackie Barrera,omoore@example.net,2024-10-08,United States,47,45-54,Other,Email Campaign,2024-10,Active,1,16
1297,John Blair,crawfordstephen@example.org,2024-06-20,India,21,18-24,Other,Paid Social,2024-06,At Risk,31,10
1298,Chelsea Thomas,andrew22@example.com,2023-12-22,Germany,42,35-44,Female,Paid Social,2023-12,Power User,1,84
1299,Joseph Acosta,psanchez@example.com,2024-03-28,Australia,37,35-44,Female,Paid Social,2024-03,At Risk,35,17
1300,Adam Rivas,morrisonnicholas@example.org,2023-11-07,India,29,25-34,Male,Organic Search,2023-11,Power User,7,99
1301,Mark Smith,andersonkayla@example.com,2023-05-20,United Kingdom,25,25-34,Female,Email Campaign,2023-05,Power User,1,40
1302,Sarah Miller,rosariodaniel@example.net,2024-12-05,United States,29,25-34,Female,Referral,2024-12,Power User,0,88
1303,Elizabeth Mendoza,timothyhart@example.com,2023-01-10,India,20,18-24,Female,Affiliate,2023-01,Power User,9,44
1304,Alisha Williams,brianholt@example.net,2023-01-08,India,15,Teen,Other,Direct,2023-01,Power User,10,43
1305,Allison Simmons,curtis62@example.org,2024-07-28,United States,24,18-24,Female,Paid Social,2024-07,Active,0,35
1306,Stephen Carson,michaelmitchell@example.net,2024-10-23,Canada,48,45-54,Female,Organic Search,2024-10,Power User,0,78
1307,Tyler Howard,vasquezvicki@example.org,2023-03-23,Brazil,34,25-34,Female,Email Campaign,2023-03,Power User,6,89
1308,Jeffrey Rogers,david10@example.net,2024-09-19,India,32,25-34,Other,Paid Social,2024-09,Active,3,36
1309,Lori Mitchell,erinhernandez@example.net,2024-06-28,Canada,15,Teen,Female,Referral,2024-06,Power User,7,47
1310,Rita Dawson,nelsonvictor@example.com,2023-07-06,India,21,18-24,Male,Paid Social,2023-07,Power User,2,88
1311,Bridget Hernandez,mccormickmichelle@example.org,2024-09-24,India,50,45-54,Female,Affiliate,2024-09,Power User,0,74
1312,Ashley Simmons,ygriffith@example.com,2023-07-12,UAE,41,35-44,Female,Referral,2023-07,At Risk,63,50
1313,Heather Snyder,duane52@example.org,2024-07-01,United States,23,18-24,Male,Direct,2024-07,Active,5,16
1314,Felicia Pham,asteele@example.net,2023-10-03,United Kingdom,31,25-34,Male,Email Campaign,2023-10,Active,14,13
1315,Kim Underwood,patrickdunn@example.net,2023-08-27,United States,31,25-34,Male,Paid Social,2023-08,Power User,1,99
1316,Paula Shepherd,tmiller@example.com,2023-12-17,United States,30,25-34,Female,Referral,2023-12,At Risk,55,14
1317,Samuel Cox,jacquelineyoung@example.org,2024-01-16,India,35,35-44,Female,Email Campaign,2024-01,Active,17,15
1318,Heather Atkinson,hrosario@example.org,2023-03-24,Brazil,44,35-44,Male,Organic Search,2023-03,Active,11,13
1319,Susan Sanchez,kenneththomas@example.net,2023-03-15,United States,35,35-44,Other,Referral,2023-03,Power User,22,49
1320,Jamie Johnson,briantaylor@example.net,2023-09-14,India,36,35-44,Female,Email Campaign,2023-09,Power User,1,43
1321,Angela Monroe,swatson@example.org,2023-09-12,India,34,25-34,Female,Direct,2023-09,Active,19,20
1322,Adam Guerra,anthonydiaz@example.org,2023-02-04,United Kingdom,13,Teen,Male,Email Campaign,2023-02,At Risk,69,14
1323,Nicole Hale,lhernandez@example.com,2024-06-17,Germany,24,18-24,Other,Paid Social,2024-06,Active,1,38
1324,Donna Moore,theodore57@example.net,2024-11-28,United States,27,25-34,Female,Referral,2024-11,Power User,0,74
1325,Ronnie Frazier,munozglenn@example.org,2023-02-13,United States,38,35-44,Other,Organic Search,2023-02,At Risk,56,14
1326,Michelle Henderson,qspencer@example.net,2023-09-17,United States,32,25-34,Female,Organic Search,2023-09,At Risk,33,13
1327,Beth Lewis,josephdavis@example.com,2023-02-23,United States,34,25-34,Other,Organic Search,2023-02,Active,3,31
1328,Lisa Jones,robinsonisaiah@example.net,2024-10-10,United Kingdom,34,25-34,Female,Paid Social,2024-10,Power User,1,100
1329,James Brown,pwoods@example.net,2023-10-10,Australia,34,25-34,Other,Referral,2023-10,Active,29,38
1330,Jack Maxwell,deborah34@example.org,2023-01-10,Australia,40,35-44,Male,Referral,2023-01,Active,0,37
1331,Daniel Smith,anthony42@example.net,2024-12-05,United States,51,45-54,Other,Email Campaign,2024-12,Power User,0,91
1332,William Cunningham,jacob30@example.org,2023-09-12,India,39,35-44,Male,Referral,2023-09,Active,28,17
1333,Alejandra Kelly,uwilliams@example.org,2023-12-13,United Kingdom,32,25-34,Other,Organic Search,2023-12,Active,12,15
1334,Molly Dickson,susan83@example.com,2023-06-07,Australia,25,25-34,Other,Referral,2023-06,Power User,1,42
1335,Robert Hernandez,riverapeggy@example.net,2024-05-14,India,29,25-34,Male,Affiliate,2024-05,Power User,0,83
1336,Michael Miller,cwoods@example.com,2024-10-22,India,23,18-24,Female,Organic Search,2024-10,Power User,0,42
1337,Martha Mack,cisnerosjesse@example.org,2023-07-17,India,29,25-34,Male,Paid Social,2023-07,Power User,9,81
1338,Kelly Mack,victoriamason@example.net,2023-05-18,United Kingdom,25,25-34,Female,Paid Social,2023-05,Active,11,32
1339,Scott Jordan,vfloyd@example.com,2024-03-24,United States,31,25-34,Other,Direct,2024-03,Active,20,35
1340,Christian Burton,nallen@example.net,2023-07-14,India,20,18-24,Other,Organic Search,2023-07,At Risk,41,16
1341,Emily Dillon,adavis@example.org,2024-04-24,United Kingdom,32,25-34,Female,Referral,2024-04,Active,11,18
1342,Candice Ramirez,portershawn@example.org,2024-07-21,Singapore,40,35-44,Male,Organic Search,2024-07,Active,2,31
1343,Deanna Kennedy,michael12@example.net,2023-10-30,India,32,25-34,Female,Organic Search,2023-10,Active,14,16
1344,Katherine Cox,kathryn72@example.org,2024-10-15,Canada,18,18-24,Other,Organic Search,2024-10,Active,2,11
1345,Ryan Crane,richard92@example.com,2023-01-20,Singapore,26,25-34,Other,Direct,2023-01,Power User,5,89
1346,Shawn Fleming,christopher68@example.com,2023-09-02,India,29,25-34,Female,Organic Search,2023-09,Power User,0,95
1347,Samuel Roberts,figueroajohn@example.net,2024-07-05,India,24,18-24,Female,Referral,2024-07,Active,15,21
1348,Joel Davis,ashleynash@example.org,2024-07-18,France,19,18-24,Male,Affiliate,2024-07,Active,19,37
1349,Christopher Rodriguez,imcdonald@example.com,2024-10-18,Singapore,39,35-44,Female,Organic Search,2024-10,Active,10,17
1350,Evan Davies,mtate@example.com,2023-03-10,India,13,Teen,Male,Organic Search,2023-03,Active,19,19
1351,Jesse Gardner,vlewis@example.com,2023-02-02,Germany,28,25-34,Male,Referral,2023-02,Active,3,35
1352,Victoria Schroeder,nthomas@example.com,2023-02-02,United States,13,Teen,Other,Organic Search,2023-02,Active,19,30
1353,Cindy Lewis,mayermichael@example.com,2024-05-16,United States,44,35-44,Other,Organic Search,2024-05,Active,2,22
1354,Christopher Thomas,cisnerosgabriela@example.com,2023-02-20,United States,36,35-44,Female,Paid Social,2023-02,At Risk,60,12
1355,Mckenzie Green,richard47@example.com,2023-01-14,India,35,35-44,Male,Organic Search,2023-01,Dormant,178,16
1356,Elizabeth Gonzalez,davisrachel@example.com,2023-03-23,Germany,26,25-34,Female,Referral,2023-03,Power User,13,81
1357,Tracie Kim,iolson@example.net,2024-07-25,United States,29,25-34,Other,Email Campaign,2024-07,Active,9,29
1358,Nathan Lane,jmorrow@example.net,2024-01-13,United States,27,25-34,Other,Direct,2024-01,Active,4,39
1359,Nancy Stewart,mariodowns@example.net,2024-06-25,France,31,25-34,Male,Organic Search,2024-06,Active,10,14
1360,Ashley Cordova,peggypeck@example.com,2023-03-21,India,31,25-34,Male,Paid Social,2023-03,Active,24,36
1361,Terri Mathews DDS,ubaker@example.org,2023-08-25,United States,35,35-44,Other,Email Campaign,2023-08,Power User,22,40
1362,Joshua Martin,johnsonjulie@example.org,2024-11-03,United States,26,25-34,Male,Affiliate,2024-11,Power User,0,90
1363,Laura Smith,nrobinson@example.org,2024-07-25,United States,34,25-34,Other,Referral,2024-07,Active,20,14
1364,Mariah Bryant,allen48@example.org,2024-10-15,UAE,35,35-44,Other,Organic Search,2024-10,Power User,1,89
1365,Pamela Wilson,ibell@example.com,2024-11-12,Germany,42,35-44,Female,Organic Search,2024-11,Power User,0,45
1366,Kimberly James,stephenbrooks@example.net,2023-07-04,United States,13,Teen,Other,Referral,2023-07,Active,23,16
1367,Susan Garcia,swalters@example.net,2023-06-11,France,22,18-24,Other,Organic Search,2023-06,Dormant,104,9
1368,Timothy Garcia,shafferdale@example.net,2023-12-27,India,45,45-54,Female,Organic Search,2023-12,Active,0,35
1369,Sarah Lewis,schultzwesley@example.org,2024-01-16,Singapore,25,25-34,Female,Direct,2024-01,Power User,3,76
1370,Tiffany Bell,harnold@example.org,2023-11-28,Canada,20,18-24,Other,Paid Social,2023-11,Power User,25,40
1371,Jennifer Ayers,pgutierrez@example.net,2024-01-20,United States,44,35-44,Other,Paid Social,2024-01,Power User,1,41
1372,Ryan Pope,williamadams@example.net,2024-04-08,India,47,45-54,Female,Paid Social,2024-04,Active,6,18
1373,Alexander Gibbs,anunez@example.com,2023-02-05,United Kingdom,37,35-44,Female,Referral,2023-02,Active,29,19
1374,Jenna Jensen,matthew96@example.org,2023-11-06,India,23,18-24,Male,Paid Social,2023-11,Active,19,35
1375,Todd Myers,zpoole@example.net,2023-11-19,Australia,38,35-44,Male,Referral,2023-11,Active,2,36
1376,Brett Owen,richardflores@example.org,2023-10-10,United Kingdom,21,18-24,Other,Direct,2023-10,Power User,7,46
1377,Sara Moore,welchkristen@example.net,2024-08-08,Germany,20,18-24,Male,Referral,2024-08,Active,9,22
1378,Randy Hernandez,james10@example.com,2023-06-09,Unknown,30,25-34,Male,Paid Social,2023-06,Active,0,11
1379,Jesse Welch,armstronganthony@example.net,2023-09-13,United Kingdom,14,Teen,Male,Referral,2023-09,Power User,3,44
1380,Danielle Deleon,jacob34@example.org,2024-08-07,Germany,30,25-34,Female,Organic Search,2024-08,Power User,3,96
1381,Timothy Burton,qtownsend@example.org,2023-03-21,United Kingdom,29,25-34,Other,Email Campaign,2023-03,Power User,8,44
1382,Douglas Kline,rodriguezsara@example.org,2024-05-14,India,19,18-24,Other,Referral,2024-05,Active,19,17
1383,John Johnson,jonesmegan@example.org,2023-04-08,United Kingdom,31,25-34,Other,Paid Social,2023-04,Active,7,16
1384,Jaime Edwards,tuckerconnie@example.org,2024-08-13,India,31,25-34,Female,Organic Search,2024-08,Active,3,15
1385,Christopher Bradley,lstokes@example.com,2023-12-09,UAE,33,25-34,Female,Referral,2023-12,Active,1,35
1386,Mr. Joshua Moore,wilsonmatthew@example.com,2023-05-04,Brazil,39,35-44,Male,Paid Social,2023-05,Active,4,39
1387,Kelly Hodges,sara39@example.org,2023-01-12,Australia,19,18-24,Other,Email Campaign,2023-01,Power User,0,92
1388,Charles Miller,michellewilson@example.org,2023-11-09,India,33,25-34,Other,Organic Search,2023-11,Active,5,31
1389,Juan Phillips,josepholson@example.org,2023-06-03,India,50,45-54,Female,Paid Social,2023-06,Active,20,23
1390,Craig Mathis,zgraham@example.org,2023-02-21,United States,42,35-44,Other,Referral,2023-02,Active,8,38
1391,Robert Mckay,suzanne19@example.net,2024-04-01,India,31,25-34,Other,Organic Search,2024-04,Active,4,32
1392,Denise Flores,chamilton@example.com,2024-03-18,India,19,18-24,Female,Paid Social,2024-03,Active,5,20
1393,Steven Weiss,lawsonruben@example.net,2023-12-11,United States,40,35-44,Male,Direct,2023-12,Power User,8,86
1394,Jason Munoz,cjackson@example.net,2024-07-15,Singapore,36,35-44,Female,Organic Search,2024-07,Power User,0,72
1395,Cody Sanchez,raymond12@example.com,2024-03-20,India,51,45-54,Other,Direct,2024-03,Power User,0,51
1396,Fernando Smith,dianewatson@example.com,2024-07-26,Canada,17,Teen,Male,Affiliate,2024-07,Active,0,38
1397,Janice Guzman,jason95@example.org,2023-07-20,Unknown,22,18-24,Other,Email Campaign,2023-07,Active,2,37
1398,Rhonda Powers,dakotaramirez@example.net,2023-09-10,UAE,40,35-44,Male,Organic Search,2023-09,Active,6,32
1399,Christina Williams,bfleming@example.com,2023-11-28,India,23,18-24,Other,Direct,2023-11,At Risk,46,10
1400,Jesse Guzman,rjimenez@example.com,2024-11-18,India,24,18-24,Female,Direct,2024-11,Active,4,16
1401,Richard Johnston,byoung@example.com,2023-11-25,United Kingdom,38,35-44,Female,Affiliate,2023-11,Active,6,18
1402,Joseph Rose,buckjustin@example.com,2023-11-09,Australia,23,18-24,Male,Paid Social,2023-11,Active,5,37
1403,Jennifer Turner,deanna17@example.org,2024-03-28,United States,31,25-34,Other,Organic Search,2024-03,Active,5,29
1404,Katherine Williams,karen61@example.net,2023-08-28,Singapore,32,25-34,Male,Paid Social,2023-08,Active,1,36
1405,Barbara Brooks,heather77@example.net,2023-03-29,Australia,22,18-24,Male,Direct,2023-03,Active,3,37
1406,Wyatt Callahan,johnsonbrandon@example.org,2024-09-27,Germany,28,25-34,Male,Affiliate,2024-09,Active,12,21
1407,Robin Cabrera,fperez@example.org,2023-01-15,United Kingdom,13,Teen,Female,Organic Search,2023-01,Active,14,37
1408,Amanda Williams,villamiranda@example.com,2024-04-05,United States,31,25-34,Female,Referral,2024-04,Power User,7,46
1409,Christopher Taylor,charles59@example.com,2024-07-04,Australia,17,Teen,Male,Organic Search,2024-07,Power User,3,48
1410,Stacy Church,uwilson@example.org,2023-09-22,India,25,25-34,Other,Direct,2023-09,Active,23,18
1411,Cynthia Woods,qwalsh@example.org,2023-05-25,UAE,34,25-34,Other,Paid Social,2023-05,Power User,3,76
1412,Mr. Ralph Dawson,ubray@example.net,2024-08-19,Brazil,33,25-34,Other,Organic Search,2024-08,Active,0,34
1413,Wesley Brown,angelica33@example.net,2023-03-03,Singapore,26,25-34,Female,Paid Social,2023-03,At Risk,37,14
1414,Brian Clark,santiagotaylor@example.com,2023-10-05,United States,29,25-34,Male,Organic Search,2023-10,Power User,1,87
1415,Jonathan Sloan,kathleen47@example.net,2023-03-10,India,33,25-34,Female,Paid Social,2023-03,Power User,4,53
1416,Kayla Deleon,sabrinacruz@example.com,2024-11-06,United States,32,25-34,Female,Direct,2024-11,Active,1,12
1417,Sergio Wong,caseyhenderson@example.net,2024-10-26,Brazil,35,35-44,Female,Direct,2024-10,Active,9,19
1418,Steven Lopez,stevenrodriguez@example.org,2024-12-27,Singapore,23,18-24,Male,Affiliate,2024-12,Active,0,18
1419,Timothy Miller,alvarezalyssa@example.com,2024-09-03,United States,32,25-34,Other,Referral,2024-09,Power User,0,47
1420,Gene Alexander,zlewis@example.net,2024-04-13,India,50,45-54,Other,Paid Social,2024-04,Active,15,39
1421,James Wheeler,corey66@example.org,2023-09-11,Brazil,41,35-44,Other,Direct,2023-09,Active,23,16
1422,David Rodriguez,gstone@example.net,2023-06-10,Australia,19,18-24,Male,Direct,2023-06,At Risk,62,36
1423,Joseph Hill,brownaustin@example.com,2024-10-02,Singapore,40,35-44,Female,Paid Social,2024-10,Active,4,12
1424,Sherry Adams,gmyers@example.org,2024-05-28,Germany,38,35-44,Female,Organic Search,2024-05,Active,8,15
1425,Kyle Gross,georgeharris@example.net,2024-02-01,Unknown,31,25-34,Male,Organic Search,2024-02,Power User,8,44
1426,Eric Knox,lopezrebecca@example.net,2023-08-19,United States,29,25-34,Male,Direct,2023-08,Active,5,17
1427,Steven Thomas,georgemaldonado@example.org,2023-05-21,United States,32,25-34,Male,Organic Search,2023-05,Active,6,39
1428,Dennis Jones,waderonnie@example.org,2024-11-25,India,42,35-44,Other,Affiliate,2024-11,Power User,0,91
1429,Shane Kennedy,wheelertara@example.net,2024-03-03,United Kingdom,42,35-44,Male,Referral,2024-03,Active,22,11
1430,Kelly Jackson,fuentesashley@example.com,2023-11-16,Brazil,29,25-34,Other,Affiliate,2023-11,Active,13,16
1431,John Bell,kimberlygarcia@example.net,2023-07-31,India,41,35-44,Other,Direct,2023-07,Active,0,20
1432,Harold Mckinney,elizabeth45@example.com,2023-07-27,United States,40,35-44,Male,Direct,2023-07,Active,16,34
1433,Alicia Irwin,rrodriguez@example.net,2024-06-20,Germany,39,35-44,Male,Organic Search,2024-06,Power User,6,44
1434,Kenneth Dominguez,donnathomas@example.com,2023-05-29,India,28,25-34,Other,Email Campaign,2023-05,At Risk,32,35
1435,Troy Fowler,vhoward@example.org,2023-11-22,Germany,22,18-24,Male,Referral,2023-11,Active,19,31
1436,Thomas Bailey,natalie87@example.net,2023-05-02,Singapore,23,18-24,Male,Paid Social,2023-05,Active,8,35
1437,Kevin Miles,peter64@example.com,2023-01-31,Australia,34,25-34,Female,Paid Social,2023-01,At Risk,42,12
1438,Wayne Porter,hamiltonspencer@example.com,2024-02-26,United States,31,25-34,Female,Paid Social,2024-02,Power User,1,41
1439,Mary Torres,stevenhernandez@example.com,2024-10-14,United States,40,35-44,Other,Referral,2024-10,Power User,0,42
1440,Douglas Watkins,calvin40@example.com,2023-04-20,United Kingdom,29,25-34,Male,Referral,2023-04,At Risk,46,9
1441,April King,freemanadam@example.com,2024-09-18,India,29,25-34,Other,Email Campaign,2024-09,Active,0,39
1442,Michelle Thomas,natasha88@example.org,2023-08-25,Canada,30,25-34,Other,Referral,2023-08,Active,9,32
1443,John Gomez,ryanhull@example.com,2024-01-03,United States,25,25-34,Male,Paid Social,2024-01,At Risk,32,11
1444,Linda Thompson,ghenderson@example.com,2024-05-29,Brazil,36,35-44,Other,Referral,2024-05,Power User,0,47
1445,Randall Wright,ushelton@example.net,2023-07-08,United States,38,35-44,Female,Paid Social,2023-07,Power User,2,76
1446,Keith Fuller,tspencer@example.com,2023-07-17,United Kingdom,23,18-24,Male,Paid Social,2023-07,Active,3,12
1447,Joseph Benson,nicholasliu@example.com,2023-01-16,United Kingdom,38,35-44,Female,Email Campaign,2023-01,Active,7,18
1448,Julia Gaines,taylor67@example.com,2024-11-18,United States,29,25-34,Male,Organic Search,2024-11,Active,2,25
1449,Elizabeth Sanchez,bernardrobert@example.org,2024-03-25,India,24,18-24,Other,Paid Social,2024-03,Power User,5,46
1450,Ryan Martinez,david89@example.com,2024-04-13,India,35,35-44,Male,Organic Search,2024-04,Active,3,18
1451,Anthony Brown,fordkathryn@example.net,2024-09-14,Germany,22,18-24,Other,Email Campaign,2024-09,Power User,0,91
1452,Melissa Lin,cookconnor@example.com,2024-02-08,United Kingdom,29,25-34,Other,Paid Social,2024-02,Active,0,34
1453,Meredith Black,yangemily@example.net,2024-07-03,United States,25,25-34,Other,Referral,2024-07,Power User,5,73
1454,Elizabeth Collins,rtaylor@example.net,2023-02-09,India,33,25-34,Other,Email Campaign,2023-02,Active,19,11
1455,Aaron Munoz,shaffercindy@example.org,2023-02-13,India,42,35-44,Male,Organic Search,2023-02,Power User,0,88
1456,Ross Wallace,meyerjohn@example.org,2023-02-10,United States,26,25-34,Other,Paid Social,2023-02,Active,4,39
1457,Dr. Sarah Payne,howekevin@example.com,2023-02-20,Germany,33,25-34,Male,Referral,2023-02,Dormant,94,17
1458,Mark Lopez,nvillarreal@example.org,2023-11-08,United States,30,25-34,Female,Email Campaign,2023-11,Power User,0,67
1459,John Roberts,georgeharmon@example.net,2024-09-19,Australia,33,25-34,Male,Organic Search,2024-09,Active,19,22
1460,James Marsh,haleytrevor@example.net,2024-04-19,Brazil,31,25-34,Other,Organic Search,2024-04,Power User,1,72
1461,Jim Elliott,bbutler@example.org,2023-04-26,Germany,36,35-44,Male,Paid Social,2023-04,Power User,19,42
1462,Lisa Williams,carpenteraustin@example.net,2024-12-13,United States,26,25-34,Other,Direct,2024-12,Power User,0,86
1463,Christopher Mason,sydney77@example.com,2024-04-06,India,23,18-24,Male,Paid Social,2024-04,Power User,3,43
1464,Carrie Hernandez,michaelmccarthy@example.com,2024-12-30,India,24,18-24,Male,Organic Search,2024-12,Active,0,33
1465,James Hendricks,stephen24@example.net,2023-11-28,United Kingdom,14,Teen,Other,Paid Social,2023-11,At Risk,79,11
1466,Laura Pennington,ebennett@example.net,2023-06-17,UAE,19,18-24,Other,Email Campaign,2023-06,Active,2,38
1467,Luis Powell,david59@example.net,2024-12-24,United States,29,25-34,Female,Paid Social,2024-12,Active,0,37
1468,Brian Villa,johnsonjessica@example.org,2024-12-25,India,28,25-34,Female,Paid Social,2024-12,Power User,0,44
1469,Ashley Gilmore,omorris@example.net,2024-09-18,India,33,25-34,Male,Direct,2024-09,Active,20,17
1470,David Johnson,acampos@example.org,2023-06-24,India,31,25-34,Female,Organic Search,2023-06,Active,6,37
1471,Tammy Morris,alexandernicholas@example.net,2023-06-03,UAE,32,25-34,Male,Organic Search,2023-06,Active,14,33
1472,Christina Henry,ogray@example.net,2024-12-30,India,42,35-44,Male,Email Campaign,2024-12,Active,0,10
1473,Cheryl Perkins,jeremiah26@example.net,2024-04-01,India,33,25-34,Female,Direct,2024-04,Active,3,31
1474,Jason Payne,harrislisa@example.org,2023-05-15,India,28,25-34,Male,Referral,2023-05,Power User,4,91
1475,Kathleen Collier,petersonfaith@example.net,2023-01-13,Australia,29,25-34,Female,Email Campaign,2023-01,Active,15,15
1476,Sarah Solis,wmason@example.net,2023-01-06,India,32,25-34,Other,Paid Social,2023-01,Power User,6,41
1477,Bethany Holmes,ypatterson@example.org,2024-08-25,United States,20,18-24,Other,Paid Social,2024-08,Power User,1,90
1478,Alison Nicholson,wilsonjerry@example.net,2023-03-23,Germany,32,25-34,Other,Organic Search,2023-03,Active,1,15
1479,Shane Moore,sandra46@example.net,2024-07-14,United States,36,35-44,Female,Referral,2024-07,Power User,0,50
1480,Kathryn Ross,charles93@example.net,2023-08-01,Canada,38,35-44,Male,Organic Search,2023-08,Power User,2,46
1481,Thomas Baker,gardnerpatricia@example.net,2023-12-24,United Kingdom,19,18-24,Male,Organic Search,2023-12,Active,11,32
1482,Phillip Taylor,johnsonrobert@example.org,2024-08-14,India,31,25-34,Other,Organic Search,2024-08,Power User,1,42
1483,Travis Strong,sandra03@example.com,2023-02-20,Singapore,27,25-34,Male,Email Campaign,2023-02,Active,14,34
1484,Lisa Miller,reedchad@example.com,2024-11-19,India,29,25-34,Female,Paid Social,2024-11,Active,2,16
1485,Andrew Romero,rpotts@example.net,2024-09-01,Singapore,27,25-34,Other,Organic Search,2024-09,Active,0,39
1486,Allison Casey,ryan43@example.org,2024-04-11,France,33,25-34,Other,Paid Social,2024-04,Active,7,34
1487,Alicia Olson,amandadalton@example.net,2023-04-06,Australia,20,18-24,Female,Paid Social,2023-04,Active,24,15
1488,Jeffery Taylor,scannon@example.org,2023-03-11,India,35,35-44,Female,Email Campaign,2023-03,Active,30,19
1489,Greg Hull,nwilson@example.com,2024-04-27,Singapore,41,35-44,Male,Direct,2024-04,Power User,12,58
1490,Paul Morton,jessechapman@example.org,2023-12-04,India,35,35-44,Other,Paid Social,2023-12,Power User,3,46
1491,Anthony Brown,ritteralexis@example.net,2023-08-03,United States,22,18-24,Other,Referral,2023-08,Active,2,39
1492,Matthew Sanchez,cwhite@example.com,2024-10-06,United Kingdom,27,25-34,Other,Direct,2024-10,Power User,0,92
1493,Billy Wright,david67@example.net,2024-12-06,United States,25,25-34,Other,Organic Search,2024-12,Power User,0,41
1494,Shannon Wallace,troymoss@example.com,2023-10-22,India,24,18-24,Female,Referral,2023-10,Power User,13,78
1495,Steven Flores,shelly84@example.net,2024-06-22,Canada,40,35-44,Other,Affiliate,2024-06,Power User,1,95
1496,Katelyn Miller,brownrachel@example.net,2023-05-13,India,26,25-34,Other,Paid Social,2023-05,Power User,0,40
1497,Christine Watson,maureenmeyer@example.com,2024-10-09,Brazil,42,35-44,Female,Organic Search,2024-10,Active,0,36
1498,Jordan Wilson,barryyoung@example.com,2024-09-16,India,21,18-24,Male,Affiliate,2024-09,Active,7,33
1499,Elizabeth Hanna,rhuff@example.com,2023-01-02,United States,18,18-24,Male,Organic Search,2023-01,Power User,8,96
1500,James Wallace,ramirezchelsea@example.com,2023-05-01,United States,36,35-44,Other,Organic Search,2023-05,Power User,6,43
1501,Mary Johnson,jamielopez@example.com,2024-02-29,India,30,25-34,Female,Paid Social,2024-02,Active,26,20
1502,Leslie Todd,sharon95@example.com,2024-10-14,India,29,25-34,Male,Paid Social,2024-10,Active,5,16
1503,Tanya Goodwin,jessica96@example.com,2023-10-16,Unknown,33,25-34,Female,Organic Search,2023-10,Active,4,7
1504,William Nichols,transtephanie@example.net,2024-06-02,UAE,45,45-54,Other,Referral,2024-06,Power User,0,78
1505,Tyler Mcdonald,karmstrong@example.net,2024-12-03,United Kingdom,21,18-24,Female,Organic Search,2024-12,Power User,0,93
1506,Angela Wright,davidsmith@example.net,2024-09-22,Australia,17,Teen,Male,Paid Social,2024-09,Active,0,39
1507,Derrick King,matthew60@example.net,2023-12-13,Singapore,39,35-44,Other,Affiliate,2023-12,At Risk,35,50
1508,Sarah Wallace,martinezashley@example.com,2023-02-06,India,33,25-34,Other,Organic Search,2023-02,Power User,3,77
1509,Dr. Daniel Brown,gonzalessteven@example.com,2024-04-16,United States,33,25-34,Other,Organic Search,2024-04,Active,7,13
1510,Jessica Scott,hillcheryl@example.com,2024-02-28,United States,32,25-34,Other,Paid Social,2024-02,Active,11,15
1511,Bridget Williamson,jordan72@example.org,2024-08-01,France,13,Teen,Other,Paid Social,2024-08,Power User,4,44
1512,Shannon Riley,halldiamond@example.org,2023-01-20,UAE,29,25-34,Male,Referral,2023-01,Power User,0,72
1513,Vanessa Smith DVM,tranjeremy@example.net,2023-12-29,Australia,23,18-24,Male,Direct,2023-12,Power User,9,40
1514,Billy Wallace,amber09@example.org,2023-02-01,Brazil,13,Teen,Female,Paid Social,2023-02,Power User,6,47
1515,Melanie Jones,youngmark@example.com,2023-06-19,Australia,43,35-44,Other,Email Campaign,2023-06,Active,22,17
1516,Richard Rogers,jliu@example.org,2023-04-30,Brazil,37,35-44,Female,Direct,2023-04,At Risk,37,33
1517,Elizabeth Johnson,xmerritt@example.com,2023-02-02,United States,46,45-54,Female,Organic Search,2023-02,Power User,4,90
1518,Daniel Edwards,bradley29@example.org,2023-09-01,United States,22,18-24,Female,Affiliate,2023-09,Power User,30,43
1519,Brittany Farmer,shelby69@example.org,2023-08-10,United States,36,35-44,Other,Referral,2023-08,Active,2,28
1520,Yolanda Mccoy,friedmansusan@example.org,2023-02-08,United Kingdom,24,18-24,Male,Organic Search,2023-02,Active,16,12
1521,Lisa Hopkins,hryan@example.net,2023-01-26,India,17,Teen,Female,Affiliate,2023-01,Power User,0,79
1522,David Sanchez,mstewart@example.net,2023-12-15,France,30,25-34,Female,Affiliate,2023-12,Active,29,16
1523,Nicholas Beard,jerry51@example.net,2023-12-02,Singapore,39,35-44,Male,Paid Social,2023-12,Active,13,17
1524,Martha Jacobs,christopher88@example.org,2024-06-12,United Kingdom,30,25-34,Other,Affiliate,2024-06,Power User,3,77
1525,Victoria Frost,ohartman@example.net,2023-02-07,India,28,25-34,Female,Paid Social,2023-02,Power User,6,88
1526,Lisa Flynn,kimberlyrussell@example.net,2023-04-29,Unknown,27,25-34,Male,Organic Search,2023-04,Active,0,31
1527,Brittany Snyder,lee16@example.com,2024-08-31,France,39,35-44,Male,Organic Search,2024-08,Power User,0,43
1528,Jason Cannon,rachelwalter@example.org,2023-04-16,United Kingdom,35,35-44,Other,Organic Search,2023-04,Active,12,11
1529,Allison Jackson,inewton@example.org,2023-01-24,Germany,38,35-44,Other,Referral,2023-01,At Risk,51,15
1530,Heather Morales,andersonmichelle@example.com,2023-08-03,France,37,35-44,Female,Referral,2023-08,Active,19,19
1531,Lisa Mcknight,jenniferwilson@example.com,2024-06-29,United States,27,25-34,Female,Referral,2024-06,Active,1,35
1532,Lynn Yang,jonessamantha@example.com,2023-10-07,Brazil,24,18-24,Male,Referral,2023-10,At Risk,49,9
1533,Clifford Cannon,eroberts@example.net,2024-09-29,United States,27,25-34,Other,Paid Social,2024-09,Power User,0,91
1534,Matthew Gray,hernandezalan@example.net,2023-12-25,UAE,39,35-44,Other,Organic Search,2023-12,Active,6,15
1535,Raymond Hall,uthompson@example.net,2024-12-22,Australia,28,25-34,Female,Direct,2024-12,Power User,0,41
1536,Lauren Anthony,kpeterson@example.net,2023-11-15,India,19,18-24,Other,Affiliate,2023-11,Power User,7,44
1537,Tiffany Williams,ymitchell@example.com,2023-02-21,United Kingdom,25,25-34,Male,Referral,2023-02,Active,10,31
1538,Gregory Martin,russellramirez@example.net,2023-02-21,India,25,25-34,Male,Paid Social,2023-02,At Risk,79,17
1539,Thomas Zhang,joshua73@example.org,2024-02-06,United Kingdom,24,18-24,Male,Direct,2024-02,Power User,0,98
1540,Juan Romero,middletonelizabeth@example.org,2024-10-06,Singapore,48,45-54,Other,Affiliate,2024-10,Power User,0,48
1541,Chloe Freeman,anthonyorr@example.net,2023-11-16,Singapore,25,25-34,Female,Referral,2023-11,Active,1,38
1542,Jeremy Martinez,woodjuan@example.net,2024-11-17,United States,34,25-34,Other,Referral,2024-11,Active,0,38
1543,Sarah Wallace,hphillips@example.net,2024-04-21,United Kingdom,27,25-34,Other,Referral,2024-04,Active,15,14
1544,Monique Wilson MD,fsnyder@example.org,2024-12-16,Canada,21,18-24,Female,Email Campaign,2024-12,Power User,0,50
1545,Jonathon Hill,garnerjeffrey@example.org,2024-10-21,Germany,35,35-44,Other,Email Campaign,2024-10,Power User,1,45
1546,Timothy Bauer,mannleroy@example.org,2023-08-18,India,44,35-44,Male,Affiliate,2023-08,Power User,2,93
1547,Danielle Willis,james80@example.net,2024-01-08,Canada,59,55+,Female,Referral,2024-01,Power User,4,86
1548,Mr. Jonathan Anderson,emilybaker@example.org,2023-12-05,United States,20,18-24,Female,Referral,2023-12,Active,12,19
1549,Jeffrey Henry,tapiamercedes@example.net,2024-05-01,India,48,45-54,Male,Direct,2024-05,Active,1,15
1550,James Silva,jenniferwilliams@example.net,2023-06-24,United States,24,18-24,Female,Organic Search,2023-06,Active,4,17
1551,Mary Henry,todd24@example.org,2023-05-11,United Kingdom,13,Teen,Other,Paid Social,2023-05,Power User,1,79
1552,Daniel Mccarty,iharper@example.com,2023-04-20,Germany,31,25-34,Female,Organic Search,2023-04,Active,0,19
1553,Audrey Marshall,robert75@example.org,2023-11-06,United States,45,45-54,Other,Paid Social,2023-11,Active,4,36
1554,Stephen Larsen,donna56@example.net,2023-09-02,Unknown,34,25-34,Other,Organic Search,2023-09,Active,1,36
1555,Derek Lewis,rburke@example.org,2024-05-08,France,18,18-24,Female,Referral,2024-05,At Risk,39,36
1556,Evan Myers,xbrown@example.com,2024-12-11,United States,36,35-44,Other,Paid Social,2024-12,Active,1,20
1557,Nicholas Morgan,qcoleman@example.org,2024-08-03,India,26,25-34,Female,Organic Search,2024-08,Active,9,17
1558,Kimberly Chan,parkerrobert@example.net,2024-11-09,India,36,35-44,Other,Referral,2024-11,Active,0,32
1559,Joshua Clements,gouldchristina@example.com,2024-08-10,Australia,22,18-24,Female,Organic Search,2024-08,Active,13,16
1560,Harold Miranda,langchristopher@example.net,2023-11-30,India,32,25-34,Other,Organic Search,2023-11,Active,4,20
1561,Victoria Massey,penaapril@example.com,2023-11-12,Brazil,30,25-34,Female,Organic Search,2023-11,At Risk,53,17
1562,Susan Rivera,oheath@example.com,2024-09-02,Unknown,25,25-34,Female,Organic Search,2024-09,Active,1,34
1563,Alejandro Bentley,angelawright@example.org,2023-03-04,United States,50,45-54,Male,Organic Search,2023-03,Power User,10,40
1564,Eric Hall,masonlacey@example.org,2024-08-17,United Kingdom,18,18-24,Other,Paid Social,2024-08,Active,25,13
1565,Bonnie Yang,arthurbrady@example.com,2024-11-07,United States,23,18-24,Male,Organic Search,2024-11,Active,2,11
1566,Pamela Perry,michelle11@example.net,2024-09-22,Australia,28,25-34,Other,Email Campaign,2024-09,Active,0,20
1567,Kevin Myers,newtonamber@example.org,2023-11-21,France,45,45-54,Female,Direct,2023-11,Active,5,35
1568,Donald Harris,kristen68@example.net,2023-11-08,Unknown,38,35-44,Female,Referral,2023-11,Active,5,10
1569,Brandon Rasmussen,tanya97@example.com,2023-04-02,United States,23,18-24,Other,Paid Social,2023-04,Active,6,34
1570,Willie Luna,timothy88@example.org,2024-02-18,United States,39,35-44,Male,Email Campaign,2024-02,Active,20,20
1571,Allison Wise,kathryn17@example.org,2024-07-16,India,32,25-34,Male,Paid Social,2024-07,Power User,1,103
1572,Evelyn Pacheco,kwood@example.org,2024-01-03,United Kingdom,37,35-44,Male,Organic Search,2024-01,Active,8,20
1573,Angela Powell,davisgary@example.com,2023-08-29,Unknown,37,35-44,Female,Direct,2023-08,Power User,2,89
1574,Johnny Jenkins,kmills@example.org,2023-11-22,Unknown,56,55+,Other,Organic Search,2023-11,Power User,4,87
1575,Jennifer Smith,mary05@example.net,2024-07-12,France,24,18-24,Male,Paid Social,2024-07,Power User,4,40
1576,Dr. David Murray MD,karinorton@example.net,2023-07-12,Unknown,32,25-34,Other,Email Campaign,2023-07,Power User,3,75
1577,Peter Martin,morseronald@example.org,2024-03-03,United Kingdom,44,35-44,Male,Organic Search,2024-03,Active,2,18
1578,Jeff Jackson,martinsamuel@example.org,2023-05-09,United States,35,35-44,Male,Direct,2023-05,At Risk,47,12
1579,Edward Graham,jtaylor@example.com,2023-05-28,Canada,22,18-24,Other,Direct,2023-05,Dormant,97,14
1580,Jacqueline Santos,jennifer48@example.com,2023-05-20,United States,33,25-34,Male,Organic Search,2023-05,Active,17,16
1581,Jacqueline Munoz,kellycohen@example.net,2024-04-11,UAE,20,18-24,Other,Direct,2024-04,Active,18,19
1582,Sarah Taylor,vford@example.net,2023-07-04,India,40,35-44,Female,Direct,2023-07,Power User,0,50
1583,Austin Rowland,asmith@example.org,2024-04-05,United States,26,25-34,Female,Organic Search,2024-04,Active,16,12
1584,Brandon Weber,jacqueline31@example.net,2024-09-11,United States,32,25-34,Male,Paid Social,2024-09,Power User,1,40
1585,Adrian Lee,carlfields@example.org,2023-08-31,India,27,25-34,Other,Email Campaign,2023-08,Active,28,18
1586,Marcus Powell,lori69@example.net,2024-07-13,India,28,25-34,Other,Direct,2024-07,Active,0,37
1587,Nicholas Ramirez,ann31@example.net,2024-08-04,United States,42,35-44,Female,Referral,2024-08,Power User,0,85
1588,Janet Johnston,anne28@example.net,2024-05-08,UAE,28,25-34,Other,Organic Search,2024-05,Active,18,36
1589,Richard Hays,tammy97@example.org,2024-06-23,United Kingdom,41,35-44,Female,Email Campaign,2024-06,Active,4,34
1590,Shannon Morris,noblechristina@example.org,2024-09-16,Unknown,27,25-34,Male,Email Campaign,2024-09,Power User,2,46
1591,Erin Mason,taylorlindsay@example.com,2024-11-10,Australia,21,18-24,Other,Email Campaign,2024-11,Active,0,34
1592,Heather Roberson,allenphillip@example.com,2024-08-16,Singapore,43,35-44,Female,Organic Search,2024-08,Active,1,11
1593,Sandra Dawson,alyssa93@example.org,2024-07-01,United States,36,35-44,Male,Affiliate,2024-07,Power User,5,79
1594,Melissa Grant,fcastro@example.net,2024-04-25,Germany,25,25-34,Other,Organic Search,2024-04,At Risk,36,27
1595,Savannah Townsend,lpearson@example.org,2023-10-29,United States,43,35-44,Female,Paid Social,2023-10,Active,12,16
1596,Tammie Lee,jessica39@example.net,2024-09-03,France,38,35-44,Other,Paid Social,2024-09,Power User,1,76
1597,Cory Willis,harold03@example.com,2023-09-24,Brazil,29,25-34,Male,Paid Social,2023-09,Power User,9,97
1598,Lisa Johnson,clinton54@example.net,2024-08-09,Singapore,33,25-34,Male,Organic Search,2024-08,Power User,0,50
1599,Denise Brown,darlene60@example.net,2024-10-01,United States,45,45-54,Male,Direct,2024-10,Active,1,18
1600,Katherine Wells,roysara@example.net,2024-06-01,United States,17,Teen,Male,Affiliate,2024-06,Active,4,36
1601,Noah Pitts,johnsonanthony@example.net,2023-05-16,India,28,25-34,Other,Organic Search,2023-05,Active,10,18
1602,Mark Brown,christopherflowers@example.org,2023-01-15,India,13,Teen,Other,Paid Social,2023-01,Power User,8,44
1603,Nancy Cook,hodgejoshua@example.org,2024-08-28,United States,39,35-44,Other,Organic Search,2024-08,Active,0,25
1604,Kelli Shepard,rachael29@example.net,2023-06-29,India,32,25-34,Female,Referral,2023-06,Active,28,33
1605,Corey Juarez,qbutler@example.net,2023-07-05,Canada,24,18-24,Other,Paid Social,2023-07,Active,2,39
1606,Lee Barker,jessicamiller@example.com,2023-03-28,United Kingdom,45,45-54,Male,Organic Search,2023-03,At Risk,35,22
1607,Justin Wilson,vthompson@example.org,2024-05-22,Germany,30,25-34,Female,Affiliate,2024-05,Power User,2,67
1608,Julie Wilson,scarroll@example.org,2024-03-26,France,27,25-34,Other,Paid Social,2024-03,Active,16,15
1609,Tracy Wang,whitechristopher@example.com,2023-12-20,United Kingdom,36,35-44,Male,Email Campaign,2023-12,Active,11,18
1610,Terri Parker,robinsonnicholas@example.org,2023-04-29,Australia,45,45-54,Male,Direct,2023-04,Active,6,35
1611,Michael Thompson,julierojas@example.com,2023-11-05,United States,34,25-34,Female,Paid Social,2023-11,Power User,1,76
1612,Curtis Krause,annettegutierrez@example.org,2024-06-29,Germany,30,25-34,Male,Organic Search,2024-06,Power User,0,93
1613,Jack Barton,heidi41@example.com,2024-04-30,UAE,31,25-34,Female,Paid Social,2024-04,Active,3,39
1614,Ruben Cruz,rgallegos@example.org,2023-01-13,United States,24,18-24,Female,Direct,2023-01,Active,15,6
1615,Rebecca Clark,victoriahamilton@example.net,2024-11-25,India,25,25-34,Female,Direct,2024-11,Power User,0,83
1616,Andre Wilson,christopher34@example.org,2023-02-12,France,31,25-34,Male,Referral,2023-02,Power User,11,88
1617,James Chapman,thomasmcdonald@example.com,2024-03-18,India,31,25-34,Other,Paid Social,2024-03,Active,2,16
1618,Aimee Fisher,morrisdaniel@example.com,2023-12-10,India,38,35-44,Female,Organic Search,2023-12,Active,0,39
1619,John Lopez,matthew12@example.com,2024-11-01,India,17,Teen,Other,Direct,2024-11,Active,3,31
1620,Jessica Ross,gonzaleschristina@example.net,2023-09-05,India,29,25-34,Other,Paid Social,2023-09,Active,24,38
1621,Mr. Andrew Hickman,johnnybrooks@example.com,2024-06-16,Singapore,30,25-34,Female,Paid Social,2024-06,Power User,3,97
1622,Jeffery Adams,kathrynsantana@example.net,2023-11-17,India,33,25-34,Other,Direct,2023-11,At Risk,36,16
1623,Eric Carlson,kwatkins@example.net,2023-03-11,United States,33,25-34,Male,Affiliate,2023-03,Power User,16,40
1624,Gary Choi,stephaniebradley@example.org,2024-12-02,India,26,25-34,Female,Organic Search,2024-12,Active,4,11
1625,Christopher Smith,parkerkatie@example.com,2023-09-15,India,26,25-34,Male,Organic Search,2023-09,At Risk,44,30
1626,David Harris,jamesjackson@example.com,2023-02-28,United States,34,25-34,Other,Referral,2023-02,Power User,14,43
1627,Jacqueline Woods,ramseyeric@example.net,2024-09-05,United States,34,25-34,Other,Organic Search,2024-09,Active,16,17
1628,John Bennett,cory86@example.net,2023-03-30,United States,33,25-34,Other,Referral,2023-03,Active,14,36
1629,Fernando Mcconnell,wmccarthy@example.org,2024-10-25,United States,40,35-44,Other,Paid Social,2024-10,Power User,0,73
1630,Jessica Long,smejia@example.net,2023-04-24,Singapore,16,Teen,Other,Email Campaign,2023-04,Active,30,29
1631,Stephen Thompson,reedelizabeth@example.net,2024-11-07,United Kingdom,33,25-34,Male,Paid Social,2024-11,Active,0,38
1632,Nicole Melendez,mikemorgan@example.org,2023-10-11,India,21,18-24,Female,Organic Search,2023-10,Active,4,9
1633,Brandon Cruz,devinlopez@example.org,2023-11-28,United States,31,25-34,Female,Email Campaign,2023-11,Active,13,32
1634,Karen Green,ronaldmitchell@example.com,2023-03-05,India,25,25-34,Female,Organic Search,2023-03,At Risk,82,39
1635,Ashley Drake,zwhite@example.net,2023-09-22,United States,23,18-24,Female,Referral,2023-09,Power User,13,78
1636,Carl Hunter,gina16@example.org,2023-07-25,India,20,18-24,Other,Paid Social,2023-07,Active,7,14
1637,Raymond Turner,psmith@example.net,2023-04-22,France,38,35-44,Male,Email Campaign,2023-04,At Risk,33,42
1638,Priscilla Joseph,judy19@example.com,2024-09-20,UAE,14,Teen,Other,Organic Search,2024-09,Active,2,19
1639,Sheila Miller,daniel26@example.net,2023-09-23,Brazil,31,25-34,Male,Email Campaign,2023-09,Active,5,30
1640,Jose Mendez,rogerssarah@example.net,2023-09-14,India,36,35-44,Female,Organic Search,2023-09,Power User,3,43
1641,Sean Stevens,dgraham@example.com,2024-10-30,United States,33,25-34,Other,Affiliate,2024-10,Active,2,15
1642,Michael Wang,smallgina@example.com,2024-02-04,United Kingdom,14,Teen,Female,Paid Social,2024-02,Active,0,20
1643,Jeremy Evans,danielsguy@example.com,2024-02-05,India,30,25-34,Other,Email Campaign,2024-02,Active,5,33
1644,Jennifer Thompson,larsonmichael@example.org,2024-05-17,Canada,41,35-44,Female,Organic Search,2024-05,Active,0,33
1645,Donald Bonilla,martinezduane@example.com,2023-03-13,United Kingdom,33,25-34,Other,Affiliate,2023-03,Power User,17,44
1646,Laura Williams,samanthaberger@example.net,2024-12-06,Canada,31,25-34,Female,Paid Social,2024-12,Power User,0,44
1647,Sonia Reyes,nathan29@example.net,2024-01-03,Australia,16,Teen,Female,Organic Search,2024-01,Active,15,39
1648,Alex Clements,morgandana@example.com,2024-10-09,United States,20,18-24,Other,Direct,2024-10,Active,9,14
1649,Laura Cooley,jennifer16@example.org,2023-12-15,United States,14,Teen,Male,Direct,2023-12,Active,21,10
1650,Philip Kim,heatherwilliams@example.net,2023-10-24,Brazil,39,35-44,Other,Organic Search,2023-10,Power User,1,40
1651,Christopher Mitchell,joshuapowers@example.net,2024-01-29,India,32,25-34,Other,Referral,2024-01,Active,12,17
1652,Denise Ford,russellandrew@example.com,2023-04-20,United States,50,45-54,Other,Email Campaign,2023-04,Power User,0,79
1653,Arthur Roberts,colton30@example.net,2024-10-09,United Kingdom,32,25-34,Female,Direct,2024-10,Power User,0,44
1654,James Spears,omatthews@example.net,2023-07-17,UAE,21,18-24,Male,Referral,2023-07,Active,19,22
1655,Scott Porter,cooperluis@example.com,2024-05-15,Germany,30,25-34,Female,Paid Social,2024-05,Power User,2,44
1656,Laura Miller,emilyscott@example.org,2023-11-12,United States,23,18-24,Female,Direct,2023-11,Power User,5,80
1657,William Wood,whoffman@example.org,2024-04-05,India,37,35-44,Male,Email Campaign,2024-04,Active,26,14
1658,Kevin Weber,karen77@example.org,2023-02-13,France,28,25-34,Female,Paid Social,2023-02,At Risk,48,14
1659,Diane Manning,wperry@example.org,2024-11-14,United States,20,18-24,Other,Referral,2024-11,Power User,0,70
1660,Sarah Davis,nicholasmedina@example.com,2024-07-03,Germany,39,35-44,Male,Organic Search,2024-07,Active,6,15
1661,Christopher Waters,jasonrodriguez@example.com,2023-03-15,India,18,18-24,Male,Paid Social,2023-03,Active,21,17
1662,Kyle Flores,wpierce@example.org,2023-01-20,United States,21,18-24,Female,Paid Social,2023-01,At Risk,43,26
1663,Courtney Powell,crystal58@example.net,2023-09-06,India,30,25-34,Other,Paid Social,2023-09,Power User,0,42
1664,Cassandra Roberts,cmitchell@example.org,2024-10-09,United States,34,25-34,Male,Referral,2024-10,Power User,0,40
1665,Jennifer Barnes,kathryn21@example.com,2023-04-10,France,41,35-44,Female,Organic Search,2023-04,Power User,12,48
1666,Kathy Miller,danamontgomery@example.org,2023-03-07,Canada,39,35-44,Male,Organic Search,2023-03,Power User,10,87
1667,Keith Kennedy,udougherty@example.net,2024-09-22,Germany,44,35-44,Male,Organic Search,2024-09,Active,8,27
1668,Martha Arnold,craneandrew@example.net,2023-12-12,India,36,35-44,Other,Direct,2023-12,Power User,7,75
1669,Cynthia Kennedy,melissamartin@example.com,2024-12-01,India,17,Teen,Other,Direct,2024-12,Active,1,34
1670,Joel Sanchez,marcuscarter@example.org,2023-08-07,India,29,25-34,Male,Email Campaign,2023-08,At Risk,42,10
1671,Kathryn Rodriguez,yfritz@example.org,2023-05-04,India,41,35-44,Female,Organic Search,2023-05,At Risk,39,97
1672,Andrea Goodman,monica23@example.com,2024-12-14,United Kingdom,17,Teen,Female,Organic Search,2024-12,Active,1,18
1673,Jason Green,ecamacho@example.com,2024-08-18,India,27,25-34,Male,Organic Search,2024-08,Power User,1,41
1674,Jessica Carey,baldwincatherine@example.net,2024-10-09,Germany,31,25-34,Other,Organic Search,2024-10,Active,1,9
1675,Heidi Moran,carterraymond@example.net,2024-05-13,United States,25,25-34,Male,Paid Social,2024-05,Active,20,36
1676,Dennis Bryan,hpatterson@example.org,2023-04-02,India,37,35-44,Other,Paid Social,2023-04,Power User,8,79
1677,Thomas Pope,bowenmichael@example.net,2024-03-02,India,35,35-44,Other,Referral,2024-03,Active,14,31
1678,Steven Vasquez,josephrivera@example.net,2024-12-09,Brazil,34,25-34,Male,Paid Social,2024-12,Active,0,12
1679,Richard Lyons,katherinepeterson@example.net,2024-06-19,Germany,32,25-34,Female,Paid Social,2024-06,Active,10,17
1680,Daniel Wood,brooke22@example.net,2024-09-17,India,27,25-34,Other,Paid Social,2024-09,Active,8,33
1681,Karen Gonzales,jennifer42@example.net,2024-05-26,United States,24,18-24,Other,Affiliate,2024-05,Active,5,17
1682,James Walsh,eric22@example.net,2023-11-05,Brazil,40,35-44,Female,Paid Social,2023-11,At Risk,44,36
1683,Deanna Griffith,rosalesbrandy@example.org,2023-07-16,United States,37,35-44,Male,Affiliate,2023-07,Active,11,37
1684,Laurie Mason,kwoods@example.com,2024-09-25,Canada,20,18-24,Female,Email Campaign,2024-09,Active,2,24
1685,Mr. James Barnett,nicholas72@example.net,2024-06-03,India,16,Teen,Male,Direct,2024-06,Active,3,29
1686,Lee Daniel,petersonkyle@example.org,2023-08-02,United States,35,35-44,Female,Paid Social,2023-08,Active,5,33
1687,Margaret Smith,santosmichael@example.com,2023-06-02,United Kingdom,48,45-54,Other,Direct,2023-06,Active,13,17
1688,Brett Rivera,judithcox@example.org,2024-05-24,United Kingdom,40,35-44,Male,Organic Search,2024-05,Active,7,33
1689,Angela Yates,nelsonsuzanne@example.net,2023-02-25,India,22,18-24,Other,Paid Social,2023-02,Power User,8,92
1690,Patrick Norris,pknight@example.org,2023-09-15,United Kingdom,25,25-34,Female,Paid Social,2023-09,Active,13,22
1691,Lee Arnold,jeremylove@example.org,2024-04-09,India,34,25-34,Male,Paid Social,2024-04,Active,21,11
1692,Brandi Turner,pauljessica@example.org,2024-07-04,India,37,35-44,Male,Direct,2024-07,Power User,1,48
1693,Brett Keith,jeremywillis@example.net,2024-06-11,Brazil,33,25-34,Male,Direct,2024-06,Active,2,11
1694,Jeremy Alvarez,florescynthia@example.org,2024-03-31,Brazil,23,18-24,Other,Referral,2024-03,Active,12,23
1695,Adam Jordan,danielsjason@example.com,2024-11-24,Canada,26,25-34,Female,Paid Social,2024-11,Active,0,31
1696,Robert Mendez,cortezscott@example.net,2023-08-22,Canada,31,25-34,Male,Organic Search,2023-08,At Risk,58,18
1697,Katherine Thompson,qgay@example.com,2023-07-24,United States,21,18-24,Female,Paid Social,2023-07,At Risk,59,17
1698,Joseph Peterson,ppalmer@example.com,2024-08-22,Germany,32,25-34,Female,Direct,2024-08,Power User,0,84
1699,Steven Hicks,connie12@example.com,2023-08-10,India,13,Teen,Other,Organic Search,2023-08,Active,26,14
1700,Anna Atkins,emartin@example.com,2023-05-20,India,49,45-54,Female,Referral,2023-05,Power User,3,82
1701,Pamela Lewis,dana82@example.org,2023-10-04,UAE,24,18-24,Male,Direct,2023-10,Active,8,17
1702,Tanya Clark,luke87@example.org,2024-08-05,India,32,25-34,Male,Organic Search,2024-08,Power User,0,68
1703,Sarah Bishop,mariolee@example.com,2024-04-21,India,24,18-24,Female,Organic Search,2024-04,Active,12,30
1704,Rachel Chan,markblack@example.com,2023-08-14,Singapore,18,18-24,Female,Referral,2023-08,At Risk,32,12
1705,Eric Acosta,jeremy47@example.com,2024-10-15,Brazil,33,25-34,Other,Affiliate,2024-10,Power User,0,48
1706,Abigail Case,shannon69@example.com,2024-07-20,India,26,25-34,Male,Referral,2024-07,Power User,0,93
1707,Pamela Smith,schmittmichael@example.org,2024-05-15,United States,22,18-24,Male,Email Campaign,2024-05,Active,4,18
1708,Allison Simmons,jasonmoran@example.com,2023-10-13,Singapore,22,18-24,Male,Organic Search,2023-10,Power User,4,44
1709,Daniel Shaw,jnguyen@example.net,2023-09-10,Germany,35,35-44,Male,Affiliate,2023-09,Power User,2,45
1710,Teresa Watkins,daniel32@example.com,2024-08-28,Canada,40,35-44,Male,Organic Search,2024-08,Power User,1,48
1711,Mr. Lawrence Brooks,harringtonpeter@example.net,2024-03-03,Canada,29,25-34,Male,Email Campaign,2024-03,Active,14,34
1712,Thomas Rodriguez,brownmatthew@example.net,2024-05-31,India,38,35-44,Male,Paid Social,2024-05,Active,1,17
1713,Christian Hernandez,nicolejones@example.net,2024-12-14,Brazil,24,18-24,Male,Affiliate,2024-12,Active,0,13
1714,Kenneth Farmer,audrey81@example.com,2024-07-25,United States,30,25-34,Male,Paid Social,2024-07,Active,3,31
1715,Andrea Hartman,angela40@example.org,2023-08-12,Singapore,33,25-34,Male,Referral,2023-08,Power User,4,92
1716,Cathy Mcdonald,susan57@example.net,2023-04-03,India,13,Teen,Male,Email Campaign,2023-04,Active,15,15
1717,Deanna Munoz,mcox@example.net,2024-12-21,United States,43,35-44,Female,Paid Social,2024-12,Power User,0,50
1718,John Williams,taylordawn@example.com,2023-01-25,Canada,21,18-24,Female,Affiliate,2023-01,Active,4,31
1719,Whitney Moyer,durhamwilliam@example.org,2024-12-21,India,34,25-34,Female,Paid Social,2024-12,Active,0,29
1720,Austin Jones,kristy74@example.net,2024-10-03,India,23,18-24,Female,Referral,2024-10,Active,1,34
1721,Jose York,mccannkimberly@example.net,2024-10-04,UAE,14,Teen,Male,Direct,2024-10,Active,2,30
1722,Jessica Hill,mbishop@example.org,2024-06-27,India,13,Teen,Male,Affiliate,2024-06,Power User,0,87
1723,Angel Holland,vpreston@example.org,2024-12-15,Brazil,41,35-44,Other,Organic Search,2024-12,Active,0,17
1724,Abigail Clayton,shawn60@example.com,2024-12-02,UAE,28,25-34,Male,Organic Search,2024-12,Active,4,13
1725,Daniel Craig,smithmarcus@example.org,2023-02-26,United Kingdom,35,35-44,Other,Organic Search,2023-02,Power User,3,94
1726,Michelle Ray,amanda39@example.com,2023-02-22,India,37,35-44,Male,Direct,2023-02,Active,14,14
1727,Joseph Blackburn,kendraharris@example.org,2023-02-11,United States,23,18-24,Female,Paid Social,2023-02,Power User,2,43
1728,Ethan Hall,chanamber@example.org,2024-12-22,Australia,31,25-34,Male,Referral,2024-12,Power User,0,50
1729,Thomas Barton,jamesmartin@example.com,2023-05-22,India,41,35-44,Female,Organic Search,2023-05,Active,9,37
1730,Travis Johnson,taylorrachel@example.com,2024-05-04,India,33,25-34,Other,Organic Search,2024-05,Active,3,14
1731,Ray Lawrence,omargriffin@example.com,2024-12-20,United Kingdom,20,18-24,Male,Direct,2024-12,Active,1,12
1732,Barbara Sherman,davisgregory@example.net,2023-11-25,United Kingdom,19,18-24,Female,Organic Search,2023-11,Active,6,29
1733,Emily Lee,shepardjoy@example.com,2024-03-09,India,41,35-44,Female,Affiliate,2024-03,Active,4,14
1734,Theresa Smith,marshmichael@example.com,2024-04-08,Australia,47,45-54,Female,Affiliate,2024-04,Active,2,37
1735,Tracy Copeland,zlara@example.org,2024-04-26,India,38,35-44,Other,Paid Social,2024-04,Active,5,33
1736,Michael Santos,pbautista@example.com,2023-10-27,France,34,25-34,Female,Referral,2023-10,Active,24,32
1737,Stephanie Williams,bliu@example.com,2024-12-10,Unknown,33,25-34,Male,Organic Search,2024-12,Active,1,18
1738,Michael Farmer,gregorysmith@example.net,2023-03-31,Canada,42,35-44,Male,Direct,2023-03,Power User,4,62
1739,Jacqueline Perry,carlsonjason@example.net,2023-03-20,Germany,26,25-34,Male,Direct,2023-03,Active,22,28
1740,Natalie Patrick,robertthompson@example.net,2023-06-01,Canada,37,35-44,Female,Paid Social,2023-06,Active,0,35
1741,Damon Powell,michaelbuckley@example.org,2024-10-04,Singapore,20,18-24,Male,Organic Search,2024-10,Power User,0,91
1742,Alexander Johnson,regina49@example.com,2024-07-08,Germany,33,25-34,Male,Organic Search,2024-07,Active,8,35
1743,James George,jjohnson@example.com,2024-10-22,India,34,25-34,Male,Paid Social,2024-10,Power User,1,75
1744,William Rodriguez,ericsmith@example.org,2023-08-26,United Kingdom,25,25-34,Other,Email Campaign,2023-08,Active,18,11
1745,Scott Pacheco,amarshall@example.net,2023-12-18,India,25,25-34,Other,Referral,2023-12,Power User,2,82
1746,Matthew Diaz,collinsterrance@example.com,2024-08-30,Germany,26,25-34,Other,Referral,2024-08,Active,5,17
1747,Daniel Anderson,woodskaitlyn@example.net,2024-03-31,Australia,13,Teen,Female,Paid Social,2024-03,Power User,10,73
1748,Diane Gilbert,jeremiahmiller@example.org,2023-11-10,France,20,18-24,Male,Paid Social,2023-11,Power User,8,59
1749,Michael Murray,jeremylopez@example.net,2024-01-16,India,16,Teen,Female,Paid Social,2024-01,Active,11,14
1750,Charles Doyle,kathleen25@example.com,2023-12-28,Singapore,34,25-34,Female,Organic Search,2023-12,At Risk,45,38
1751,Craig White,adkinslauren@example.net,2023-06-14,UAE,37,35-44,Other,Organic Search,2023-06,Active,4,30
1752,Frank Armstrong,cynthiaconley@example.org,2023-06-29,Unknown,33,25-34,Other,Email Campaign,2023-06,Active,6,15
1753,Tricia Sullivan,mmathews@example.net,2023-06-07,United States,20,18-24,Male,Email Campaign,2023-06,Active,13,32
1754,Douglas Mack,shawnbaker@example.com,2023-11-21,India,40,35-44,Other,Paid Social,2023-11,Active,14,15
1755,Katherine Dunn,matthew24@example.com,2023-07-08,India,29,25-34,Male,Organic Search,2023-07,Power User,3,66
1756,Richard Simmons,barnettmatthew@example.net,2023-11-21,Australia,22,18-24,Female,Organic Search,2023-11,Active,27,12
1757,Sandra Martinez,oconnelldavid@example.org,2023-06-16,India,26,25-34,Other,Referral,2023-06,At Risk,47,37
1758,William Miller,david54@example.com,2024-02-19,Canada,40,35-44,Female,Referral,2024-02,At Risk,52,11
1759,Ryan Walker,raymondpugh@example.net,2023-11-24,Germany,18,18-24,Male,Affiliate,2023-11,Active,7,16
1760,Brittany Heath,gonzalezjulie@example.net,2024-06-03,India,37,35-44,Female,Paid Social,2024-06,Power User,5,43
1761,Yolanda Jackson,mcbridemichael@example.org,2023-10-24,UAE,35,35-44,Other,Referral,2023-10,Active,3,31
1762,Courtney Arias,craigmartin@example.net,2024-03-28,Germany,23,18-24,Female,Email Campaign,2024-03,Active,6,18
1763,Diana Haley,amberfriedman@example.com,2023-02-11,France,37,35-44,Male,Affiliate,2023-02,Power User,2,86
1764,Julie Taylor,hphillips@example.com,2023-01-26,India,25,25-34,Female,Direct,2023-01,At Risk,76,10
1765,Thomas Austin,aaron48@example.net,2024-01-01,Singapore,21,18-24,Male,Paid Social,2024-01,Power User,7,48
1766,Mr. William Bray,brownrobert@example.org,2023-07-19,Unknown,48,45-54,Other,Paid Social,2023-07,Power User,6,43
1767,Corey Flowers,petermoore@example.com,2023-10-12,Australia,34,25-34,Male,Email Campaign,2023-10,Power User,2,41
1768,Becky Singh,perezstacy@example.org,2024-04-01,India,36,35-44,Other,Organic Search,2024-04,Active,25,18
1769,Alexandra Wilson,jamiethomas@example.com,2024-06-08,India,43,35-44,Female,Email Campaign,2024-06,Power User,1,40
1770,Elizabeth Martinez,alexandria97@example.org,2024-09-11,India,38,35-44,Other,Affiliate,2024-09,Power User,2,42
1771,Dillon Travis,whernandez@example.net,2024-01-05,India,21,18-24,Female,Paid Social,2024-01,At Risk,47,18
1772,Jessica Jackson,qmassey@example.org,2024-01-14,Brazil,34,25-34,Female,Organic Search,2024-01,Active,17,16
1773,Zachary Morrison,oblake@example.net,2023-12-26,Canada,22,18-24,Female,Paid Social,2023-12,Active,15,11
1774,Brian Carrillo,john76@example.com,2023-03-31,India,32,25-34,Male,Email Campaign,2023-03,Active,19,11
1775,Danielle Kelly,rebecca85@example.com,2024-03-01,India,38,35-44,Female,Direct,2024-03,Active,7,18
1776,Connie Hamilton,garcialinda@example.org,2024-03-10,France,19,18-24,Other,Email Campaign,2024-03,Active,15,12
1777,Jamie Stone,dalton78@example.net,2024-08-24,United Kingdom,25,25-34,Other,Direct,2024-08,Power User,0,44
1778,Maria Garcia,gwilliams@example.net,2024-05-01,Unknown,28,25-34,Other,Direct,2024-05,Active,4,13
1779,Michelle Munoz,wilsonkathryn@example.com,2024-08-27,United States,20,18-24,Female,Organic Search,2024-08,Active,1,17
1780,Jessica Murray,chiggins@example.com,2023-10-07,India,47,45-54,Female,Email Campaign,2023-10,Active,0,16
1781,Jessica Odonnell,bentleylisa@example.net,2024-08-04,Brazil,32,25-34,Male,Paid Social,2024-08,Power User,2,48
1782,Thomas Pham,ashleyjohnson@example.com,2023-10-24,Singapore,22,18-24,Other,Paid Social,2023-10,Active,15,16
1783,Hailey Beltran,qatkinson@example.com,2023-11-06,Brazil,40,35-44,Other,Paid Social,2023-11,Power User,13,44
1784,William Baker,joshuabowers@example.com,2024-04-19,India,39,35-44,Male,Paid Social,2024-04,Active,3,38
1785,Natalie Mullins,jasontownsend@example.net,2023-09-26,Canada,35,35-44,Female,Organic Search,2023-09,Power User,0,42
1786,Joshua Trujillo,megangates@example.com,2024-04-28,France,13,Teen,Male,Paid Social,2024-04,Active,2,14
1787,Jared Howell,leslietorres@example.net,2024-03-03,Brazil,34,25-34,Male,Paid Social,2024-03,Active,2,38
1788,Mr. Jeffrey Ward,katherineharris@example.net,2023-09-08,UAE,42,35-44,Male,Paid Social,2023-09,Active,15,15
1789,Eric Hunter,susanmorris@example.org,2023-03-10,Canada,21,18-24,Other,Referral,2023-03,Power User,4,100
1790,Angela Davis,katherine82@example.com,2024-08-02,India,28,25-34,Female,Organic Search,2024-08,Active,1,36
1791,Hector Anderson,jphelps@example.net,2024-05-02,UAE,37,35-44,Other,Organic Search,2024-05,Active,18,33
1792,Tricia Nguyen,vgarcia@example.com,2024-08-12,United States,23,18-24,Male,Referral,2024-08,Power User,0,89
1793,Willie Johnson,scottwilliams@example.net,2023-03-01,India,43,35-44,Male,Email Campaign,2023-03,Active,13,28
1794,Jessica Cain,marthalucero@example.org,2023-05-19,India,26,25-34,Female,Organic Search,2023-05,At Risk,39,19
1795,Karen Gonzales,alexandersanchez@example.org,2024-03-05,India,41,35-44,Other,Referral,2024-03,Active,6,16
1796,Kenneth Barrera,robertabbott@example.net,2023-10-24,India,13,Teen,Female,Paid Social,2023-10,Active,10,35
1797,Deborah Wood,tfrancis@example.com,2024-06-10,Germany,23,18-24,Male,Paid Social,2024-06,Power User,5,79
1798,Scott Andersen,lukekelly@example.net,2023-04-07,Brazil,37,35-44,Other,Referral,2023-04,Power User,6,82
1799,Dr. Katie Alvarez,laurariley@example.org,2023-11-20,India,40,35-44,Other,Organic Search,2023-11,Power User,0,40
1800,Michael Bray,daniel93@example.net,2024-12-15,United States,34,25-34,Other,Organic Search,2024-12,Active,0,30
1801,Jeffrey Garza,stevenandrews@example.org,2023-12-27,UAE,24,18-24,Male,Affiliate,2023-12,Active,4,37
1802,Matthew Huang,bentongeorge@example.net,2024-01-17,India,31,25-34,Female,Referral,2024-01,Active,10,27
1803,Ana Higgins,jdillon@example.org,2023-06-16,United States,13,Teen,Male,Email Campaign,2023-06,Active,0,28
1804,Phillip Anderson,stacey09@example.com,2023-07-12,Unknown,13,Teen,Other,Email Campaign,2023-07,Power User,4,46
1805,Megan Rivera,clewis@example.com,2024-06-22,Brazil,31,25-34,Other,Paid Social,2024-06,Active,4,27
1806,Shari Arellano,ithomas@example.net,2023-04-27,United States,45,45-54,Female,Organic Search,2023-04,Power User,9,81
1807,Andrea Brown,josephmichael@example.org,2023-05-15,United States,28,25-34,Male,Organic Search,2023-05,Power User,20,42
1808,Kyle Blake,ucross@example.org,2024-01-07,Singapore,36,35-44,Male,Referral,2024-01,At Risk,83,12
1809,Evelyn Davis,maryjohnson@example.com,2024-09-03,Canada,28,25-34,Other,Referral,2024-09,Active,10,16
1810,Jane Wells,rberry@example.com,2024-12-27,India,22,18-24,Female,Referral,2024-12,Power User,0,93
1811,Sherry Porter,isaac45@example.org,2023-08-16,United States,25,25-34,Male,Direct,2023-08,Power User,12,82
1812,Miss Gina Walton,jorgegonzalez@example.com,2023-08-21,United States,26,25-34,Female,Email Campaign,2023-08,Power User,5,40
1813,Jake Jackson,andrew90@example.net,2023-03-22,Germany,23,18-24,Female,Paid Social,2023-03,Power User,5,40
1814,Laura Brooks,smithpaul@example.org,2023-03-21,France,31,25-34,Male,Affiliate,2023-03,Power User,2,94
1815,Mr. William Davis DDS,sosajacob@example.net,2023-02-13,India,35,35-44,Male,Referral,2023-02,Power User,4,84
1816,Sheryl Thompson,carolberry@example.com,2024-06-09,India,21,18-24,Other,Affiliate,2024-06,Power User,5,40
1817,Joshua Rubio,lisawallace@example.net,2023-09-17,Australia,38,35-44,Male,Affiliate,2023-09,Active,4,15
1818,Michael Lawrence,aguirrelarry@example.com,2023-04-09,India,31,25-34,Male,Paid Social,2023-04,At Risk,37,38
1819,Louis Rogers,racheljimenez@example.net,2023-07-24,Unknown,44,35-44,Male,Email Campaign,2023-07,Dormant,153,13
1820,Terry Barnett,jmcfarland@example.com,2023-05-30,Germany,24,18-24,Other,Organic Search,2023-05,Power User,1,93
1821,Katherine Bauer,morganmichael@example.org,2023-12-23,India,18,18-24,Female,Paid Social,2023-12,Active,1,13
1822,Susan Zimmerman,howardsabrina@example.com,2024-09-19,India,26,25-34,Male,Direct,2024-09,Active,2,38
1823,Joseph Andrews,abbottchristopher@example.net,2024-08-15,France,39,35-44,Male,Paid Social,2024-08,Power User,3,43
1824,Chad Gallagher,psherman@example.org,2023-10-16,India,35,35-44,Male,Organic Search,2023-10,Active,9,38
1825,John Henry,sheryl66@example.com,2023-04-12,Australia,32,25-34,Male,Referral,2023-04,At Risk,34,33
1826,Dr. Dustin Sutton Jr.,anna96@example.com,2024-05-01,United States,26,25-34,Female,Paid Social,2024-05,Active,16,13
1827,Laura Thompson,lopezchristopher@example.net,2024-11-20,Australia,36,35-44,Male,Direct,2024-11,Active,1,37
1828,Janice Bell,jocelyn80@example.org,2024-01-24,United States,29,25-34,Female,Direct,2024-01,Power User,2,40
1829,Kelly Thompson,colongabrielle@example.com,2023-04-26,United States,25,25-34,Female,Direct,2023-04,Active,24,20
1830,Cody Walker,erin03@example.org,2023-05-20,Brazil,36,35-44,Female,Direct,2023-05,Power User,1,100
1831,Lisa Williams,charles37@example.org,2024-07-24,India,52,45-54,Other,Email Campaign,2024-07,Active,2,35
1832,Abigail Allen,sharris@example.org,2023-04-29,Canada,41,35-44,Female,Organic Search,2023-04,Power User,13,42
1833,Jennifer Moore,tracey63@example.com,2023-11-16,France,37,35-44,Other,Organic Search,2023-11,Active,1,34
1834,Michelle Barrera,christyscott@example.com,2024-07-21,Canada,32,25-34,Female,Direct,2024-07,Power User,1,43
1835,Rodney Bennett,jamie46@example.net,2023-07-13,India,30,25-34,Male,Referral,2023-07,Power User,23,41
1836,Michael Williams,lisafreeman@example.net,2024-11-26,India,13,Teen,Female,Affiliate,2024-11,Power User,0,41
1837,Brian Moore,sanderson@example.org,2024-05-18,United Kingdom,20,18-24,Other,Direct,2024-05,Power User,0,91
1838,Patrick Moses,ijones@example.com,2024-11-05,Canada,30,25-34,Other,Organic Search,2024-11,Active,0,27
1839,Deborah Juarez,smitchell@example.com,2024-02-15,UAE,23,18-24,Other,Referral,2024-02,Power User,5,44
1840,Kathleen Martinez,mcarson@example.org,2023-06-22,Canada,31,25-34,Male,Organic Search,2023-06,Active,23,33
1841,James Miller,harrisondaniel@example.org,2023-07-25,Brazil,31,25-34,Other,Direct,2023-07,Power User,16,49
1842,Jessica Hammond,allenchristina@example.com,2023-08-27,United States,34,25-34,Female,Direct,2023-08,Active,14,35
1843,Tiffany Peterson,kaylahardy@example.org,2024-08-18,India,23,18-24,Other,Referral,2024-08,Power User,1,88
1844,Amy James,sandra57@example.org,2024-10-21,United States,31,25-34,Female,Direct,2024-10,Active,0,20
1845,Matthew Gonzales,william32@example.net,2024-02-19,Brazil,28,25-34,Female,Organic Search,2024-02,Active,18,18
1846,Kristin Thomas,pjones@example.net,2024-04-10,UAE,27,25-34,Male,Organic Search,2024-04,Active,0,35
1847,Lisa Jackson,brian16@example.net,2023-08-25,Germany,17,Teen,Other,Organic Search,2023-08,At Risk,86,9
1848,James Hart,mitchell21@example.net,2023-02-24,Australia,42,35-44,Male,Organic Search,2023-02,Power User,0,92
1849,Amanda Gardner,hmack@example.org,2023-07-03,Canada,37,35-44,Female,Organic Search,2023-07,Active,20,16
1850,Diane Jensen,banksrenee@example.net,2023-11-07,India,34,25-34,Other,Direct,2023-11,At Risk,43,20
1851,David Baird DDS,pkent@example.net,2024-11-07,United Kingdom,20,18-24,Other,Organic Search,2024-11,Power User,0,75
1852,Heather Thomas,jcalhoun@example.com,2023-07-26,Germany,28,25-34,Female,Direct,2023-07,Active,7,8
1853,Isabel Smith,sylviaprice@example.com,2023-09-25,India,36,35-44,Other,Referral,2023-09,Power User,0,47
1854,Sarah Archer,douglas76@example.net,2024-07-13,United Kingdom,31,25-34,Male,Paid Social,2024-07,Power User,0,79
1855,Jason Quinn,marygomez@example.com,2024-03-16,Brazil,21,18-24,Male,Paid Social,2024-03,Active,3,36
1856,Maurice Anderson,dfarley@example.com,2024-01-21,Brazil,13,Teen,Female,Direct,2024-01,Power User,7,53
1857,Shane Hopkins,johnmarquez@example.net,2024-07-24,United States,55,55+,Other,Paid Social,2024-07,Active,16,15
1858,Cindy Thomas,rachel86@example.com,2024-12-24,India,28,25-34,Male,Direct,2024-12,Active,0,16
1859,Curtis Morgan,danielsshaun@example.net,2024-02-03,Unknown,28,25-34,Female,Paid Social,2024-02,Active,5,25
1860,Jeremy Benson,donnagiles@example.com,2024-05-17,Singapore,27,25-34,Other,Paid Social,2024-05,Active,0,22
1861,Miss Patricia Davidson,lbradley@example.com,2024-04-26,India,35,35-44,Female,Paid Social,2024-04,Active,11,38
1862,Bianca Velazquez,edwardstewart@example.org,2023-02-27,United Kingdom,13,Teen,Female,Paid Social,2023-02,Power User,25,41
1863,Amanda Davis,cheryl98@example.net,2024-01-22,United States,18,18-24,Other,Email Campaign,2024-01,Active,10,36
1864,Brandon Huynh,milleralan@example.org,2023-10-19,India,24,18-24,Female,Paid Social,2023-10,Active,13,17
1865,Heidi Blankenship,james23@example.com,2023-05-12,Australia,43,35-44,Female,Organic Search,2023-05,Power User,1,40
1866,Brian Hoffman,talvarez@example.org,2023-01-28,United States,27,25-34,Other,Referral,2023-01,Active,20,24
1867,Justin Fuller,frankwilson@example.net,2023-12-20,India,33,25-34,Female,Affiliate,2023-12,Active,14,21
1868,Susan Davis,hannah31@example.net,2023-09-08,United States,28,25-34,Male,Affiliate,2023-09,At Risk,33,32
1869,Randall Willis,taylorparker@example.com,2023-03-28,United States,29,25-34,Other,Email Campaign,2023-03,Power User,9,40
1870,Alejandro Vasquez,sarah99@example.org,2023-12-12,United States,29,25-34,Male,Organic Search,2023-12,Power User,2,85
1871,Marcus Byrd,nicole15@example.org,2024-04-16,India,30,25-34,Other,Email Campaign,2024-04,Power User,1,89
1872,Mark Carter,danieldonovan@example.net,2024-03-07,Singapore,33,25-34,Female,Referral,2024-03,Power User,8,50
1873,Steven Butler,gomeztonya@example.com,2023-01-23,India,38,35-44,Female,Affiliate,2023-01,Active,19,36
1874,Joseph Moon,michaelking@example.net,2024-08-09,India,20,18-24,Male,Organic Search,2024-08,Active,8,16
1875,Melody Baker,kflores@example.org,2024-11-22,India,36,35-44,Male,Email Campaign,2024-11,Active,1,18
1876,Mary Hopkins MD,rmorgan@example.net,2024-11-14,United Kingdom,36,35-44,Female,Paid Social,2024-11,Power User,1,78
1877,Kenneth Turner,andersontiffany@example.net,2024-03-22,India,43,35-44,Male,Paid Social,2024-03,At Risk,31,9
1878,Debra Brooks,rebeccajames@example.org,2023-03-19,United Kingdom,25,25-34,Other,Organic Search,2023-03,Active,26,39
1879,Tommy Ball,linda66@example.net,2023-11-01,India,37,35-44,Other,Organic Search,2023-11,At Risk,32,12
1880,Angela Wade,tracyadams@example.com,2023-04-05,Canada,29,25-34,Other,Direct,2023-04,Active,17,14
1881,Ashley Jones,michelle10@example.org,2023-12-11,United States,25,25-34,Female,Paid Social,2023-12,Active,8,38
1882,Alexandra Smith,calvin93@example.org,2024-05-01,United Kingdom,35,35-44,Female,Paid Social,2024-05,Active,3,17
1883,Tracie Costa,molly91@example.org,2024-10-29,Canada,41,35-44,Female,Email Campaign,2024-10,Active,0,23
1884,Charles Hardin,kristi19@example.org,2024-11-10,India,52,45-54,Other,Organic Search,2024-11,Active,0,18
1885,Rickey Hall,lopezjennifer@example.org,2023-09-15,India,38,35-44,Other,Organic Search,2023-09,Power User,6,42
1886,Karen Gonzalez,lovepaul@example.net,2024-07-14,India,39,35-44,Male,Direct,2024-07,Power User,1,40
1887,Michael Hancock,ljacobs@example.com,2024-06-12,India,24,18-24,Male,Paid Social,2024-06,Active,0,34
1888,Craig Thomas,ramoswilliam@example.org,2024-04-23,India,18,18-24,Female,Paid Social,2024-04,Active,7,33
1889,Samuel Avila,hollywarner@example.org,2024-09-21,United States,32,25-34,Female,Email Campaign,2024-09,Active,0,17
1890,Jason Davidson,franciscoreid@example.net,2023-03-03,India,26,25-34,Other,Direct,2023-03,Active,12,36
1891,Adam Zamora,ronaldsummers@example.net,2023-09-04,United Kingdom,19,18-24,Male,Referral,2023-09,Power User,10,44
1892,Gregory Quinn,juan21@example.org,2024-03-21,India,33,25-34,Female,Paid Social,2024-03,Power User,3,82
1893,William Craig,wmiller@example.net,2023-03-07,United Kingdom,24,18-24,Other,Organic Search,2023-03,Active,30,17
1894,Laura Acosta,brianna59@example.net,2023-10-21,India,39,35-44,Other,Organic Search,2023-10,Active,11,18
1895,John Gardner,shannon75@example.com,2023-08-30,Germany,23,18-24,Female,Referral,2023-08,At Risk,49,21
1896,John Murray,jeremyjackson@example.net,2023-01-29,India,31,25-34,Male,Direct,2023-01,Active,13,19
1897,Oscar Cruz,dford@example.com,2024-05-12,India,24,18-24,Other,Organic Search,2024-05,Active,13,13
1898,Lynn Ross MD,markskristina@example.com,2023-02-07,Singapore,45,45-54,Male,Affiliate,2023-02,Active,25,16
1899,James Hernandez,edwardshah@example.org,2023-09-22,Unknown,23,18-24,Female,Email Campaign,2023-09,Active,18,31
1900,Tyler Dunn,james76@example.org,2023-02-13,United States,20,18-24,Other,Organic Search,2023-02,Power User,5,82
1901,Travis Moore,jameslawson@example.com,2023-03-27,United States,15,Teen,Female,Organic Search,2023-03,Active,25,19
1902,Lisa Thomas,gomezdaniel@example.com,2024-02-21,Australia,20,18-24,Female,Direct,2024-02,Power User,0,86
1903,Eric Moore,alara@example.com,2024-02-11,India,21,18-24,Other,Paid Social,2024-02,Power User,8,91
1904,Kendra Peterson,gabriella69@example.org,2024-08-07,Australia,27,25-34,Other,Affiliate,2024-08,Power User,1,89
1905,Amy West,lindsay25@example.net,2024-11-11,India,33,25-34,Other,Paid Social,2024-11,Power User,1,88
1906,Shane Edwards,usanchez@example.net,2023-09-15,India,23,18-24,Female,Email Campaign,2023-09,Power User,5,48
1907,Erin Lee,jbuchanan@example.com,2023-05-06,Australia,38,35-44,Female,Paid Social,2023-05,At Risk,33,30
1908,Crystal Watkins,tammyharrington@example.net,2024-02-04,United Kingdom,32,25-34,Other,Organic Search,2024-02,Active,0,29
1909,Alec Dixon,lisawright@example.net,2023-08-12,United States,43,35-44,Male,Direct,2023-08,Active,12,32
1910,John Morrison,cruzeddie@example.com,2023-10-09,UAE,42,35-44,Female,Direct,2023-10,Power User,4,76
1911,Helen Strickland,carl63@example.com,2023-02-27,Singapore,31,25-34,Female,Organic Search,2023-02,Active,26,35
1912,Roger Olson,owright@example.org,2023-04-26,Australia,33,25-34,Female,Referral,2023-04,Active,7,18
1913,Miss Kimberly Holloway,kristenfrye@example.com,2023-09-10,India,26,25-34,Female,Direct,2023-09,Power User,14,43
1914,Antonio Dyer,susanharper@example.org,2024-01-07,United States,33,25-34,Female,Organic Search,2024-01,Power User,6,45
1915,Alexandra Green,john66@example.net,2023-01-22,Unknown,40,35-44,Other,Organic Search,2023-01,Power User,5,77
1916,Angela Marshall,kennethjohnson@example.net,2024-11-09,Canada,13,Teen,Male,Affiliate,2024-11,Active,0,15
1917,Olivia Rodriguez,seanreyes@example.org,2023-09-03,Brazil,31,25-34,Female,Organic Search,2023-09,Active,2,35
1918,Kevin Morris,stephen39@example.com,2024-12-18,France,42,35-44,Female,Organic Search,2024-12,Active,2,11
1919,Charles Decker,martinezmindy@example.net,2024-07-01,United States,36,35-44,Male,Referral,2024-07,Power User,4,83
1920,Jennifer Nguyen,opierce@example.com,2024-02-07,India,29,25-34,Female,Referral,2024-02,At Risk,43,15
1921,Jorge Sharp,schneidermario@example.net,2023-08-30,United Kingdom,24,18-24,Female,Affiliate,2023-08,Power User,1,85
1922,Joseph Bentley,tylermcintosh@example.org,2024-03-25,Brazil,18,18-24,Other,Organic Search,2024-03,Active,0,16
1923,Jason Potter,christopherward@example.com,2024-10-21,Brazil,38,35-44,Female,Referral,2024-10,Active,8,11
1924,Richard Neal,dmorales@example.net,2023-03-24,India,39,35-44,Female,Referral,2023-03,At Risk,57,17
1925,Sheila Perez,olsenshane@example.org,2023-12-07,UAE,30,25-34,Other,Paid Social,2023-12,Active,18,14
1926,Melissa Mendoza,newmanangela@example.org,2023-04-13,India,35,35-44,Male,Paid Social,2023-04,Power User,8,40
1927,Brenda Flores,robinsonjesse@example.org,2023-12-27,Singapore,25,25-34,Female,Paid Social,2023-12,Dormant,138,9
1928,Ralph Vasquez,qavila@example.com,2023-12-01,Germany,28,25-34,Female,Paid Social,2023-12,Power User,3,54
1929,Christine Aguilar,cpierce@example.org,2024-10-18,Australia,44,35-44,Other,Paid Social,2024-10,Active,0,16
1930,Sandra Sanders,baileychristopher@example.com,2024-10-18,United States,30,25-34,Male,Paid Social,2024-10,Power User,1,74
1931,Deborah Brooks,amandaherman@example.net,2023-11-09,United States,43,35-44,Female,Paid Social,2023-11,Active,12,17
1932,Craig Hurst,mmoore@example.net,2023-09-13,United States,32,25-34,Other,Referral,2023-09,Active,0,38
1933,Larry Curtis,swilson@example.com,2024-10-26,Germany,33,25-34,Male,Organic Search,2024-10,Power User,0,49
1934,Brian Fitzpatrick,hharris@example.org,2023-11-24,Germany,29,25-34,Female,Referral,2023-11,Power User,0,83
1935,Michael Lewis,jameshudson@example.net,2023-09-24,Canada,32,25-34,Male,Organic Search,2023-09,Power User,5,90
1936,Sarah Robinson,michael03@example.net,2023-10-16,United Kingdom,52,45-54,Male,Paid Social,2023-10,Power User,3,102
1937,Christine Arroyo,collinsjavier@example.org,2024-02-07,India,29,25-34,Female,Organic Search,2024-02,Active,12,20
1938,Carmen Vasquez,dcortez@example.com,2023-08-18,United States,36,35-44,Male,Organic Search,2023-08,Power User,1,89
1939,Aaron Johnson,laura31@example.net,2024-10-24,India,37,35-44,Other,Affiliate,2024-10,Active,1,24
1940,James Carroll,vincentstacey@example.org,2024-04-18,India,59,55+,Male,Affiliate,2024-04,Power User,4,96
1941,Jay Walter,coltonrichardson@example.net,2023-02-20,India,14,Teen,Female,Organic Search,2023-02,Active,2,24
1942,Stephanie Turner,ramirezdesiree@example.com,2023-06-02,India,28,25-34,Male,Referral,2023-06,Power User,0,88
1943,Melanie Johnson,stephen31@example.net,2024-08-03,Canada,24,18-24,Male,Direct,2024-08,Power User,4,53
1944,Jordan Tanner,hthompson@example.org,2024-04-09,India,29,25-34,Other,Email Campaign,2024-04,Active,2,35
1945,Brittany Brown,joseph97@example.org,2023-07-28,United Kingdom,31,25-34,Male,Affiliate,2023-07,Power User,27,48
1946,Jennifer Dudley,fjohnson@example.com,2023-09-30,India,28,25-34,Female,Referral,2023-09,Power User,6,48
1947,Michelle Harris,douglassusan@example.com,2024-03-17,Singapore,13,Teen,Male,Email Campaign,2024-03,Active,7,33
1948,Rita Forbes,andrew43@example.org,2023-10-17,Singapore,49,45-54,Other,Affiliate,2023-10,At Risk,38,35
1949,Michele Conner,russomary@example.com,2024-02-23,India,29,25-34,Male,Paid Social,2024-02,Power User,22,54
1950,John Martin,mitchellchristopher@example.com,2023-08-30,United States,16,Teen,Other,Referral,2023-08,Active,27,31
1951,Hannah Thompson,jessica82@example.com,2024-08-19,United States,42,35-44,Other,Organic Search,2024-08,Active,16,39
1952,Michael Preston,wwatson@example.com,2024-04-25,Canada,31,25-34,Male,Paid Social,2024-04,Active,12,17
1953,Stacey Cook,bward@example.org,2024-02-12,Singapore,37,35-44,Other,Email Campaign,2024-02,Power User,6,92
1954,Andrew Hunter,debbie78@example.net,2024-03-09,France,35,35-44,Other,Direct,2024-03,Active,15,29
1955,Robert Taylor,carolfernandez@example.net,2024-07-24,Canada,50,45-54,Male,Referral,2024-07,Active,5,17
1956,Wanda Stephens,makaylasanders@example.com,2024-04-27,United Kingdom,24,18-24,Female,Affiliate,2024-04,Power User,0,41
1957,Carmen Perez,johnstonjonathan@example.net,2024-09-04,India,29,25-34,Other,Referral,2024-09,Active,3,10
1958,Kelly Weiss,tracy55@example.net,2023-09-17,Australia,23,18-24,Other,Affiliate,2023-09,At Risk,46,21
1959,Ashley Bowman,barbarabrady@example.net,2024-02-09,France,13,Teen,Other,Organic Search,2024-02,Power User,6,41
1960,Stephanie Costa,smoore@example.org,2024-07-26,United States,30,25-34,Male,Direct,2024-07,Active,5,37
1961,Dana Sullivan,simpsonruth@example.net,2024-05-30,Germany,34,25-34,Female,Direct,2024-05,Active,11,11
1962,Andre Martinez,amberdavis@example.org,2023-05-16,India,28,25-34,Male,Direct,2023-05,At Risk,51,14
1963,Trevor Henderson,mariabecker@example.org,2023-05-26,United States,37,35-44,Female,Paid Social,2023-05,Power User,11,86
1964,James Torres,dorothy09@example.com,2023-05-11,India,31,25-34,Female,Paid Social,2023-05,At Risk,32,17
1965,Vanessa Porter,lreid@example.org,2024-01-05,Brazil,27,25-34,Female,Paid Social,2024-01,Active,4,24
1966,Jenny Matthews,anthony76@example.net,2024-09-19,United States,18,18-24,Female,Email Campaign,2024-09,Power User,0,90
1967,John Bullock,stacy70@example.com,2023-06-18,Australia,31,25-34,Female,Referral,2023-06,Active,24,15
1968,Ronald Welch,fking@example.org,2023-06-04,India,33,25-34,Other,Organic Search,2023-06,Active,6,37
1969,Julie Morris,gibsonkaitlyn@example.org,2024-03-26,United States,36,35-44,Male,Organic Search,2024-03,Active,0,23
1970,Carl Huffman,arobinson@example.org,2023-07-07,Germany,17,Teen,Male,Email Campaign,2023-07,Active,23,31
1971,Donald Cunningham,wallssean@example.net,2024-04-23,UAE,34,25-34,Female,Referral,2024-04,Power User,16,43
1972,Steven Carter Jr.,kingdavid@example.net,2024-05-21,United Kingdom,44,35-44,Male,Organic Search,2024-05,Power User,3,83
1973,Ryan Gonzalez,carolyn61@example.net,2024-07-28,India,39,35-44,Female,Referral,2024-07,Active,2,39
1974,Susan Barton,ywright@example.net,2023-06-01,France,51,45-54,Male,Paid Social,2023-06,Active,3,36
1975,Katherine Reeves,turnerjeffrey@example.net,2023-10-18,India,14,Teen,Male,Referral,2023-10,Power User,4,87
1976,Lisa Johnson,garciadonald@example.net,2023-10-07,UAE,24,18-24,Other,Organic Search,2023-10,Power User,3,79
1977,Joseph Benson,srichardson@example.com,2024-08-20,Canada,29,25-34,Male,Paid Social,2024-08,Active,6,24
1978,Jennifer Brown,barnesarthur@example.com,2024-03-02,India,27,25-34,Male,Affiliate,2024-03,Power User,9,87
1979,Dana Reilly,natalie57@example.com,2023-04-07,Singapore,24,18-24,Female,Organic Search,2023-04,Active,30,32
1980,Craig Keller,davidmartin@example.net,2024-11-27,Singapore,31,25-34,Male,Direct,2024-11,Power User,0,52
1981,Jason Castro,angela71@example.net,2023-04-19,Canada,33,25-34,Female,Direct,2023-04,Active,30,34
1982,Alexandra Brown,jamesevans@example.net,2024-12-25,Germany,31,25-34,Other,Email Campaign,2024-12,Power User,0,40
1983,Elizabeth Cain,rodriguezelizabeth@example.net,2023-10-03,United Kingdom,21,18-24,Other,Organic Search,2023-10,Active,8,13
1984,Karen Lewis,samantha73@example.org,2023-02-14,United Kingdom,31,25-34,Other,Paid Social,2023-02,At Risk,43,33
1985,Andrea Estrada,paulschultz@example.net,2024-08-05,Canada,30,25-34,Male,Organic Search,2024-08,Active,6,28
1986,Angel Martin DDS,michellejones@example.net,2024-10-21,Singapore,18,18-24,Female,Paid Social,2024-10,Active,1,17
1987,Jennifer Goodwin,xfranco@example.org,2023-03-14,United States,16,Teen,Other,Affiliate,2023-03,Active,1,32
1988,Nicholas Brooks,harrellkimberly@example.org,2024-02-13,United States,38,35-44,Female,Organic Search,2024-02,Power User,1,73
1989,Karen Avery,oobrien@example.net,2024-02-13,France,28,25-34,Male,Organic Search,2024-02,At Risk,35,43
1990,Kyle Roberts,wlucas@example.net,2024-02-02,India,30,25-34,Female,Direct,2024-02,Power User,1,40
1991,Michele Waters,reynoldsanthony@example.org,2024-10-31,India,28,25-34,Male,Organic Search,2024-10,Power User,0,89
1992,Victoria Peterson,woodphillip@example.com,2024-03-18,Unknown,30,25-34,Other,Direct,2024-03,Active,12,36
1993,Seth Barker,samantha78@example.com,2024-12-02,Australia,34,25-34,Other,Email Campaign,2024-12,Active,2,12
1994,Kim Jensen,taylordavis@example.com,2024-01-12,India,38,35-44,Other,Direct,2024-01,At Risk,46,32
1995,Linda Perez,kingjoseph@example.com,2024-02-02,Brazil,16,Teen,Female,Direct,2024-02,At Risk,43,10
1996,Cheryl Rogers,rebecca93@example.com,2023-04-03,Brazil,31,25-34,Female,Affiliate,2023-04,At Risk,56,38
1997,Chelsea Austin,mramirez@example.com,2024-03-20,France,24,18-24,Other,Organic Search,2024-03,Power User,7,67
1998,Heather Daniels,leahbarker@example.org,2023-12-16,Australia,25,25-34,Female,Organic Search,2023-12,Power User,3,41
1999,Nathaniel Walter,james79@example.net,2023-06-08,India,40,35-44,Female,Email Campaign,2023-06,Power User,10,43
2000,Matthew Crawford,jamietyler@example.com,2023-03-27,United Kingdom,27,25-34,Female,Email Campaign,2023-03,Active,5,35
2001,Glenn Scott,peterlove@example.net,2024-05-04,Singapore,29,25-34,Female,Organic Search,2024-05,Active,0,18
2002,Mrs. Chelsea Villa,kingtammy@example.net,2023-11-04,Canada,29,25-34,Male,Direct,2023-11,Active,3,38
2003,Kayla Fisher,jgibson@example.net,2023-02-18,United States,35,35-44,Other,Referral,2023-02,Power User,18,48
2004,Jeffrey Edwards,brent67@example.net,2023-04-21,France,26,25-34,Other,Organic Search,2023-04,Active,1,20
2005,Benjamin Rodriguez,herbertward@example.org,2024-11-07,United States,32,25-34,Other,Organic Search,2024-11,Power User,0,75
2006,Matthew Brown,david16@example.org,2023-09-18,India,57,55+,Other,Paid Social,2023-09,Active,22,19
2007,David Robinson,morganclaudia@example.com,2023-04-27,United States,30,25-34,Other,Referral,2023-04,Power User,0,93
2008,Kevin Farmer,sarah53@example.org,2023-07-06,Australia,31,25-34,Female,Affiliate,2023-07,Active,1,32
2009,Alicia Martin,lindabryan@example.org,2024-12-22,United States,24,18-24,Female,Organic Search,2024-12,Active,0,35
2010,Connie Stevens,lisa11@example.org,2024-11-17,India,20,18-24,Female,Referral,2024-11,Active,0,29
2011,David Parker,patricialowery@example.com,2023-07-11,India,35,35-44,Male,Paid Social,2023-07,Active,21,16
2012,Jennifer Wallace,ogriffin@example.org,2024-09-10,United States,47,45-54,Female,Paid Social,2024-09,Power User,1,98
2013,Allison Hubbard,jocelyncruz@example.net,2024-07-01,United Kingdom,32,25-34,Male,Organic Search,2024-07,Active,2,38
2014,Alex Romero,nicolehenry@example.net,2023-06-25,Singapore,26,25-34,Other,Organic Search,2023-06,Power User,1,75
2015,Michael Burke,mmassey@example.org,2024-11-04,United States,27,25-34,Other,Referral,2024-11,Power User,2,40
2016,Harry Hill,zjackson@example.org,2024-09-25,Canada,32,25-34,Other,Paid Social,2024-09,Power User,0,69
2017,Melissa Elliott,rachel69@example.com,2024-12-07,United States,36,35-44,Other,Organic Search,2024-12,Power User,0,114
2018,Heather Smith,chavezlauren@example.com,2023-05-09,United States,25,25-34,Male,Paid Social,2023-05,Active,7,31
2019,Gregory Adams,bramsey@example.org,2023-01-17,United States,23,18-24,Other,Direct,2023-01,Active,7,29
2020,Linda Patrick,timothy23@example.net,2023-08-03,India,39,35-44,Female,Organic Search,2023-08,Power User,2,78
2021,Thomas Davis,wernermichael@example.org,2024-03-22,Singapore,52,45-54,Other,Referral,2024-03,Active,1,19
2022,Edward Garrison,wrightalicia@example.com,2023-03-30,United States,38,35-44,Female,Direct,2023-03,Power User,7,104
2023,Joseph Hall,monica23@example.com,2024-03-08,United Kingdom,31,25-34,Male,Organic Search,2024-03,Power User,2,43
2024,Joshua Mcmahon,oliverashley@example.net,2024-12-20,Singapore,21,18-24,Female,Paid Social,2024-12,Active,0,32
2025,Angela Mejia,joelmorton@example.org,2024-04-05,UAE,33,25-34,Other,Direct,2024-04,Active,7,22
2026,Kristen Wood,lisa28@example.org,2024-02-06,India,26,25-34,Male,Paid Social,2024-02,Power User,6,43
2027,Erika Jackson,ericfrederick@example.org,2024-03-18,United Kingdom,28,25-34,Female,Affiliate,2024-03,Active,29,16
2028,Jennifer Jackson,william08@example.net,2024-09-02,United States,31,25-34,Other,Referral,2024-09,Power User,1,77
2029,Sandra Berry,imoore@example.org,2024-05-14,Unknown,36,35-44,Female,Organic Search,2024-05,Power User,1,41
2030,David Bowman,steven72@example.net,2024-09-18,United Kingdom,39,35-44,Other,Affiliate,2024-09,Active,2,17
2031,Joseph Burns,jonesnicholas@example.org,2023-08-26,United States,33,25-34,Other,Organic Search,2023-08,Power User,10,73
2032,Julie Holland,upierce@example.com,2024-08-13,Canada,49,45-54,Female,Paid Social,2024-08,Power User,1,46
2033,Jennifer Gordon,kristin96@example.com,2024-10-25,UAE,30,25-34,Female,Referral,2024-10,Power User,0,83
2034,Zachary Wilkinson,cmartinez@example.org,2024-09-29,Australia,23,18-24,Other,Direct,2024-09,Active,1,33
2035,Alexander Freeman,munozrobert@example.com,2023-01-22,United States,25,25-34,Male,Direct,2023-01,Power User,0,41
2036,Kevin Blake,lewiskimberly@example.org,2023-12-19,UAE,16,Teen,Female,Direct,2023-12,Active,0,36
2037,Steven Mckee,deborahturner@example.org,2024-12-02,Germany,22,18-24,Female,Direct,2024-12,Active,0,36
2038,Julie Perry,tommy77@example.com,2024-11-03,India,26,25-34,Female,Paid Social,2024-11,Active,5,13
2039,Elizabeth Brown,sanchezdustin@example.net,2024-12-29,India,27,25-34,Female,Paid Social,2024-12,Active,0,20
2040,Edward Nicholson,pblankenship@example.com,2024-11-20,United Kingdom,24,18-24,Other,Paid Social,2024-11,Power User,0,88
2041,Corey Weeks,ewilliams@example.org,2023-06-15,United States,33,25-34,Other,Affiliate,2023-06,Power User,16,41
2042,Debra Johnson,alexgarcia@example.net,2023-03-30,United States,34,25-34,Other,Affiliate,2023-03,Power User,9,85
2043,Robert Stevens,crystalwatson@example.com,2023-06-10,India,40,35-44,Other,Organic Search,2023-06,Active,10,11
2044,Jeffrey Freeman,justin08@example.net,2024-05-20,Unknown,26,25-34,Female,Organic Search,2024-05,Power User,10,74
2045,Andrea Donaldson,estradaamy@example.net,2023-01-19,India,18,18-24,Female,Direct,2023-01,Active,8,39
2046,Madison Thomas,trivera@example.com,2023-06-12,United Kingdom,37,35-44,Male,Referral,2023-06,Active,12,30
2047,Andrew Smith,christopherreyes@example.com,2023-02-02,Canada,27,25-34,Male,Organic Search,2023-02,Active,17,35
2048,Sonya Simmons,jameshudson@example.com,2023-08-21,Germany,38,35-44,Male,Organic Search,2023-08,Power User,3,75
2049,Andrew Acosta,veronica30@example.org,2023-12-15,United States,24,18-24,Female,Paid Social,2023-12,Active,17,30
2050,Katherine Miller,robinsonrose@example.org,2024-07-24,Australia,31,25-34,Female,Organic Search,2024-07,Active,1,34
2051,Jacqueline Harrison,vcain@example.net,2024-06-11,Germany,45,45-54,Other,Direct,2024-06,Active,5,14
2052,Kelsey Contreras,barbara85@example.net,2024-03-24,Canada,34,25-34,Female,Paid Social,2024-03,Power User,7,40
2053,Dillon Case,linda33@example.org,2023-04-19,Brazil,45,45-54,Other,Paid Social,2023-04,Power User,3,81
2054,Scott Rodriguez,victor60@example.net,2023-04-15,United States,35,35-44,Other,Paid Social,2023-04,Active,22,15
2055,Danielle Stein,angelarichard@example.org,2024-10-07,United States,31,25-34,Male,Direct,2024-10,Power User,2,42
2056,Jennifer Rivera,terrywilliam@example.com,2023-06-10,Canada,37,35-44,Other,Email Campaign,2023-06,Active,13,22
2057,Erik Small,sanchezcindy@example.net,2024-06-02,India,38,35-44,Female,Organic Search,2024-06,Power User,7,79
2058,William Cook,bsullivan@example.org,2024-10-24,Brazil,35,35-44,Female,Paid Social,2024-10,Power User,1,76
2059,Jennifer Lewis,david37@example.com,2023-07-26,India,24,18-24,Female,Paid Social,2023-07,Active,7,35
2060,Carmen Moore,satkinson@example.org,2023-01-07,Australia,22,18-24,Male,Organic Search,2023-01,Dormant,126,11
2061,Omar Hernandez,brittney11@example.org,2023-10-21,Brazil,23,18-24,Other,Paid Social,2023-10,Power User,24,45
2062,Wendy Smith,fvasquez@example.net,2024-02-29,United States,32,25-34,Female,Organic Search,2024-02,At Risk,44,17
2063,Tamara Graves,antoniocarter@example.com,2024-06-26,France,17,Teen,Female,Direct,2024-06,Power User,1,43
2064,Zachary Miller,williamspatricia@example.com,2024-03-15,Singapore,29,25-34,Female,Paid Social,2024-03,Active,3,18
2065,Stephanie Holloway,mendezlori@example.org,2024-06-12,India,40,35-44,Other,Referral,2024-06,Active,3,32
2066,Kelly Decker,lrodriguez@example.com,2023-05-30,United States,32,25-34,Male,Email Campaign,2023-05,Active,13,13
2067,Ricardo Robertson,dillon79@example.com,2023-03-13,Germany,35,35-44,Male,Organic Search,2023-03,At Risk,71,14
2068,Samuel Ortega,sobrien@example.com,2023-06-18,United States,15,Teen,Female,Organic Search,2023-06,Active,4,15
2069,Matthew Briggs,wpatrick@example.net,2024-11-07,India,33,25-34,Other,Paid Social,2024-11,Active,3,32
2070,Christine Murray,proman@example.com,2024-10-08,France,41,35-44,Other,Paid Social,2024-10,Power User,0,41
2071,Zachary Martinez,benjaminbrown@example.org,2023-10-30,India,26,25-34,Female,Organic Search,2023-10,At Risk,48,19
2072,Michelle Graham,campbellmarvin@example.com,2024-07-20,Australia,23,18-24,Female,Email Campaign,2024-07,Power User,7,50
2073,Laurie Pineda,spearselizabeth@example.net,2023-12-19,France,27,25-34,Male,Organic Search,2023-12,Power User,3,79
2074,Corey Jones,pauladouglas@example.com,2024-09-17,India,37,35-44,Male,Direct,2024-09,Active,3,13
2075,Jonathan Barrett,randalllinda@example.com,2023-07-30,Canada,15,Teen,Other,Organic Search,2023-07,Power User,11,73
2076,Gabriel Levy,ubowers@example.com,2024-03-28,Germany,25,25-34,Other,Paid Social,2024-03,Active,2,38
2077,Catherine Booth,wbarrett@example.net,2024-10-26,France,28,25-34,Female,Organic Search,2024-10,Active,2,19
2078,Felicia Williams,stephanieperry@example.com,2023-03-28,United Kingdom,13,Teen,Male,Paid Social,2023-03,Active,10,28
2079,Michelle Butler,johnmunoz@example.com,2023-05-10,Germany,32,25-34,Other,Direct,2023-05,At Risk,34,41
2080,Aaron Webb,welchjennifer@example.net,2023-04-06,Brazil,41,35-44,Other,Paid Social,2023-04,At Risk,42,38
2081,Natasha Hill,jasoncook@example.net,2024-10-12,United States,14,Teen,Male,Paid Social,2024-10,Active,2,13
2082,Christina Carrillo,lpreston@example.net,2024-07-06,France,28,25-34,Other,Paid Social,2024-07,Power User,1,75
2083,Zachary Bryant,gibsonjennifer@example.net,2023-11-08,India,29,25-34,Other,Referral,2023-11,Power User,0,49
2084,Amy Gallegos,marvin69@example.net,2023-03-03,United States,17,Teen,Female,Direct,2023-03,Power User,10,41
2085,Ethan Garza,mhickman@example.net,2023-05-07,Germany,19,18-24,Male,Paid Social,2023-05,Active,17,14
2086,Mary Riley,pbaker@example.org,2024-04-04,Australia,20,18-24,Female,Organic Search,2024-04,Active,30,13
2087,Trevor Cole,hbaker@example.org,2023-12-14,India,21,18-24,Male,Direct,2023-12,Power User,0,49
2088,Denise Olsen,dsmith@example.org,2024-08-02,India,30,25-34,Other,Email Campaign,2024-08,Active,13,30
2089,Patricia Alvarado,usmith@example.net,2024-06-30,Brazil,54,45-54,Other,Affiliate,2024-06,Power User,1,42
2090,Donna Wilson,nzhang@example.net,2024-11-13,France,13,Teen,Other,Email Campaign,2024-11,Active,0,39
2091,Joshua Gonzalez,saraprice@example.net,2024-01-22,India,25,25-34,Other,Direct,2024-01,At Risk,46,9
2092,Alicia Anderson,pmiller@example.org,2024-06-12,Germany,25,25-34,Other,Paid Social,2024-06,Active,8,34
2093,Jeffery Daniel,gary44@example.com,2024-04-10,Singapore,38,35-44,Male,Organic Search,2024-04,Active,23,9
2094,Margaret Jones,connor44@example.net,2024-02-26,UAE,31,25-34,Male,Organic Search,2024-02,Active,3,38
2095,Andrea Townsend,morganfarrell@example.org,2023-05-14,United States,19,18-24,Female,Referral,2023-05,At Risk,41,34
2096,Ralph Chan,tammy17@example.com,2024-11-24,United Kingdom,13,Teen,Other,Organic Search,2024-11,Power User,1,45
2097,Rachel Kelly,edixon@example.net,2024-02-09,India,31,25-34,Female,Email Campaign,2024-02,Power User,0,95
2098,Danielle Smith,gomezpaul@example.org,2024-03-26,India,32,25-34,Other,Paid Social,2024-03,Power User,2,82
2099,Robert Nichols,gayfrancis@example.com,2024-03-02,Canada,33,25-34,Male,Organic Search,2024-03,Active,4,35
2100,Gerald Price,writter@example.net,2024-12-29,India,37,35-44,Female,Email Campaign,2024-12,Active,0,16
2101,Connor Walsh,ggarcia@example.com,2024-06-25,Singapore,13,Teen,Male,Organic Search,2024-06,Power User,1,43
2102,Phyllis Grant,cherryjulie@example.net,2023-02-03,United States,33,25-34,Other,Organic Search,2023-02,Active,13,14
2103,Andrew Chavez,phughes@example.com,2023-05-02,United Kingdom,23,18-24,Other,Email Campaign,2023-05,Power User,10,40
2104,Mariah Perry,duncanandre@example.net,2024-01-14,Canada,31,25-34,Other,Paid Social,2024-01,Power User,1,89
2105,Brendan Meyer,montesmichelle@example.org,2023-05-01,Brazil,26,25-34,Female,Paid Social,2023-05,Power User,9,49
2106,Molly Peterson DDS,watkinsthomas@example.net,2023-10-29,Australia,26,25-34,Female,Organic Search,2023-10,Power User,15,42
2107,Rodney Carter,hartmandanielle@example.org,2024-08-26,Australia,27,25-34,Female,Organic Search,2024-08,Power User,6,43
2108,Robyn Kidd,brownkevin@example.org,2023-10-18,Singapore,13,Teen,Male,Email Campaign,2023-10,Power User,10,87
2109,Jonathan Rodgers,matthew61@example.net,2023-01-03,India,31,25-34,Male,Paid Social,2023-01,Active,5,17
2110,Brandon Taylor,sjohnson@example.com,2023-02-15,United States,20,18-24,Female,Email Campaign,2023-02,Power User,4,92
2111,Emily Martinez,coxcody@example.com,2024-04-08,Singapore,39,35-44,Female,Paid Social,2024-04,Power User,9,42
2112,Ryan Pierce,brandimiller@example.org,2024-09-12,Brazil,30,25-34,Male,Organic Search,2024-09,Active,6,18
2113,Kimberly Escobar,cainana@example.net,2024-04-16,United States,24,18-24,Female,Paid Social,2024-04,Power User,2,86
2114,Jennifer Barrett,craig60@example.com,2023-11-30,India,25,25-34,Male,Referral,2023-11,Power User,7,84
2115,Leah Rodriguez,joyce21@example.org,2024-02-24,India,37,35-44,Female,Organic Search,2024-02,Active,1,29
2116,Brian Moore,zwilliams@example.com,2024-07-07,Brazil,25,25-34,Male,Paid Social,2024-07,Power User,3,106
2117,Mercedes Garcia,christopherjackson@example.net,2023-10-12,United States,25,25-34,Other,Email Campaign,2023-10,Active,9,11
2118,Tyler Shields,ruizjessica@example.org,2023-01-26,India,25,25-34,Other,Organic Search,2023-01,At Risk,39,37
2119,Laura Blair,veronicasmith@example.net,2023-11-13,United States,18,18-24,Other,Email Campaign,2023-11,Active,21,17
2120,Michael Lee,travisyoung@example.com,2023-03-29,Singapore,46,45-54,Male,Organic Search,2023-03,Power User,7,47
2121,Donna Wright,max69@example.com,2023-02-24,India,27,25-34,Other,Referral,2023-02,Active,25,25
2122,Dr. Jared Lee III,mannjonathan@example.net,2024-05-29,United States,31,25-34,Male,Referral,2024-05,Active,24,19
2123,Michael Anderson,barbaraolsen@example.net,2023-07-04,Germany,25,25-34,Male,Referral,2023-07,Active,2,35
2124,Melinda Anderson,halljohn@example.org,2024-12-23,United States,28,25-34,Other,Organic Search,2024-12,Active,0,13
2125,Michelle Greer,joshuarodriguez@example.org,2024-09-13,Singapore,40,35-44,Female,Paid Social,2024-09,Active,8,21
2126,Nathaniel Floyd,gutierrezmatthew@example.com,2023-01-24,Unknown,24,18-24,Female,Paid Social,2023-01,Power User,3,50
2127,Denise Alvarado,mark66@example.net,2024-06-24,Brazil,28,25-34,Female,Direct,2024-06,Active,9,39
2128,Mary Burns,jamiegomez@example.net,2023-04-12,United Kingdom,32,25-34,Other,Direct,2023-04,Active,16,13
2129,Antonio Small,samuel40@example.com,2023-09-19,India,29,25-34,Male,Organic Search,2023-09,Active,22,21
2130,Stanley Taylor,goodmanalice@example.org,2024-11-25,United States,45,45-54,Male,Organic Search,2024-11,Active,9,16
2131,Jesse Turner,gregory07@example.net,2023-07-05,Brazil,48,45-54,Male,Paid Social,2023-07,Active,0,16
2132,Tracey Nelson,shannonbarker@example.com,2023-04-12,Germany,35,35-44,Female,Email Campaign,2023-04,Power User,0,40
2133,Maria Cruz,iwalker@example.org,2023-09-22,United Kingdom,32,25-34,Female,Paid Social,2023-09,Power User,14,72
2134,Brett Atkins,danielgriffith@example.net,2023-02-23,India,34,25-34,Male,Organic Search,2023-02,Active,8,20
2135,Ashley Roach,julie01@example.net,2023-08-31,Brazil,27,25-34,Female,Paid Social,2023-08,Active,1,37
2136,Kendra White,lisa89@example.net,2023-04-28,India,49,45-54,Female,Referral,2023-04,Active,2,15
2137,Erin Norris,amadden@example.org,2024-02-21,India,13,Teen,Male,Paid Social,2024-02,Power User,1,49
2138,Brian Torres,abradley@example.com,2023-08-28,Australia,45,45-54,Male,Direct,2023-08,Active,5,18
2139,Lori Santiago,zking@example.com,2024-11-22,Australia,32,25-34,Male,Organic Search,2024-11,Power User,0,84
2140,Erika Hodge,cody79@example.org,2023-05-09,Singapore,18,18-24,Female,Direct,2023-05,Power User,6,42
2141,Jeffrey Hart DDS,thomas38@example.com,2024-10-13,Brazil,21,18-24,Other,Paid Social,2024-10,Active,0,37
2142,Christine Gutierrez,cunninghamderrick@example.com,2024-01-18,India,13,Teen,Other,Organic Search,2024-01,Active,0,29
2143,Chad Rojas,garciaveronica@example.net,2024-07-04,Singapore,28,25-34,Female,Organic Search,2024-07,Active,11,24
2144,Jennifer Esparza,nathanjohnson@example.org,2023-02-12,Singapore,29,25-34,Male,Referral,2023-02,Power User,1,72
2145,Lisa Davis,forozco@example.com,2024-09-27,Canada,41,35-44,Female,Email Campaign,2024-09,Active,2,18
2146,Donald Jackson,kylie83@example.org,2023-03-03,India,17,Teen,Female,Organic Search,2023-03,Active,0,18
2147,Stacy Garcia,howetracy@example.org,2024-11-27,Brazil,19,18-24,Female,Direct,2024-11,Active,2,15
2148,Taylor Mullins,sandyramirez@example.com,2023-08-06,United Kingdom,17,Teen,Other,Organic Search,2023-08,At Risk,45,26
2149,Mary Lee,anthonydavis@example.net,2023-06-15,India,37,35-44,Other,Organic Search,2023-06,Active,7,14
2150,Daniel Anderson,jimwilliams@example.org,2023-04-02,India,25,25-34,Female,Organic Search,2023-04,At Risk,63,40
2151,Amanda Swanson,cbrown@example.org,2024-07-23,United Kingdom,29,25-34,Female,Direct,2024-07,Active,8,18
2152,Jessica Watts,michaelsherman@example.com,2024-05-31,United States,30,25-34,Female,Affiliate,2024-05,Active,8,27
2153,Christopher Cameron,thomassmith@example.com,2024-10-12,United Kingdom,29,25-34,Female,Direct,2024-10,Active,4,12
2154,Christian Rodriguez,wrodriguez@example.org,2023-10-07,India,53,45-54,Male,Email Campaign,2023-10,Power User,3,97
2155,Kristen Byrd,hollymartin@example.net,2023-08-04,United States,19,18-24,Female,Organic Search,2023-08,At Risk,40,22
2156,Cindy Cole,olivia29@example.net,2024-12-09,United Kingdom,39,35-44,Male,Referral,2024-12,Power User,0,44
2157,Larry Howe,cherylnorton@example.com,2024-05-02,United States,27,25-34,Male,Direct,2024-05,Power User,6,47
2158,Brandon Perkins,gonzalezkenneth@example.net,2024-02-28,United Kingdom,15,Teen,Other,Affiliate,2024-02,Active,19,8
2159,Shannon Castro,rachelhall@example.net,2024-02-07,Australia,22,18-24,Other,Paid Social,2024-02,Active,21,17
2160,Brandy Holmes,lblankenship@example.net,2024-10-28,Singapore,34,25-34,Male,Paid Social,2024-10,Active,5,16
2161,Lisa Wilkerson,laurenallen@example.org,2024-11-18,Germany,30,25-34,Female,Organic Search,2024-11,Active,2,17
2162,Debbie Rivera,ambermiller@example.net,2024-01-21,UAE,17,Teen,Other,Referral,2024-01,At Risk,84,7
2163,Christine Pratt,mariawilliams@example.com,2024-12-14,Singapore,21,18-24,Male,Paid Social,2024-12,Active,0,39
2164,Andrea Le,hollydavis@example.org,2023-07-17,Brazil,30,25-34,Female,Organic Search,2023-07,Active,3,35
2165,Wendy Morgan,rojasmarc@example.org,2023-10-15,UAE,31,25-34,Other,Email Campaign,2023-10,Active,0,31
2166,Shari Sharp,cannonkimberly@example.net,2023-04-03,Germany,37,35-44,Other,Direct,2023-04,At Risk,76,14
2167,Angela Lee,morriskatherine@example.net,2023-08-15,India,30,25-34,Male,Referral,2023-08,Power User,2,73
2168,Richard Goodman,gonzalespatricia@example.net,2023-02-07,India,26,25-34,Female,Organic Search,2023-02,Dormant,130,9
2169,Brian Rocha,ballvanessa@example.com,2024-09-12,United States,24,18-24,Male,Paid Social,2024-09,Active,4,32
2170,Brittany Barnett,karen42@example.org,2024-10-15,United Kingdom,32,25-34,Female,Organic Search,2024-10,Active,4,13
2171,Roger Roberts,hmitchell@example.org,2024-05-27,United Kingdom,45,45-54,Female,Referral,2024-05,At Risk,74,13
2172,Alexander Greene,edwardstaylor@example.net,2024-08-02,United States,34,25-34,Other,Direct,2024-08,Power User,1,43
2173,Glenn Ward,stanleynina@example.com,2023-03-08,United States,41,35-44,Other,Paid Social,2023-03,Power User,3,40
2174,Jason Salinas,alyssa66@example.net,2023-09-23,United States,44,35-44,Other,Organic Search,2023-09,At Risk,59,36
2175,Roberto Glover,vickiwood@example.org,2023-10-08,India,24,18-24,Male,Email Campaign,2023-10,Active,2,26
2176,John Russell,jblair@example.net,2024-12-10,United States,34,25-34,Other,Referral,2024-12,Power User,0,90
2177,Henry Lutz,robertchase@example.net,2024-07-27,Brazil,34,25-34,Female,Organic Search,2024-07,Power User,1,41
2178,Sharon King,davidbrown@example.org,2024-11-20,India,28,25-34,Other,Organic Search,2024-11,Active,0,30
2179,Mario Green,zamorarose@example.net,2024-03-18,Singapore,29,25-34,Female,Referral,2024-03,Active,12,16
2180,Jamie Gallagher,amywells@example.org,2024-04-22,India,30,25-34,Female,Organic Search,2024-04,Active,12,12
2181,Michael Montgomery,rossjohn@example.net,2023-08-18,UAE,34,25-34,Male,Paid Social,2023-08,Power User,16,40
2182,Monica Russell,jessica89@example.net,2024-04-04,Unknown,32,25-34,Female,Organic Search,2024-04,Active,24,10
2183,Nathan Kirk,andrewsuarez@example.net,2023-03-25,United Kingdom,36,35-44,Other,Email Campaign,2023-03,Active,16,36
2184,Shane Short,tlewis@example.com,2023-08-20,UAE,46,45-54,Other,Organic Search,2023-08,Active,18,15
2185,Jacqueline Roberts,sonia62@example.com,2023-09-13,United Kingdom,26,25-34,Male,Direct,2023-09,Power User,7,99
2186,Gina Vega,lopezkristina@example.net,2024-10-03,India,13,Teen,Other,Organic Search,2024-10,Power User,0,94
2187,Jason Ramirez,james01@example.com,2023-01-25,United States,28,25-34,Other,Email Campaign,2023-01,Active,27,17
2188,Monica Richardson,william88@example.org,2023-09-14,Germany,14,Teen,Male,Organic Search,2023-09,Power User,6,88
2189,Julie Decker,mariahill@example.net,2023-12-15,United States,33,25-34,Male,Affiliate,2023-12,Power User,0,93
2190,Amy Farrell,nunezmatthew@example.com,2023-08-31,Canada,39,35-44,Male,Organic Search,2023-08,Power User,1,99
2191,Joseph Matthews,jamesrobinson@example.com,2023-04-08,Unknown,24,18-24,Other,Organic Search,2023-04,Dormant,103,13
2192,Ann Dawson,fosterjeffrey@example.org,2023-03-04,Singapore,38,35-44,Male,Affiliate,2023-03,At Risk,54,45
2193,Lisa Gonzalez,ufox@example.org,2024-12-11,Australia,49,45-54,Male,Organic Search,2024-12,Active,0,12
2194,Mathew Key,mccoyjames@example.org,2024-03-28,Australia,21,18-24,Male,Organic Search,2024-03,Active,15,36
2195,Bradley Brady,khanmelissa@example.net,2023-03-09,France,38,35-44,Male,Direct,2023-03,Power User,2,42
2196,Tyler Garrison,uchang@example.com,2023-10-29,United Kingdom,25,25-34,Female,Paid Social,2023-10,Active,23,36
2197,Alyssa Rodriguez PhD,smithjack@example.org,2024-02-25,United States,25,25-34,Male,Referral,2024-02,Active,7,15
2198,Dana Bennett,dunnmary@example.net,2024-09-30,Canada,45,45-54,Male,Affiliate,2024-09,Power User,1,82
2199,Samantha Carlson,fwalsh@example.com,2024-03-14,Germany,29,25-34,Other,Organic Search,2024-03,Active,9,34
2200,Jacob Conner,nrangel@example.net,2024-11-22,India,41,35-44,Male,Organic Search,2024-11,Active,2,19
2201,Bryce Fox,normajones@example.net,2023-07-17,United States,43,35-44,Male,Direct,2023-07,Active,11,24
2202,John Massey,daniel43@example.org,2023-03-11,India,24,18-24,Other,Paid Social,2023-03,At Risk,34,79
2203,Brooke Lewis,katherinerussell@example.org,2024-08-09,France,31,25-34,Male,Direct,2024-08,Power User,5,88
2204,Billy Scott,charleshayes@example.com,2024-03-07,India,17,Teen,Female,Paid Social,2024-03,Active,7,33
2205,Joshua Shepard,dominguezmeredith@example.com,2023-09-06,Australia,15,Teen,Male,Direct,2023-09,Active,27,17
2206,Timothy Patterson,gallegoscrystal@example.com,2023-11-16,United Kingdom,43,35-44,Other,Referral,2023-11,Active,10,15
2207,Richard Smith,stonecody@example.net,2024-01-02,United Kingdom,19,18-24,Female,Paid Social,2024-01,Active,11,16
2208,Christina Myers,acevedonancy@example.org,2023-05-30,Brazil,31,25-34,Male,Referral,2023-05,Active,0,16
2209,Jesus Flores,meyerskathryn@example.com,2023-10-26,India,22,18-24,Female,Direct,2023-10,Power User,1,45
2210,Gilbert Williams,corythompson@example.org,2024-11-04,United Kingdom,27,25-34,Other,Organic Search,2024-11,Active,5,17
2211,Karina Boone,lhicks@example.com,2024-07-26,Singapore,25,25-34,Male,Organic Search,2024-07,Active,10,11
2212,Victoria Guerra,phines@example.org,2023-07-25,United States,17,Teen,Other,Direct,2023-07,Power User,8,79
2213,Julian Leon,kara01@example.org,2023-12-16,United States,31,25-34,Male,Organic Search,2023-12,Active,0,35
2214,Scott Durham,vdeleon@example.com,2024-04-23,India,15,Teen,Other,Referral,2024-04,Active,3,39
2215,Nathaniel Brown,ricklewis@example.net,2024-08-02,United Kingdom,27,25-34,Female,Affiliate,2024-08,Active,2,37
2216,Wendy Carpenter,shannon09@example.org,2023-06-16,UAE,24,18-24,Male,Email Campaign,2023-06,Power User,10,43
2217,Michelle Chavez,prattjustin@example.org,2023-02-13,Brazil,30,25-34,Female,Organic Search,2023-02,Dormant,122,14
2218,Loretta Garrett,brandi26@example.net,2023-08-17,India,36,35-44,Other,Paid Social,2023-08,Active,18,36
2219,Maria Malone,qkane@example.com,2023-09-02,Unknown,27,25-34,Female,Referral,2023-09,Active,2,32
2220,Richard Riley,hdavis@example.com,2023-12-06,Canada,13,Teen,Other,Direct,2023-12,Active,15,38
2221,Jonathan Collins,dylancunningham@example.com,2023-01-07,Canada,31,25-34,Female,Paid Social,2023-01,Power User,1,93
2222,Richard Weiss,stephaniezamora@example.org,2024-07-22,India,21,18-24,Male,Organic Search,2024-07,Power User,1,103
2223,Teresa Russell,kimberly66@example.net,2024-10-08,Canada,34,25-34,Other,Direct,2024-10,Active,2,38
2224,Joyce Butler,branchthomas@example.com,2023-01-31,Unknown,27,25-34,Male,Email Campaign,2023-01,Active,12,15
2225,Tommy Ramsey,maygordon@example.org,2023-09-26,India,36,35-44,Other,Email Campaign,2023-09,Power User,6,76
2226,Stephanie Meyer,markbates@example.com,2023-09-09,India,13,Teen,Male,Organic Search,2023-09,Power User,15,47
2227,Toni Clay,hufftina@example.org,2023-09-26,Germany,24,18-24,Male,Paid Social,2023-09,Active,8,37
2228,Gloria Dunn,jarvisrachel@example.net,2024-01-24,Canada,25,25-34,Other,Organic Search,2024-01,Active,0,39
2229,Jessica Adams,richardhines@example.net,2023-08-04,Brazil,26,25-34,Female,Organic Search,2023-08,At Risk,31,12
2230,Tammy Robinson,wberry@example.com,2024-01-17,United States,20,18-24,Other,Paid Social,2024-01,Active,10,15
2231,Sonya Miranda,gstokes@example.net,2024-09-30,United States,29,25-34,Female,Email Campaign,2024-09,Active,1,10
2232,Jennifer Hernandez,ashley14@example.org,2023-05-28,United States,31,25-34,Male,Direct,2023-05,Dormant,249,8
2233,Carly Goodwin,melissa40@example.org,2024-01-23,United States,36,35-44,Other,Organic Search,2024-01,Power User,8,46
2234,Susan Price,smithmelissa@example.com,2024-10-13,United Kingdom,43,35-44,Male,Organic Search,2024-10,Active,0,23
2235,Angela Barnett,wilsontina@example.com,2024-08-24,India,31,25-34,Male,Referral,2024-08,Power User,2,67
2236,Anthony Wong,madison00@example.org,2023-06-02,United Kingdom,17,Teen,Female,Paid Social,2023-06,Power User,6,44
2237,Jesse Ayala,cartercatherine@example.net,2023-10-14,Singapore,27,25-34,Male,Direct,2023-10,Power User,2,44
2238,Charles Blair,monicaavery@example.net,2024-05-15,India,32,25-34,Male,Paid Social,2024-05,Active,19,18
2239,Kyle Myers,dananelson@example.com,2024-11-10,India,30,25-34,Other,Email Campaign,2024-11,Active,1,31
2240,Pamela Jenkins,kleinshane@example.org,2024-10-22,United States,19,18-24,Other,Referral,2024-10,Active,4,12
2241,Nichole Vasquez,caitlyncooper@example.net,2023-07-03,India,36,35-44,Female,Paid Social,2023-07,Active,19,36
2242,Tara Jones,dlivingston@example.org,2024-05-09,India,28,25-34,Other,Email Campaign,2024-05,Power User,0,87
2243,Cory Harris,andrew88@example.com,2024-08-18,Brazil,31,25-34,Female,Paid Social,2024-08,Active,0,32
2244,Timothy Harris,christopheranderson@example.com,2024-10-27,United States,35,35-44,Male,Paid Social,2024-10,Active,0,17
2245,Daniel Ferrell,irodriguez@example.org,2024-04-07,India,31,25-34,Male,Email Campaign,2024-04,Power User,2,49
2246,Brian Christensen,erikamiller@example.org,2024-01-22,United States,28,25-34,Other,Email Campaign,2024-01,Active,5,14
2247,Jon Berry,mandypetty@example.com,2023-09-18,India,47,45-54,Other,Referral,2023-09,Active,10,15
2248,Michael Phillips,nicholas33@example.com,2023-10-30,India,29,25-34,Female,Organic Search,2023-10,Power User,6,42
2249,Sean Carter,brittany29@example.com,2023-02-12,India,33,25-34,Female,Affiliate,2023-02,Power User,17,88
2250,Anthony Hayes,dudleycody@example.com,2024-04-06,India,19,18-24,Female,Direct,2024-04,Active,4,19
2251,Charles Ford,marilyn67@example.net,2024-05-24,Singapore,19,18-24,Female,Referral,2024-05,Power User,0,101
2252,Roy Fowler,kcontreras@example.org,2024-03-28,India,24,18-24,Male,Organic Search,2024-03,Active,23,17
2253,Ashley Lee,lshannon@example.net,2023-03-26,Canada,29,25-34,Female,Referral,2023-03,Active,14,17
2254,Katherine Simon,ijackson@example.com,2024-10-21,Germany,36,35-44,Male,Paid Social,2024-10,Active,1,31
2255,Kimberly Mcdowell,bhall@example.org,2023-04-11,United Kingdom,16,Teen,Male,Organic Search,2023-04,Active,1,19
2256,Darryl Christensen,amyferrell@example.com,2023-07-25,Germany,13,Teen,Female,Email Campaign,2023-07,Active,10,8
2257,Jessica Becker,vasquezjacqueline@example.net,2023-11-06,United States,58,55+,Other,Organic Search,2023-11,Active,3,16
2258,Kathleen Mccullough,chavezisabel@example.com,2023-10-09,India,28,25-34,Male,Direct,2023-10,At Risk,32,13
2259,Charles Hopkins,michellesmith@example.org,2024-07-10,France,31,25-34,Female,Email Campaign,2024-07,Active,21,10
2260,Angelica Long,henrysoto@example.com,2023-12-21,Germany,28,25-34,Female,Paid Social,2023-12,Active,2,34
2261,Melissa Sullivan,alexis58@example.com,2024-11-02,United Kingdom,13,Teen,Male,Direct,2024-11,Active,3,32
2262,Kenneth Murphy,jessicamills@example.org,2023-06-02,United States,27,25-34,Female,Referral,2023-06,Power User,2,78
2263,Kristin Ferguson,wnovak@example.net,2023-08-03,India,40,35-44,Female,Email Campaign,2023-08,Power User,0,40
2264,Joshua Smith,joe99@example.net,2024-07-19,India,43,35-44,Female,Referral,2024-07,Power User,1,44
2265,Tiffany Holt,davidsellers@example.com,2023-03-29,Unknown,13,Teen,Female,Organic Search,2023-03,At Risk,33,52
2266,Melissa Romero,eileendaniels@example.net,2024-12-15,United Kingdom,37,35-44,Female,Organic Search,2024-12,Power User,0,70
2267,Lisa Spencer,deborah49@example.com,2024-07-25,Unknown,31,25-34,Male,Organic Search,2024-07,Active,3,12
2268,Katie Rivers,hollandjustin@example.com,2023-05-12,Germany,33,25-34,Female,Paid Social,2023-05,Active,21,24
2269,Cynthia Stephens,dominguezscott@example.com,2024-11-05,India,25,25-34,Female,Email Campaign,2024-11,Power User,4,42
2270,Mary Johnson,mmyers@example.net,2024-12-03,Canada,15,Teen,Female,Organic Search,2024-12,Active,0,14
2271,Amy Burton,xhill@example.org,2023-11-03,Brazil,28,25-34,Female,Referral,2023-11,Power User,2,79
2272,Chris Hanson,isimpson@example.com,2023-02-02,India,29,25-34,Male,Direct,2023-02,Active,18,31
2273,Beverly Black,twagner@example.org,2023-12-05,Germany,32,25-34,Other,Organic Search,2023-12,Active,1,17
2274,Melanie Smith,troybrady@example.net,2024-09-14,United Kingdom,27,25-34,Other,Paid Social,2024-09,Power User,0,41
2275,Derrick Johnson,faithsparks@example.com,2023-07-29,United States,34,25-34,Female,Organic Search,2023-07,Active,18,13
2276,Melissa Carroll,karla66@example.net,2024-05-01,United States,20,18-24,Male,Paid Social,2024-05,Power User,1,89
2277,Paul Phelps,nunezgary@example.net,2024-10-16,India,57,55+,Female,Direct,2024-10,Power User,0,98
2278,Christina Gomez,john86@example.com,2024-07-20,United States,22,18-24,Male,Organic Search,2024-07,Active,8,37
2279,Laura Adams,jacob32@example.net,2024-05-15,India,36,35-44,Male,Affiliate,2024-05,Active,5,21
2280,Stephanie Armstrong,ogreer@example.org,2024-01-31,United States,31,25-34,Female,Paid Social,2024-01,Active,4,11
2281,Sydney Lopez,petersonfrank@example.org,2024-06-20,United States,28,25-34,Male,Paid Social,2024-06,Active,4,39
2282,Wayne Jackson,jennifer72@example.com,2023-01-12,Canada,25,25-34,Male,Affiliate,2023-01,Power User,2,88
2283,Melissa Garcia,mirandawalker@example.net,2024-02-05,India,25,25-34,Male,Paid Social,2024-02,Active,22,13
2284,Matthew Stone,castropeter@example.com,2024-03-04,India,25,25-34,Female,Direct,2024-03,Active,3,18
2285,Frank Freeman,jherring@example.com,2023-07-31,India,25,25-34,Male,Organic Search,2023-07,Active,0,11
2286,Marcus Rich,mallory30@example.org,2024-12-27,Canada,27,25-34,Other,Organic Search,2024-12,Active,0,38
2287,Carmen Gonzalez,housedaniel@example.com,2023-11-14,India,42,35-44,Other,Referral,2023-11,Power User,3,69
2288,Christine Parker,brandi40@example.org,2024-04-14,United Kingdom,22,18-24,Female,Organic Search,2024-04,At Risk,40,20
2289,Daniel Thompson,kelly15@example.com,2024-04-01,Canada,13,Teen,Male,Organic Search,2024-04,Active,26,16
2290,Robert West,lisaalvarez@example.net,2023-09-10,India,43,35-44,Other,Referral,2023-09,Active,3,28
2291,Maria Rodriguez,brandon94@example.org,2024-05-17,UAE,17,Teen,Female,Email Campaign,2024-05,Power User,2,69
2292,Joseph Bright,johnsonmichael@example.com,2023-04-04,India,46,45-54,Female,Organic Search,2023-04,Power User,0,91
2293,Norma Smith,mhoffman@example.net,2023-12-22,United States,28,25-34,Other,Paid Social,2023-12,Power User,18,40
2294,Hannah Martin,david88@example.net,2024-02-05,United States,37,35-44,Other,Paid Social,2024-02,Active,5,20
2295,Tyler Shields,savannahgrant@example.com,2024-03-01,Brazil,16,Teen,Male,Affiliate,2024-03,Active,2,34
2296,Edwin Jackson,csparks@example.net,2024-03-18,Brazil,40,35-44,Female,Organic Search,2024-03,Power User,1,64
2297,Dr. Diana Chen,gmccarthy@example.com,2024-12-16,UAE,30,25-34,Other,Referral,2024-12,Power User,0,88
2298,Sarah Roberts,yoconnell@example.com,2023-02-14,Canada,13,Teen,Male,Organic Search,2023-02,Power User,23,43
2299,Robin Patterson,kevinmendez@example.org,2024-10-05,UAE,22,18-24,Other,Paid Social,2024-10,Power User,1,44
2300,Eric Fowler,anthony00@example.org,2024-12-15,United States,27,25-34,Other,Paid Social,2024-12,Power User,0,87
2301,Sonya Wilcox,charlesyoung@example.net,2024-05-20,United States,35,35-44,Female,Affiliate,2024-05,Active,0,35
2302,John Boyd,miranda13@example.org,2024-01-13,United Kingdom,30,25-34,Male,Direct,2024-01,Active,4,14
2303,Eric Rosales,lpeters@example.net,2023-11-30,India,38,35-44,Female,Paid Social,2023-11,Active,3,35
2304,Jonathan Jefferson DVM,ncruz@example.net,2024-06-02,UAE,14,Teen,Male,Organic Search,2024-06,Power User,7,83
2305,Eileen Gutierrez,rodneynolan@example.com,2024-12-12,India,36,35-44,Other,Direct,2024-12,Active,0,32
2306,Tamara Roberts,andersonmeghan@example.net,2024-02-13,United Kingdom,21,18-24,Male,Direct,2024-02,Power User,1,79
2307,Rhonda Rodriguez,foxlinda@example.org,2023-04-28,India,36,35-44,Other,Organic Search,2023-04,Power User,2,45
2308,Sherry Brewer,jamesbrown@example.org,2024-04-20,United States,31,25-34,Female,Paid Social,2024-04,Active,10,16
2309,Brandon Sanchez,claire06@example.net,2024-11-03,Canada,41,35-44,Male,Email Campaign,2024-11,Active,16,16
2310,Joseph Wang,tracy38@example.com,2024-04-27,India,34,25-34,Female,Organic Search,2024-04,Power User,0,93
2311,Richard Yoder,fstone@example.net,2023-01-19,Australia,31,25-34,Other,Organic Search,2023-01,Power User,8,46
2312,Kristina Baker,qmarshall@example.net,2024-07-01,United Kingdom,13,Teen,Other,Affiliate,2024-07,At Risk,35,17
2313,Luke Dixon,nicholashuffman@example.org,2023-01-12,United States,42,35-44,Other,Referral,2023-01,Power User,6,80
2314,Brian Brown,qreyes@example.net,2023-07-02,Canada,51,45-54,Male,Organic Search,2023-07,Power User,11,41
2315,Arthur Mcdaniel,jenniferhorne@example.net,2024-06-29,India,31,25-34,Male,Organic Search,2024-06,Power User,0,74
2316,Mary Levy,scottlove@example.org,2024-10-12,Brazil,17,Teen,Other,Affiliate,2024-10,Active,0,35
2317,Susan Lewis,nguyengerald@example.net,2023-04-16,Australia,15,Teen,Female,Paid Social,2023-04,Active,16,19
2318,Gabriel Nash,gkeith@example.net,2024-09-04,India,17,Teen,Male,Organic Search,2024-09,Active,2,38
2319,Steven Nguyen,bowmanjoel@example.net,2023-07-26,United Kingdom,24,18-24,Male,Email Campaign,2023-07,Power User,3,86
2320,Justin Parker,jacqueline39@example.net,2023-04-04,Brazil,38,35-44,Male,Affiliate,2023-04,Active,25,20
2321,Patrick Snyder,umartinez@example.net,2023-12-12,Singapore,26,25-34,Male,Paid Social,2023-12,Power User,4,76
2322,Debbie King,lindseyroberts@example.org,2023-04-09,Canada,49,45-54,Other,Paid Social,2023-04,Active,11,22
2323,Jeremy Summers,ucarr@example.org,2024-03-01,India,43,35-44,Other,Referral,2024-03,Active,4,37
2324,Christopher Rivera,ksmith@example.org,2024-07-29,Germany,32,25-34,Other,Affiliate,2024-07,Power User,9,50
2325,John Woodard,fwolf@example.net,2024-07-08,India,39,35-44,Female,Affiliate,2024-07,Power User,0,98
2326,Alfred Leonard,devon88@example.org,2023-08-07,Singapore,31,25-34,Male,Organic Search,2023-08,Active,21,29
2327,Shari Kelley,taylormichael@example.net,2024-02-16,Brazil,37,35-44,Other,Organic Search,2024-02,Active,3,36
2328,Robert Parks MD,benjaminwilliams@example.net,2024-04-14,Unknown,13,Teen,Male,Affiliate,2024-04,Power User,1,75
2329,Michele Watson,nbailey@example.net,2024-10-27,India,31,25-34,Other,Organic Search,2024-10,Active,3,17
2330,Tammy Tyler,jack86@example.org,2023-08-12,Singapore,36,35-44,Female,Affiliate,2023-08,Active,11,11
2331,James Miller,harrisjoshua@example.com,2023-04-15,Germany,48,45-54,Other,Paid Social,2023-04,At Risk,40,15
2332,Shelby Duncan,daniel15@example.org,2024-08-05,United States,34,25-34,Male,Affiliate,2024-08,Active,4,35
2333,Timothy Mcmahon,johnsonedward@example.net,2023-11-29,United Kingdom,34,25-34,Other,Organic Search,2023-11,Active,8,38
2334,Matthew Moss,elizabeth14@example.org,2024-12-11,Germany,27,25-34,Male,Direct,2024-12,Power User,0,80
2335,Wendy Miller,brianmorrow@example.org,2024-12-05,India,22,18-24,Female,Email Campaign,2024-12,Active,0,31
2336,Mark Dennis,hdavis@example.org,2023-03-11,United Kingdom,35,35-44,Female,Email Campaign,2023-03,At Risk,36,21
2337,Toni Ortiz,clarkdavid@example.net,2024-04-04,United States,35,35-44,Female,Affiliate,2024-04,Power User,3,72
2338,Audrey Reyes,brianobrien@example.net,2024-05-30,United States,20,18-24,Other,Organic Search,2024-05,At Risk,38,15
2339,Amanda Taylor,andersonhenry@example.org,2023-01-22,United States,29,25-34,Other,Organic Search,2023-01,Power User,19,76
2340,Marcus Blair,dorothy87@example.org,2023-08-31,India,31,25-34,Other,Paid Social,2023-08,At Risk,60,20
2341,Joshua Guerrero,carterjames@example.com,2023-03-23,United States,30,25-34,Male,Affiliate,2023-03,Dormant,149,11
2342,Ashley Duran,qcurtis@example.com,2023-07-26,UAE,35,35-44,Male,Referral,2023-07,At Risk,35,42
2343,Melanie Garrett,gregory14@example.org,2023-09-01,India,50,45-54,Other,Affiliate,2023-09,Active,4,18
2344,Vicki Hernandez,sandraheath@example.net,2023-12-03,UAE,32,25-34,Male,Paid Social,2023-12,Active,22,12
2345,Holly Ponce,nicholas09@example.org,2023-02-10,UAE,53,45-54,Other,Direct,2023-02,Active,12,33
2346,April Galvan,efranco@example.net,2023-10-23,Unknown,28,25-34,Male,Email Campaign,2023-10,At Risk,63,17
2347,Crystal Chavez,david97@example.org,2023-12-17,Canada,40,35-44,Male,Organic Search,2023-12,At Risk,34,7
2348,Kimberly Hughes,joshuacoleman@example.com,2024-11-11,India,17,Teen,Male,Organic Search,2024-11,Active,6,18
2349,Paula Johnson,jasonjohnson@example.org,2023-08-16,United States,16,Teen,Other,Paid Social,2023-08,Power User,9,46
2350,Christopher Hall,bconrad@example.org,2023-07-07,India,27,25-34,Female,Affiliate,2023-07,Active,29,37
2351,Jessica Griffith,kramirez@example.net,2024-05-18,United Kingdom,38,35-44,Male,Organic Search,2024-05,Active,6,14
2352,Carlos Heath,reynoldsmichelle@example.org,2023-05-25,India,15,Teen,Male,Organic Search,2023-05,Active,13,39
2353,Melinda May,petersonjose@example.org,2024-07-16,India,38,35-44,Male,Direct,2024-07,Power User,1,44
2354,Caleb Jensen,jacquelinedelacruz@example.org,2024-04-23,Germany,38,35-44,Female,Affiliate,2024-04,Power User,6,43
2355,Jay Buchanan,kfrye@example.net,2024-03-10,United States,31,25-34,Male,Referral,2024-03,Power User,4,42
2356,Jeffery Thompson,woodbrittany@example.com,2024-08-13,Australia,27,25-34,Female,Referral,2024-08,Active,28,12
2357,Danielle Hamilton,johnskinner@example.org,2024-05-07,United States,43,35-44,Male,Organic Search,2024-05,Active,1,34
2358,Kayla Williams,williamsbrian@example.org,2024-01-22,UAE,40,35-44,Male,Paid Social,2024-01,Power User,7,70
2359,Ashlee Ross,shafferjill@example.com,2024-09-16,Australia,31,25-34,Other,Referral,2024-09,Power User,0,48
2360,Kelly Burnett,burnsrodney@example.org,2024-05-08,United Kingdom,40,35-44,Male,Referral,2024-05,Active,30,14
2361,Ashley Cooper,seth29@example.org,2023-03-27,Australia,31,25-34,Female,Email Campaign,2023-03,At Risk,70,12
2362,Brian Brown,fordjames@example.org,2023-06-29,Canada,37,35-44,Female,Paid Social,2023-06,Power User,7,82
2363,Joseph Hill,martinnovak@example.com,2023-10-18,India,23,18-24,Female,Direct,2023-10,Power User,2,43
2364,Allison Cunningham,james62@example.org,2023-12-08,United States,40,35-44,Male,Direct,2023-12,Active,17,18
2365,Jeffery Jordan,michaelvillarreal@example.net,2023-07-14,India,36,35-44,Male,Direct,2023-07,Dormant,101,16
2366,Cristian Lambert,tyler31@example.net,2024-01-19,Singapore,17,Teen,Female,Affiliate,2024-01,Power User,11,82
2367,Sara Preston,catherinemoore@example.com,2024-02-09,United States,19,18-24,Other,Affiliate,2024-02,Active,15,11
2368,Kelly Rivas,fmorrow@example.com,2024-10-18,France,22,18-24,Other,Direct,2024-10,Power User,6,40
2369,Jeffery Collins,dsmith@example.com,2023-05-08,Canada,44,35-44,Female,Paid Social,2023-05,At Risk,36,39
2370,Kevin Estrada,courtney01@example.org,2024-03-22,United Kingdom,33,25-34,Female,Direct,2024-03,Power User,2,45
2371,Lauren Stephens,sloanbenjamin@example.net,2023-12-23,India,28,25-34,Other,Paid Social,2023-12,Active,11,19
2372,Lynn Adams,hooveranna@example.net,2024-01-13,India,17,Teen,Other,Email Campaign,2024-01,Active,12,11
2373,Richard Williams,edwardselizabeth@example.net,2024-03-10,India,33,25-34,Other,Email Campaign,2024-03,Power User,1,79
2374,Tanya Foster,mortonkenneth@example.net,2024-01-06,United Kingdom,31,25-34,Other,Email Campaign,2024-01,Active,11,37
2375,Kevin Jennings,pfowler@example.org,2024-11-12,India,29,25-34,Other,Affiliate,2024-11,Power User,0,86
2376,Jason Reyes,jreyes@example.net,2024-11-28,Singapore,23,18-24,Male,Referral,2024-11,Active,0,26
2377,Mr. David Rivas,hernandeztodd@example.org,2024-11-09,United Kingdom,33,25-34,Male,Organic Search,2024-11,Power User,0,82
2378,Donna Carroll,samuel38@example.net,2024-10-21,Singapore,24,18-24,Other,Organic Search,2024-10,Power User,0,65
2379,Rodney Baker,forbessean@example.org,2024-08-23,Canada,20,18-24,Male,Organic Search,2024-08,Power User,0,48
2380,John Robertson,qcharles@example.org,2024-03-09,Germany,34,25-34,Male,Paid Social,2024-03,At Risk,31,12
2381,Mary Mccoy,danieljenkins@example.org,2023-11-06,United States,35,35-44,Other,Referral,2023-11,Active,22,35
2382,Michael Gilbert,cody81@example.org,2024-01-27,United States,24,18-24,Other,Affiliate,2024-01,Active,13,37
2383,Tonya Simon,hlester@example.org,2023-04-02,India,29,25-34,Male,Affiliate,2023-04,Active,14,36
2384,Tanya Shannon,sarah80@example.org,2023-12-19,India,21,18-24,Male,Affiliate,2023-12,Power User,0,87
2385,Sophia Boyd,amanda21@example.com,2024-02-12,India,29,25-34,Other,Direct,2024-02,Active,8,17
2386,Timothy Ryan,ashleyalexander@example.net,2024-05-18,Canada,32,25-34,Male,Organic Search,2024-05,Active,9,14
2387,Francisco Estrada,cainjordan@example.org,2024-03-03,United States,41,35-44,Other,Affiliate,2024-03,Power User,0,45
2388,Jamie Duran,meganjames@example.org,2024-03-17,India,44,35-44,Male,Paid Social,2024-03,Active,13,20
2389,Leslie Moody,villawilliam@example.com,2023-05-18,India,47,45-54,Male,Affiliate,2023-05,Active,9,36
2390,Paul Lane,gcastro@example.org,2023-04-23,India,31,25-34,Female,Paid Social,2023-04,Power User,0,77
2391,Henry Reeves,dbeck@example.com,2023-07-25,United States,40,35-44,Male,Organic Search,2023-07,Power User,29,44
2392,Jeffery Snyder,rebecca19@example.com,2023-07-16,UAE,25,25-34,Female,Referral,2023-07,Power User,1,94
2393,Courtney Sharp,gregorymitchell@example.net,2024-03-27,United States,30,25-34,Other,Organic Search,2024-03,Active,15,36
2394,Jennifer Carter,daniel79@example.net,2024-10-13,United States,37,35-44,Male,Email Campaign,2024-10,Power User,0,42
2395,Sandy Bennett,dyersara@example.net,2023-05-08,India,17,Teen,Female,Referral,2023-05,Active,14,38
2396,Jesse Edwards,jenniferwalls@example.com,2023-08-29,United States,33,25-34,Female,Affiliate,2023-08,Active,10,15
2397,Charles Zavala,wallaceeric@example.com,2023-01-10,Germany,24,18-24,Male,Organic Search,2023-01,Active,6,36
2398,Beth Shaw,bethany36@example.com,2024-11-12,India,23,18-24,Other,Organic Search,2024-11,Active,7,14
2399,Lisa Beard,josephross@example.net,2023-08-05,France,37,35-44,Other,Paid Social,2023-08,Power User,7,80
2400,Nicole Wallace DDS,tracifoster@example.org,2024-06-16,India,35,35-44,Female,Organic Search,2024-06,Active,4,12
2401,Daniel Gallegos,ejohnson@example.org,2023-12-12,India,29,25-34,Other,Organic Search,2023-12,Active,6,19
2402,Carla Hoover,michaelcampos@example.net,2023-12-18,India,22,18-24,Female,Referral,2023-12,Power User,13,41
2403,Jason Smith,jenniferrodriguez@example.org,2024-11-12,India,32,25-34,Female,Email Campaign,2024-11,Active,0,39
2404,Jorge Morales,tinawilliams@example.com,2023-12-31,United States,38,35-44,Female,Paid Social,2023-12,Active,8,14
2405,Kathleen Baker,kentmichael@example.com,2024-12-16,United States,41,35-44,Female,Affiliate,2024-12,Active,0,15
2406,Denise French,pattersondebra@example.org,2023-05-23,Singapore,29,25-34,Male,Paid Social,2023-05,Power User,0,83
2407,Kari Buck,emorales@example.com,2023-10-14,United Kingdom,27,25-34,Other,Organic Search,2023-10,Power User,6,40
2408,Laura Payne,bartondavid@example.com,2024-04-07,India,19,18-24,Other,Direct,2024-04,Active,3,20
2409,James Whitaker,paynestephanie@example.net,2024-06-11,India,45,45-54,Female,Paid Social,2024-06,Power User,9,43
2410,Ryan Garcia,collinmiller@example.com,2024-10-15,Unknown,38,35-44,Female,Direct,2024-10,Active,22,14
2411,Theresa Gardner,marydean@example.com,2023-02-16,United Kingdom,30,25-34,Other,Paid Social,2023-02,Active,7,7
2412,Jessica Conrad,hollyperkins@example.net,2024-09-13,Brazil,24,18-24,Female,Referral,2024-09,Power User,0,87
2413,Kevin Werner,sbradley@example.org,2023-03-25,Brazil,40,35-44,Female,Paid Social,2023-03,Power User,0,42
2414,Catherine Kirk,rodriguezchristina@example.net,2024-05-02,Australia,21,18-24,Other,Paid Social,2024-05,Active,3,18
2415,Stacy Williams,pvang@example.net,2024-01-30,United States,18,18-24,Female,Paid Social,2024-01,Power User,2,78
2416,Crystal Carlson,joneschristian@example.net,2024-06-16,India,26,25-34,Other,Organic Search,2024-06,Active,9,39
2417,Michael Martinez,uclark@example.org,2023-02-02,India,26,25-34,Male,Organic Search,2023-02,At Risk,53,12
2418,Mr. Kristopher Curtis,mark90@example.com,2024-11-20,United States,21,18-24,Other,Organic Search,2024-11,Active,0,35
2419,Anthony Knapp,lindsay48@example.net,2024-04-01,Brazil,51,45-54,Male,Organic Search,2024-04,Power User,0,81
2420,Lisa Reynolds,rfleming@example.net,2023-09-07,Canada,47,45-54,Male,Paid Social,2023-09,Active,11,38
2421,Adrian Gibbs,ywilliams@example.com,2024-12-17,Unknown,30,25-34,Male,Organic Search,2024-12,Power User,0,41
2422,Steven Duncan,leroy57@example.com,2023-01-30,United Kingdom,25,25-34,Male,Direct,2023-01,Power User,0,45
2423,Alyssa Anderson,kayla33@example.net,2024-01-28,India,26,25-34,Female,Direct,2024-01,Power User,9,44
2424,Cathy Barnes,jonathan66@example.org,2024-05-02,United States,19,18-24,Other,Paid Social,2024-05,Active,7,33
2425,Crystal Brown,brian65@example.net,2024-07-01,India,28,25-34,Other,Referral,2024-07,Active,6,34
2426,Edward Richmond,lmartin@example.org,2024-12-09,United States,43,35-44,Female,Direct,2024-12,Active,0,18
2427,Emily Taylor,epatterson@example.net,2024-09-07,Germany,35,35-44,Male,Paid Social,2024-09,Power User,1,85
2428,Douglas Lucero,christina60@example.org,2024-01-26,United Kingdom,28,25-34,Other,Organic Search,2024-01,Active,21,18
2429,Danielle Robles,watsonteresa@example.net,2024-03-23,India,33,25-34,Male,Direct,2024-03,Power User,13,40
2430,John Black,aholder@example.net,2023-03-31,United States,27,25-34,Male,Paid Social,2023-03,Active,3,32
2431,Shannon Thompson,folson@example.net,2023-07-12,UAE,25,25-34,Other,Paid Social,2023-07,At Risk,33,29
2432,Nathan Sparks,scott04@example.com,2023-05-11,India,31,25-34,Female,Organic Search,2023-05,Power User,15,41
2433,Tamara Brown,daniellecoleman@example.org,2023-01-02,Germany,29,25-34,Female,Organic Search,2023-01,Active,28,31
2434,Michael Blair,jeremy75@example.org,2024-02-02,Canada,22,18-24,Female,Affiliate,2024-02,Active,8,19
2435,William Gould,murraymichael@example.net,2024-11-26,India,25,25-34,Male,Organic Search,2024-11,Active,0,31
2436,Crystal Nguyen,kylemartinez@example.net,2023-08-16,Brazil,35,35-44,Male,Direct,2023-08,Power User,15,83
2437,Jessica Torres,michael40@example.org,2024-04-16,United Kingdom,25,25-34,Female,Paid Social,2024-04,Power User,0,92
2438,Craig Beard,justin75@example.net,2023-08-13,United Kingdom,27,25-34,Female,Referral,2023-08,Active,4,35
2439,Mrs. Kimberly Cannon,taylorjames@example.net,2023-10-18,United States,43,35-44,Male,Paid Social,2023-10,At Risk,53,19
2440,Angela Gonzales,nfleming@example.net,2024-12-20,UAE,18,18-24,Male,Organic Search,2024-12,Active,0,20
2441,Martin Newton,pduran@example.net,2024-12-06,United States,43,35-44,Male,Organic Search,2024-12,Active,0,13
2442,Melinda Weiss,mjackson@example.net,2024-08-10,Singapore,37,35-44,Female,Organic Search,2024-08,Active,0,35
2443,Rebecca Jones,agomez@example.net,2023-10-26,Singapore,25,25-34,Other,Organic Search,2023-10,At Risk,34,20
2444,Mark Johnson,crivers@example.com,2023-12-08,UAE,32,25-34,Male,Referral,2023-12,Power User,0,101
2445,Steven Rivera,markgardner@example.org,2023-08-19,Canada,27,25-34,Other,Direct,2023-08,Power User,7,71
2446,Natalie Robertson,nicolesmith@example.net,2023-07-03,India,37,35-44,Female,Paid Social,2023-07,Dormant,122,15
2447,Andrea Coleman,galexander@example.com,2024-11-06,United Kingdom,39,35-44,Male,Organic Search,2024-11,Power User,2,44
2448,Deborah Simmons,joshuaking@example.net,2023-12-12,France,29,25-34,Female,Referral,2023-12,Active,1,39
2449,Lance Robinson,lorikoch@example.net,2024-02-05,India,20,18-24,Female,Email Campaign,2024-02,At Risk,76,17
2450,Daisy Larson,smithgina@example.net,2023-10-17,Singapore,31,25-34,Other,Direct,2023-10,Power User,6,54
2451,Shelly Moss,amandahorne@example.net,2024-07-15,Germany,25,25-34,Female,Affiliate,2024-07,Power User,2,43
2452,Stacey Duran,hmcneil@example.net,2024-08-17,Germany,25,25-34,Male,Organic Search,2024-08,Active,23,8
2453,Brandi Mendoza,torrestricia@example.com,2024-04-13,United States,28,25-34,Other,Direct,2024-04,Active,5,35
2454,Robert Hensley,mary24@example.com,2024-12-13,Australia,44,35-44,Female,Direct,2024-12,Power User,0,104
2455,Dalton Hawkins,lpage@example.com,2023-08-12,Canada,22,18-24,Other,Organic Search,2023-08,Power User,9,49
2456,Ricky Hernandez,brittanymartin@example.org,2024-01-06,India,20,18-24,Other,Organic Search,2024-01,Active,0,39
2457,Thomas Moore,gallowaydonna@example.com,2023-06-01,India,39,35-44,Female,Paid Social,2023-06,Active,26,10
2458,Michelle Hawkins,tonyaholmes@example.net,2023-06-22,India,41,35-44,Male,Email Campaign,2023-06,Power User,6,78
2459,David Small,garymartinez@example.org,2023-07-03,United Kingdom,23,18-24,Male,Paid Social,2023-07,Power User,9,84
2460,Brian Kent,brownalexa@example.com,2023-12-13,Germany,38,35-44,Other,Organic Search,2023-12,Active,11,12
2461,Sabrina Lopez,hespinoza@example.org,2024-02-18,Brazil,19,18-24,Male,Paid Social,2024-02,Power User,4,85
2462,Cynthia Tran,srobles@example.org,2024-05-15,Germany,36,35-44,Female,Direct,2024-05,Active,13,15
2463,Rachel Hill,debra19@example.net,2024-10-30,United States,39,35-44,Other,Referral,2024-10,Active,3,21
2464,Michael Davis,jamesparker@example.net,2024-11-17,United States,30,25-34,Other,Direct,2024-11,Active,4,33
2465,Paul Moon,gonzalezkendra@example.org,2024-10-27,Brazil,26,25-34,Female,Paid Social,2024-10,Power User,0,45
2466,Leah Kim,woodlisa@example.com,2024-01-12,Brazil,18,18-24,Male,Organic Search,2024-01,Active,2,39
2467,William Barnett,riverarebecca@example.org,2024-05-15,United Kingdom,42,35-44,Other,Direct,2024-05,Active,0,32
2468,Jenna Watson,eadams@example.org,2023-01-24,India,18,18-24,Other,Organic Search,2023-01,At Risk,56,16
2469,Mrs. Jillian Nguyen,fletcherjanet@example.org,2023-10-08,Australia,37,35-44,Other,Organic Search,2023-10,At Risk,49,16
2470,Julie Mills,lmendez@example.com,2023-07-05,United States,26,25-34,Female,Email Campaign,2023-07,Active,17,38
2471,Joshua Phillips,richardsonanna@example.org,2024-03-20,France,22,18-24,Female,Organic Search,2024-03,Active,0,18
2472,Caitlin Lawson,nicholasswanson@example.net,2023-03-07,Germany,29,25-34,Other,Organic Search,2023-03,Dormant,161,11
2473,Stephanie Knight,riceamber@example.net,2023-07-09,UAE,29,25-34,Female,Organic Search,2023-07,At Risk,73,10
2474,Rachael Jones,rrice@example.net,2024-07-23,France,29,25-34,Other,Affiliate,2024-07,Power User,1,86
2475,Ryan Hudson,watsonbrittany@example.org,2023-03-07,Brazil,20,18-24,Other,Paid Social,2023-03,Power User,1,77
2476,Tony Anderson,mjohnson@example.org,2024-10-29,United States,24,18-24,Male,Referral,2024-10,Active,4,18
2477,Chelsea Smith,shawn89@example.net,2024-11-05,Canada,13,Teen,Male,Organic Search,2024-11,Active,9,11
2478,Charles Jones,tranadam@example.net,2023-07-04,United States,28,25-34,Male,Referral,2023-07,Active,4,37
2479,Autumn Tucker,gward@example.com,2023-05-06,United States,39,35-44,Male,Paid Social,2023-05,Power User,3,93
2480,Cody Jones,janice27@example.com,2023-06-15,Brazil,41,35-44,Male,Organic Search,2023-06,Active,12,18
2481,Chad Adams,juanfranklin@example.net,2023-02-05,Canada,28,25-34,Male,Referral,2023-02,Power User,6,76
2482,Angela Brown,donaldhahn@example.com,2024-01-08,United States,13,Teen,Other,Organic Search,2024-01,Active,16,24
2483,Juan Becker,jennifer54@example.org,2024-11-04,India,41,35-44,Male,Organic Search,2024-11,Power User,0,76
2484,Beth Kirk,todd05@example.com,2024-06-15,Singapore,42,35-44,Female,Affiliate,2024-06,Active,1,16
2485,Michelle Smith,davidkane@example.com,2024-08-13,India,29,25-34,Female,Direct,2024-08,Power User,2,73
2486,Jennifer Sampson,brownreginald@example.net,2023-12-27,United Kingdom,40,35-44,Other,Email Campaign,2023-12,Power User,7,48
2487,Julie Thompson,ijackson@example.com,2023-04-12,United Kingdom,49,45-54,Other,Email Campaign,2023-04,Power User,2,87
2488,Diana Brown,samanthacarr@example.net,2023-07-12,Brazil,18,18-24,Male,Email Campaign,2023-07,At Risk,42,37
2489,Dennis Chavez,hmeyer@example.org,2023-05-18,United States,34,25-34,Other,Organic Search,2023-05,At Risk,65,36
2490,Kimberly Velazquez,taylorrobert@example.com,2023-10-12,India,42,35-44,Male,Paid Social,2023-10,Power User,18,82
2491,Margaret Mullins,adam10@example.com,2024-07-17,Australia,31,25-34,Female,Direct,2024-07,Active,7,36
2492,Sarah Blackwell,davisautumn@example.org,2023-06-17,France,30,25-34,Female,Affiliate,2023-06,Power User,20,41
2493,Brad Beard,zavaladiane@example.com,2024-11-23,United States,22,18-24,Female,Paid Social,2024-11,Active,1,27
2494,Andrew Ford,jeremy70@example.net,2023-07-28,Unknown,38,35-44,Male,Referral,2023-07,Active,3,32
2495,John Escobar,rwheeler@example.org,2024-10-10,India,33,25-34,Other,Referral,2024-10,Power User,0,84
2496,Erin Carter,wileyaudrey@example.com,2024-07-31,India,23,18-24,Other,Organic Search,2024-07,Active,5,14
2497,Laura Grimes,laurenboyd@example.com,2023-06-17,India,27,25-34,Female,Email Campaign,2023-06,Active,17,38
2498,John Wilson,mcooper@example.com,2024-03-20,Unknown,35,35-44,Female,Referral,2024-03,Power User,0,91
2499,Vanessa Harris,chunglaura@example.net,2023-03-21,France,27,25-34,Female,Paid Social,2023-03,Power User,17,41
2500,Amanda Cook,lisa13@example.net,2024-07-15,United States,31,25-34,Female,Email Campaign,2024-07,Power User,1,86
2501,Michael Jones,michaelhoffman@example.net,2024-01-07,United Kingdom,34,25-34,Female,Paid Social,2024-01,Power User,2,84
2502,Sierra Allen,jason57@example.com,2023-08-20,Canada,24,18-24,Female,Paid Social,2023-08,Active,23,38
2503,Jessica Mcgee,robertbrown@example.com,2023-08-16,Singapore,35,35-44,Female,Organic Search,2023-08,Active,2,39
2504,Whitney Macdonald DVM,jlee@example.org,2023-05-07,United States,28,25-34,Male,Organic Search,2023-05,Power User,5,85
2505,Janet Jarvis,amyponce@example.com,2024-08-25,United Kingdom,26,25-34,Female,Direct,2024-08,Power User,1,77
2506,Anthony Velasquez,richard28@example.org,2024-08-08,Germany,35,35-44,Female,Paid Social,2024-08,Power User,0,79
2507,Heather Diaz,janet65@example.com,2023-02-19,United States,25,25-34,Male,Direct,2023-02,Active,11,16
2508,Alexandra Johnson,kmoore@example.org,2023-07-05,United States,13,Teen,Female,Paid Social,2023-07,Active,0,19
2509,Michael Cross DDS,rachel51@example.org,2024-06-28,India,18,18-24,Other,Affiliate,2024-06,Power User,4,41
2510,Julie Romero MD,prestoncory@example.org,2024-05-03,Brazil,28,25-34,Other,Direct,2024-05,Active,20,34
2511,Melanie Brown,thomaslinda@example.net,2024-06-09,United States,18,18-24,Other,Paid Social,2024-06,Active,0,17
2512,Tamara Edwards,garyjohnson@example.net,2024-01-23,India,39,35-44,Other,Affiliate,2024-01,Active,12,15
2513,Mary White,holly12@example.org,2024-10-16,India,24,18-24,Female,Organic Search,2024-10,Active,2,24
2514,Scott Malone,kristen95@example.org,2024-09-15,India,26,25-34,Female,Email Campaign,2024-09,Power User,2,45
2515,Tara Knox,millerdaniel@example.org,2023-12-29,United Kingdom,28,25-34,Female,Paid Social,2023-12,Power User,15,88
2516,Lisa Johnson,tammy94@example.com,2024-03-14,United States,39,35-44,Other,Organic Search,2024-03,Power User,2,74
2517,Sarah Ford,bradley71@example.com,2023-08-23,United States,20,18-24,Female,Paid Social,2023-08,Active,4,38
2518,Maria Mcintyre,galvanjeanette@example.net,2023-11-09,United Kingdom,39,35-44,Female,Organic Search,2023-11,Active,10,35
2519,Lisa Booker,williamstoni@example.com,2024-10-11,India,29,25-34,Male,Paid Social,2024-10,Active,1,38
2520,Gregory Pace,harrisphyllis@example.org,2023-04-06,Canada,36,35-44,Male,Organic Search,2023-04,Power User,20,42
2521,Diane Jones,rosshunter@example.net,2023-10-20,India,23,18-24,Other,Organic Search,2023-10,Active,19,34
2522,Luis Mcclain,courtney13@example.net,2023-01-11,India,31,25-34,Female,Direct,2023-01,Power User,8,43
2523,Brianna Ward,michael35@example.net,2023-05-20,India,32,25-34,Female,Referral,2023-05,Active,19,15
2524,Laura Schneider,johnsonrick@example.com,2024-11-24,United Kingdom,13,Teen,Other,Paid Social,2024-11,Power User,1,44
2525,James Gonzales,jduncan@example.org,2024-09-23,India,28,25-34,Male,Affiliate,2024-09,Active,0,21
2526,Michael Moran,bradley37@example.net,2024-03-11,India,33,25-34,Other,Direct,2024-03,Active,10,25
2527,Michael Downs,eileenhudson@example.com,2024-11-08,United States,23,18-24,Other,Referral,2024-11,Active,2,33
2528,Ryan Moore,andrewlong@example.com,2024-04-04,United Kingdom,28,25-34,Male,Referral,2024-04,Active,6,20
2529,Daniel Gray,alan25@example.org,2024-06-20,India,34,25-34,Male,Paid Social,2024-06,Power User,1,41
2530,Joshua White,david62@example.com,2023-05-17,India,42,35-44,Other,Referral,2023-05,At Risk,31,11
2531,Brittany Mccormick,burtondoris@example.net,2024-05-22,Germany,21,18-24,Female,Direct,2024-05,Power User,10,41
2532,Amanda Williams,mark11@example.org,2023-12-13,Germany,31,25-34,Other,Affiliate,2023-12,Power User,1,84
2533,Mark Haley,ccombs@example.com,2023-05-01,India,42,35-44,Female,Paid Social,2023-05,At Risk,36,42
2534,Steven Davis,pdixon@example.org,2023-08-07,India,20,18-24,Male,Referral,2023-08,Power User,6,44
2535,Abigail Kemp,ywallace@example.org,2023-08-11,Singapore,40,35-44,Female,Direct,2023-08,Power User,11,90
2536,Vicki Hayes,susan75@example.net,2024-06-11,India,28,25-34,Male,Email Campaign,2024-06,Power User,11,42
2537,Emily Foster,christopherwatkins@example.net,2024-05-14,Canada,19,18-24,Male,Direct,2024-05,At Risk,46,16
2538,Cassidy Smith,stephanieallen@example.net,2023-12-03,Canada,43,35-44,Female,Affiliate,2023-12,Active,11,17
2539,Joel Ford,stephengomez@example.org,2023-07-10,United States,32,25-34,Female,Organic Search,2023-07,Power User,9,45
2540,Robert Wilkinson,nealdavid@example.com,2024-05-18,United Kingdom,24,18-24,Male,Affiliate,2024-05,Power User,4,43
2541,Michael Jackson,jenniferpierce@example.org,2023-06-07,United Kingdom,27,25-34,Female,Paid Social,2023-06,Dormant,91,11
2542,Kelly Browning,carlosmeadows@example.net,2023-06-09,United States,30,25-34,Other,Email Campaign,2023-06,Power User,7,77
2543,Brian Kim,parksariana@example.com,2024-01-19,UAE,41,35-44,Female,Paid Social,2024-01,Active,10,11
2544,Emily Brady,martin81@example.net,2024-07-03,United States,33,25-34,Female,Organic Search,2024-07,Power User,0,77
2545,Jose Fletcher,sjackson@example.org,2024-03-25,India,36,35-44,Male,Referral,2024-03,Power User,0,71
2546,Cindy Kelley,sally78@example.net,2023-01-06,Unknown,35,35-44,Female,Referral,2023-01,Power User,0,81
2547,Karen Jackson,jfranklin@example.net,2023-04-24,India,24,18-24,Male,Direct,2023-04,Power User,13,95
2548,Jose Jackson,martin40@example.net,2024-03-07,Germany,38,35-44,Other,Organic Search,2024-03,Active,13,21
2549,Lisa Herrera,dmartin@example.org,2024-11-13,India,26,25-34,Male,Organic Search,2024-11,Active,0,37
2550,Donald Freeman,derekdougherty@example.org,2023-09-30,United States,21,18-24,Male,Referral,2023-09,Active,5,13
2551,Jason Ashley,diana28@example.net,2024-11-29,United States,31,25-34,Other,Organic Search,2024-11,Power User,0,87
2552,Mark Smith,barbara30@example.net,2024-02-14,United States,27,25-34,Other,Paid Social,2024-02,Active,1,13
2553,Melissa Robinson,walterstiffany@example.com,2024-02-03,UAE,30,25-34,Male,Affiliate,2024-02,Active,10,16
2554,Bethany Liu,davidgonzales@example.com,2023-01-22,India,41,35-44,Male,Affiliate,2023-01,Power User,3,93
2555,Jennifer Mercado,nathanlee@example.org,2024-12-01,India,30,25-34,Male,Paid Social,2024-12,Active,0,16
2556,Samantha Cooper,mking@example.org,2024-03-15,Australia,41,35-44,Other,Referral,2024-03,Active,5,13
2557,Steven Davis,sarahgonzales@example.com,2023-10-24,Brazil,29,25-34,Female,Paid Social,2023-10,Power User,1,50
2558,Wanda Davis,davidjones@example.org,2023-09-11,Singapore,44,35-44,Other,Paid Social,2023-09,Active,10,38
2559,Tony Perkins,harrisonnicholas@example.net,2023-09-13,United States,32,25-34,Female,Direct,2023-09,At Risk,51,34
2560,Vincent Weaver,davidglover@example.com,2024-12-18,India,42,35-44,Male,Paid Social,2024-12,Active,0,38
2561,Brad Melton,carl66@example.org,2024-04-30,France,50,45-54,Other,Direct,2024-04,Power User,6,84
2562,Justin Richardson,barnesalexis@example.org,2024-05-29,Brazil,26,25-34,Other,Organic Search,2024-05,Active,24,12
2563,Sherri Williams,zskinner@example.com,2024-08-28,Brazil,25,25-34,Other,Referral,2024-08,Power User,9,43
2564,Regina Cox,jackiespears@example.org,2023-05-16,India,21,18-24,Female,Referral,2023-05,At Risk,32,46
2565,Andrew Sanford,turnerjustin@example.com,2023-05-30,India,28,25-34,Female,Organic Search,2023-05,Active,5,38
2566,Chelsea Walker,rpetty@example.com,2023-02-22,India,33,25-34,Female,Paid Social,2023-02,Power User,0,46
2567,Carol Lopez,tcooper@example.net,2024-10-10,United Kingdom,43,35-44,Male,Direct,2024-10,Active,0,15
2568,Wayne Scott,paulhamilton@example.org,2023-03-04,Canada,28,25-34,Other,Organic Search,2023-03,At Risk,90,20
2569,Kristen Flores,vwade@example.com,2023-04-23,India,44,35-44,Female,Paid Social,2023-04,Dormant,116,11
2570,Tina Ferguson,craigrobertson@example.net,2024-12-29,United Kingdom,25,25-34,Female,Paid Social,2024-12,Active,0,16
2571,Natalie Conrad,mavery@example.net,2023-07-06,India,15,Teen,Male,Organic Search,2023-07,At Risk,35,12
2572,Kyle Fleming,danielleramsey@example.net,2023-11-26,United Kingdom,46,45-54,Male,Organic Search,2023-11,Power User,2,40
2573,Michelle Rivers,jeffrey85@example.org,2024-09-13,Canada,30,25-34,Male,Direct,2024-09,Active,0,17
2574,Joseph Walker,stacey25@example.net,2024-05-18,France,15,Teen,Female,Paid Social,2024-05,Power User,9,54
2575,Ruben Charles,stacy03@example.org,2024-11-16,United Kingdom,23,18-24,Male,Organic Search,2024-11,Power User,0,84
2576,Scott Osborne,xsullivan@example.net,2023-05-14,Singapore,32,25-34,Female,Affiliate,2023-05,Power User,0,41
2577,Gary Chavez,khendricks@example.net,2024-08-26,Australia,19,18-24,Other,Affiliate,2024-08,Active,10,29
2578,Jessica Elliott,jennifer53@example.com,2023-10-10,Brazil,50,45-54,Male,Email Campaign,2023-10,Power User,0,87
2579,Amy Clark,phillip98@example.com,2023-04-19,United States,40,35-44,Male,Email Campaign,2023-04,Power User,20,46
2580,Joseph Odonnell,david25@example.com,2023-02-12,United States,52,45-54,Other,Organic Search,2023-02,Power User,15,81
2581,Glenn Hodges,sara94@example.net,2023-07-15,India,13,Teen,Male,Organic Search,2023-07,At Risk,54,16
2582,Eric Griffin,marcuscase@example.net,2023-03-18,United States,31,25-34,Other,Email Campaign,2023-03,Power User,0,75
2583,Desiree Allen,castanedajohn@example.com,2024-04-30,United States,34,25-34,Male,Paid Social,2024-04,Power User,0,50
2584,Michael Baker,bakerpaul@example.com,2023-05-11,Australia,44,35-44,Male,Organic Search,2023-05,Active,30,15
2585,Elizabeth Stewart,johnmerritt@example.com,2024-07-27,United Kingdom,27,25-34,Female,Organic Search,2024-07,Power User,2,70
2586,Matthew Ellis,jason07@example.net,2023-05-01,India,24,18-24,Female,Email Campaign,2023-05,Power User,8,95
2587,Matthew Simon,woodwarderin@example.org,2024-05-30,United States,34,25-34,Male,Organic Search,2024-05,Active,7,25
2588,Bryan Richardson,wbentley@example.org,2023-05-13,India,19,18-24,Female,Direct,2023-05,Power User,4,82
2589,Daniel Ochoa,jdavis@example.com,2024-12-11,France,27,25-34,Male,Organic Search,2024-12,Active,1,20
2590,Debbie Richard,jocelyn26@example.net,2024-12-02,Canada,30,25-34,Other,Paid Social,2024-12,Active,4,36
2591,Carla Wong,fwilliams@example.org,2023-06-19,India,22,18-24,Female,Organic Search,2023-06,At Risk,34,20
2592,Samantha Walker,holtrobert@example.com,2024-02-04,India,47,45-54,Female,Affiliate,2024-02,Active,10,18
2593,Michael Russell,iford@example.net,2023-01-04,United Kingdom,33,25-34,Male,Direct,2023-01,Active,30,37
2594,Amber Hines,taylorrodriguez@example.org,2023-01-10,Germany,27,25-34,Other,Organic Search,2023-01,At Risk,49,35
2595,Timothy Nguyen,lisa78@example.org,2024-06-21,Germany,19,18-24,Female,Paid Social,2024-06,Active,6,13
2596,Cassandra Anderson,johnsonsamantha@example.com,2024-12-26,Singapore,44,35-44,Female,Paid Social,2024-12,Power User,0,42
2597,Larry Perez,jacob73@example.org,2023-02-16,France,38,35-44,Other,Email Campaign,2023-02,Active,21,18
2598,Lori Miller,hammondjeff@example.com,2023-06-01,France,25,25-34,Female,Organic Search,2023-06,At Risk,58,49
2599,Gregory Fletcher,rebekahgonzalez@example.org,2023-02-22,United States,24,18-24,Other,Referral,2023-02,At Risk,60,22
2600,Charlotte Barber,uthompson@example.org,2023-08-04,United States,22,18-24,Other,Organic Search,2023-08,Power User,1,86
2601,Tracy Bell,wbowers@example.org,2024-10-09,UAE,33,25-34,Other,Affiliate,2024-10,Active,0,18
2602,Patricia Ramos,reneehernandez@example.org,2024-12-23,Canada,25,25-34,Other,Email Campaign,2024-12,Active,1,28
2603,Jack Wells,patriciamorrison@example.org,2024-09-18,India,39,35-44,Female,Organic Search,2024-09,Active,2,13
2604,Brandon Bell,kimberlyperez@example.org,2023-01-11,India,37,35-44,Female,Referral,2023-01,At Risk,74,30
2605,Judy Dixon,harrisonchristopher@example.org,2023-06-30,India,28,25-34,Female,Organic Search,2023-06,Active,13,15
2606,Renee Gallegos,ylawson@example.org,2024-08-20,United States,33,25-34,Male,Email Campaign,2024-08,Power User,0,43
2607,James Gomez,patrickgarcia@example.com,2024-10-31,India,31,25-34,Female,Email Campaign,2024-10,Active,14,19
2608,Catherine Davis,patriciagrant@example.net,2024-07-18,India,32,25-34,Male,Paid Social,2024-07,Power User,0,73
2609,Pamela Ferguson,owade@example.com,2023-10-03,United States,35,35-44,Male,Paid Social,2023-10,Active,27,18
2610,Dennis Thomas,kimberly73@example.com,2024-02-09,India,24,18-24,Male,Referral,2024-02,Power User,1,82
2611,Tamara Romero,tinahaas@example.org,2024-03-20,Singapore,35,35-44,Female,Paid Social,2024-03,Active,4,14
2612,William Hodge,websterkelly@example.org,2024-05-22,Germany,21,18-24,Male,Affiliate,2024-05,Active,0,18
2613,Cathy Navarro,jenniferortega@example.net,2023-06-30,United States,31,25-34,Male,Organic Search,2023-06,Active,12,12
2614,Gail Watson MD,richard62@example.net,2023-07-04,United States,29,25-34,Other,Paid Social,2023-07,Dormant,140,11
2615,Robert Jones,oallen@example.net,2023-07-01,India,27,25-34,Female,Paid Social,2023-07,Power User,11,47
2616,Desiree Carey,schmidtjoseph@example.net,2023-05-27,United States,31,25-34,Male,Direct,2023-05,Power User,3,91
2617,Patricia Delgado,washingtonleslie@example.net,2024-10-22,Germany,43,35-44,Female,Referral,2024-10,Active,17,12
2618,Matthew Hicks,eddie13@example.com,2023-01-13,United Kingdom,33,25-34,Other,Paid Social,2023-01,Active,9,37
2619,Jacob Brown,elizabeth39@example.net,2023-04-23,India,40,35-44,Male,Direct,2023-04,Active,16,32
2620,Benjamin Thompson,krystal05@example.com,2023-02-14,United Kingdom,30,25-34,Male,Affiliate,2023-02,Active,9,9
2621,Billy Miranda,richardsonronnie@example.net,2023-05-27,Brazil,34,25-34,Other,Affiliate,2023-05,Active,3,20
2622,Anna Le,mark40@example.net,2023-01-10,Brazil,13,Teen,Male,Paid Social,2023-01,Power User,2,84
2623,Cody Woods,brittanyhayes@example.com,2024-12-25,United States,21,18-24,Male,Organic Search,2024-12,Active,0,19
2624,Christopher Smith,shepherdandrew@example.org,2024-07-30,United States,47,45-54,Female,Affiliate,2024-07,Active,9,24
2625,Eric Everett,udavis@example.net,2024-05-05,India,36,35-44,Male,Referral,2024-05,Active,11,18
2626,Joseph Holland,karenjordan@example.net,2023-10-01,India,35,35-44,Other,Direct,2023-10,Power User,4,50
2627,Christopher Henry,hjohnson@example.com,2023-02-15,Canada,57,55+,Male,Direct,2023-02,Active,2,35
2628,Mrs. Jessica Price,zhall@example.net,2024-03-01,Singapore,21,18-24,Male,Direct,2024-03,Active,2,10
2629,Kimberly Alvarez,stevensmatthew@example.net,2023-08-21,United States,16,Teen,Female,Organic Search,2023-08,At Risk,35,17
2630,Melinda Mccullough,ogomez@example.org,2023-10-21,India,17,Teen,Male,Organic Search,2023-10,Active,4,18
2631,Erin Lopez,james91@example.net,2024-12-04,UAE,22,18-24,Other,Organic Search,2024-12,Active,0,21
2632,Kevin Bell,hunter12@example.org,2023-06-23,United States,35,35-44,Male,Organic Search,2023-06,Power User,8,86
2633,Douglas Bowman,hamptontom@example.com,2023-10-16,India,28,25-34,Female,Direct,2023-10,Active,3,13
2634,Justin Foster,timothy00@example.org,2024-01-05,United States,34,25-34,Male,Paid Social,2024-01,Active,12,37
2635,Jerome Cole,amy67@example.com,2023-07-02,UAE,49,45-54,Female,Direct,2023-07,Active,9,15
2636,Gregory Vazquez,nicole16@example.org,2024-11-26,Brazil,32,25-34,Female,Organic Search,2024-11,Power User,0,93
2637,Harry Hale,scottmark@example.org,2023-11-05,United States,33,25-34,Other,Email Campaign,2023-11,Power User,14,43
2638,Dominic Simmons,lgonzalez@example.net,2023-04-17,United Kingdom,46,45-54,Female,Paid Social,2023-04,At Risk,64,14
2639,Krystal Howard,sydneyalexander@example.org,2023-09-29,United Kingdom,45,45-54,Other,Affiliate,2023-09,Power User,1,87
2640,Linda Ball,nwalker@example.org,2023-06-02,UAE,25,25-34,Other,Organic Search,2023-06,Active,30,17
2641,Jason Clark,michealrodriguez@example.net,2024-04-02,United States,21,18-24,Other,Paid Social,2024-04,Power User,4,41
2642,Joseph Horn,jimmy15@example.net,2023-03-10,Canada,38,35-44,Male,Direct,2023-03,Power User,2,48
2643,Danielle Compton,cheryl54@example.com,2023-10-13,United States,41,35-44,Male,Email Campaign,2023-10,Active,10,37
2644,Rachel Conner,nancy43@example.com,2023-07-06,India,31,25-34,Female,Referral,2023-07,Power User,1,86
2645,Nicole Sanchez,cheryl69@example.net,2024-05-07,India,39,35-44,Other,Direct,2024-05,Power User,5,101
2646,Debra Ortiz,joshua74@example.org,2024-10-13,Germany,20,18-24,Female,Organic Search,2024-10,Power User,0,78
2647,Carolyn Walker,foxerica@example.net,2023-09-09,India,39,35-44,Female,Paid Social,2023-09,Power User,1,83
2648,Timothy Mcneil,vincent29@example.net,2024-06-30,Brazil,25,25-34,Female,Paid Social,2024-06,Power User,9,44
2649,Dr. Jill Brown MD,cory21@example.org,2024-01-29,Canada,28,25-34,Male,Referral,2024-01,Active,4,13
2650,Samuel Bailey,egill@example.com,2024-08-14,India,42,35-44,Other,Organic Search,2024-08,Active,0,37
2651,Kevin Villarreal,crystal65@example.com,2023-03-31,United Kingdom,23,18-24,Male,Paid Social,2023-03,Active,6,33
2652,Jeffrey Torres,benjaminsmith@example.com,2023-01-18,Germany,29,25-34,Female,Organic Search,2023-01,Active,2,21
2653,Alexander Merritt,hernandezcheryl@example.net,2023-04-23,India,34,25-34,Male,Paid Social,2023-04,Power User,0,51
2654,Felicia Long,daniel13@example.net,2023-05-23,United States,18,18-24,Female,Paid Social,2023-05,Power User,1,81
2655,George Byrd,allison96@example.org,2024-07-18,United Kingdom,13,Teen,Female,Organic Search,2024-07,At Risk,41,10
2656,Angela Berry,jmaynard@example.com,2023-02-27,India,17,Teen,Other,Paid Social,2023-02,Power User,0,99
2657,Chelsea Dominguez,sherylgreen@example.com,2024-12-21,United Kingdom,23,18-24,Male,Referral,2024-12,Active,0,37
2658,Joshua Watson,fhughes@example.org,2024-03-10,India,36,35-44,Female,Direct,2024-03,Active,6,13
2659,Michael Taylor,kennethwhite@example.com,2024-08-18,Singapore,17,Teen,Male,Organic Search,2024-08,Power User,0,80
2660,Daniel Rodriguez,jamesellis@example.org,2023-06-11,India,30,25-34,Male,Paid Social,2023-06,Power User,4,74
2661,Melissa Owen,jesse79@example.com,2023-09-08,India,20,18-24,Male,Affiliate,2023-09,At Risk,35,24
2662,Rick Hinton,iharrington@example.org,2024-03-02,India,31,25-34,Male,Direct,2024-03,Active,8,17
2663,Kevin Williams,jennifer29@example.com,2023-05-24,Unknown,39,35-44,Other,Referral,2023-05,Active,13,32
2664,Amy Baker,lucasteresa@example.com,2024-04-26,United States,15,Teen,Female,Organic Search,2024-04,Power User,0,82
2665,Joshua Moody,turnermckenzie@example.org,2024-10-22,India,47,45-54,Other,Organic Search,2024-10,Active,4,15
2666,Diana Myers,stacey22@example.net,2023-03-03,India,23,18-24,Other,Organic Search,2023-03,Active,9,20
2667,Casey Mcknight,shanerogers@example.org,2024-05-30,United Kingdom,31,25-34,Male,Referral,2024-05,Active,9,31
2668,William Lewis,albertsmith@example.com,2024-11-27,United States,35,35-44,Female,Referral,2024-11,Power User,0,41
2669,Jeremy Gross,halljeffrey@example.com,2024-08-08,Singapore,20,18-24,Other,Direct,2024-08,Active,7,21
2670,Robert Kim,santiagoronald@example.com,2023-06-10,India,24,18-24,Female,Referral,2023-06,Power User,17,106
2671,Nicole Edwards,ethomas@example.net,2023-05-09,Australia,32,25-34,Other,Referral,2023-05,Power User,2,81
2672,Todd Thompson,thompsondarlene@example.org,2023-08-13,Brazil,28,25-34,Female,Paid Social,2023-08,Power User,15,74
2673,Carolyn Johnson,jessicahawkins@example.com,2024-07-26,Canada,48,45-54,Other,Paid Social,2024-07,Active,6,17
2674,Judy Potts,jennifer20@example.org,2024-04-24,UAE,33,25-34,Female,Paid Social,2024-04,Power User,7,89
2675,Brandi Williams,davisjennifer@example.org,2024-01-25,United States,31,25-34,Male,Direct,2024-01,Power User,6,49
2676,Julia Parsons,brian64@example.net,2024-03-10,UAE,19,18-24,Male,Affiliate,2024-03,Active,10,21
2677,Erica Green,deckerthomas@example.net,2024-01-07,United States,18,18-24,Other,Organic Search,2024-01,Power User,2,46
2678,Amber Ward,deanmarisa@example.org,2023-09-03,India,22,18-24,Female,Affiliate,2023-09,Active,10,16
2679,Julie Hernandez,amandaknapp@example.org,2023-08-05,India,32,25-34,Other,Paid Social,2023-08,Active,16,39
2680,Lauren Watts,whitelevi@example.org,2023-07-12,United States,30,25-34,Other,Organic Search,2023-07,Active,8,34
2681,Suzanne Hardy,ilong@example.com,2023-09-04,India,17,Teen,Female,Referral,2023-09,At Risk,48,41
2682,Kenneth Shepard,staceywashington@example.net,2023-02-15,United States,31,25-34,Other,Organic Search,2023-02,Dormant,91,23
2683,Jimmy Palmer,corymiller@example.org,2023-02-19,United Kingdom,19,18-24,Female,Referral,2023-02,Active,18,37
2684,Thomas Mendez,heidihaas@example.net,2024-01-01,India,35,35-44,Female,Organic Search,2024-01,Active,27,17
2685,Andrew Soto,gibsonbrandon@example.com,2023-11-19,Singapore,24,18-24,Female,Direct,2023-11,Power User,1,78
2686,Lisa Benson,carmengomez@example.net,2024-12-20,India,20,18-24,Other,Paid Social,2024-12,Active,0,38
2687,Christopher Thomas MD,carlymoss@example.org,2024-05-30,India,31,25-34,Male,Affiliate,2024-05,Active,3,19
2688,Catherine Smith,pgoodman@example.org,2023-01-25,India,31,25-34,Other,Direct,2023-01,At Risk,71,15
2689,Frank Cochran,edward16@example.org,2023-02-08,Australia,20,18-24,Female,Organic Search,2023-02,Active,20,34
2690,April Ryan,mhorn@example.org,2023-03-22,India,27,25-34,Other,Organic Search,2023-03,Power User,2,40
2691,Taylor Smith,jamesroberts@example.com,2023-08-09,United Kingdom,24,18-24,Other,Paid Social,2023-08,Active,10,31
2692,John Brock,lromero@example.com,2023-06-14,India,41,35-44,Other,Direct,2023-06,Active,0,14
2693,Melinda Jones,daltonchristina@example.com,2024-10-29,United States,21,18-24,Other,Affiliate,2024-10,Power User,0,44
2694,Stephanie Sanders,jake77@example.com,2023-05-15,United States,54,45-54,Female,Affiliate,2023-05,Active,25,21
2695,David Lopez,ernestrich@example.net,2024-03-17,India,34,25-34,Male,Affiliate,2024-03,Power User,5,43
2696,Ian Hernandez,ywells@example.org,2024-02-01,United States,24,18-24,Male,Paid Social,2024-02,Power User,1,95
2697,Brenda Jacobs,zmiller@example.com,2023-03-18,India,30,25-34,Male,Referral,2023-03,Active,8,38
2698,Dustin Jones,valdezashley@example.org,2023-04-10,Australia,21,18-24,Male,Organic Search,2023-04,At Risk,33,12
2699,Peter Haynes,jrobinson@example.net,2024-07-14,United States,38,35-44,Male,Email Campaign,2024-07,Power User,1,97
2700,Robin Brewer,phall@example.com,2023-06-23,United States,35,35-44,Female,Direct,2023-06,Active,25,19
2701,Catherine Reynolds,margaretsharp@example.net,2024-01-08,India,31,25-34,Female,Organic Search,2024-01,Power User,0,41
2702,Michael Morgan,rogersjonathon@example.net,2024-04-16,Brazil,19,18-24,Female,Paid Social,2024-04,Active,0,27
2703,Sarah Williams,jamierodriguez@example.net,2024-03-28,Canada,14,Teen,Other,Affiliate,2024-03,Active,18,15
2704,Samuel Davis,janetmoore@example.net,2024-08-05,Unknown,40,35-44,Female,Paid Social,2024-08,Active,1,22
2705,Susan Rodriguez,kimberlywatson@example.com,2024-02-15,India,27,25-34,Female,Email Campaign,2024-02,Active,12,14
2706,Wendy Evans,amanda68@example.com,2023-05-13,Unknown,37,35-44,Female,Paid Social,2023-05,Power User,21,93
2707,Justin Brown,garciabrandi@example.net,2023-11-18,United States,31,25-34,Female,Organic Search,2023-11,Power User,1,86
2708,Cassandra Reilly,vanessa20@example.org,2024-04-05,Germany,15,Teen,Female,Referral,2024-04,At Risk,31,34
2709,Erik Murphy,hramos@example.com,2023-02-13,Singapore,55,55+,Other,Organic Search,2023-02,Active,21,14
2710,Patricia Wilson,slittle@example.com,2023-09-08,Singapore,31,25-34,Other,Organic Search,2023-09,Power User,12,82
2711,Ashley Thomas,nramsey@example.com,2023-04-18,United Kingdom,35,35-44,Female,Direct,2023-04,At Risk,53,30
2712,Alan Vaughn,lstokes@example.org,2023-03-16,India,27,25-34,Male,Affiliate,2023-03,Active,4,37
2713,William Campbell,mitchellcheryl@example.net,2023-04-06,Singapore,25,25-34,Female,Affiliate,2023-04,Active,9,33
2714,Ann Huffman,kpace@example.net,2024-04-21,Singapore,30,25-34,Male,Paid Social,2024-04,Power User,8,41
2715,Linda Austin,whernandez@example.com,2024-02-11,India,21,18-24,Female,Affiliate,2024-02,Active,2,36
2716,Joshua Brown,pearsonwillie@example.org,2023-11-21,India,30,25-34,Female,Organic Search,2023-11,Power User,3,41
2717,Carol Smith,bhenderson@example.net,2024-12-20,United Kingdom,43,35-44,Other,Referral,2024-12,Active,0,34
2718,Cheryl Foster,baileyjames@example.org,2023-02-09,UAE,31,25-34,Other,Referral,2023-02,Power User,6,82
2719,Debra Mercado,smithcrystal@example.com,2024-10-17,India,45,45-54,Male,Affiliate,2024-10,Active,2,14
2720,Candice Butler,andreasmith@example.com,2024-09-07,Canada,13,Teen,Female,Paid Social,2024-09,Active,0,35
2721,Jerry Ferguson,donnacunningham@example.net,2024-03-16,Singapore,28,25-34,Female,Organic Search,2024-03,Active,5,16
2722,Shannon Thompson,dmartin@example.com,2023-01-24,United States,24,18-24,Other,Organic Search,2023-01,At Risk,69,34
2723,Sonya Harris,nicolemason@example.com,2023-06-30,United Kingdom,30,25-34,Male,Paid Social,2023-06,Active,9,21
2724,Madison Ware,vrussell@example.org,2023-03-25,Brazil,30,25-34,Female,Affiliate,2023-03,At Risk,58,17
2725,Juan Sanford,dthompson@example.org,2024-03-05,Germany,25,25-34,Other,Affiliate,2024-03,Power User,6,93
2726,Raven Harris,smithcharles@example.org,2023-07-08,India,28,25-34,Male,Direct,2023-07,Active,18,17
2727,Katie Arellano,jenniferhernandez@example.net,2023-12-17,France,38,35-44,Female,Paid Social,2023-12,Power User,12,40
2728,Kelsey Nguyen,rachael79@example.net,2024-03-05,India,15,Teen,Female,Email Campaign,2024-03,Power User,1,80
2729,Matthew Henderson,sullivanpaula@example.com,2023-06-14,United States,37,35-44,Other,Email Campaign,2023-06,Active,19,31
2730,Kimberly Garcia,margaret20@example.net,2024-08-07,Canada,37,35-44,Female,Referral,2024-08,Active,3,13
2731,Jeremy Ortiz,john19@example.org,2024-09-03,Canada,33,25-34,Male,Referral,2024-09,Active,18,17
2732,Kevin Riley,shull@example.org,2024-09-23,Germany,31,25-34,Male,Direct,2024-09,Power User,2,80
2733,Nicholas Smith DDS,amberevans@example.net,2023-11-21,UAE,30,25-34,Male,Organic Search,2023-11,Power User,1,43
2734,Jennifer Cruz,jacquelinebennett@example.net,2023-06-01,United Kingdom,23,18-24,Female,Direct,2023-06,Power User,9,42
2735,Jerome Parker,cherylgomez@example.org,2024-11-21,United States,25,25-34,Female,Referral,2024-11,Active,0,38
2736,Lori Smith,matthewwalker@example.com,2024-04-06,Canada,31,25-34,Male,Direct,2024-04,Power User,6,47
2737,Alison Adams,irojas@example.net,2024-08-15,India,20,18-24,Male,Referral,2024-08,Active,5,39
2738,William Torres,nthomas@example.com,2023-07-12,India,33,25-34,Female,Email Campaign,2023-07,At Risk,64,16
2739,Aaron Casey,zandrews@example.com,2024-09-07,United States,35,35-44,Female,Organic Search,2024-09,Active,4,32
2740,Harold Williamson,rparker@example.com,2023-07-15,Canada,22,18-24,Other,Referral,2023-07,Active,4,39
2741,Rebecca Boone,richard18@example.org,2024-01-08,India,16,Teen,Male,Direct,2024-01,Active,7,18
2742,Lori Clark,jenkinsjohn@example.com,2023-05-08,United States,22,18-24,Other,Paid Social,2023-05,At Risk,78,10
2743,Deborah Stewart,osbornkelly@example.net,2024-02-28,UAE,37,35-44,Female,Email Campaign,2024-02,Power User,0,44
2744,Erin Jackson,elizabethrobertson@example.com,2024-03-12,Australia,27,25-34,Other,Email Campaign,2024-03,Active,1,38
2745,James Tran,martindonald@example.com,2023-06-30,India,38,35-44,Female,Referral,2023-06,Active,9,33
2746,Dawn Meyer,smithamy@example.com,2024-09-01,India,26,25-34,Male,Referral,2024-09,Power User,3,51
2747,Sheri Ballard,aaronwiley@example.net,2024-11-06,United States,39,35-44,Other,Paid Social,2024-11,Active,0,36
2748,Nancy Green,timothy88@example.org,2024-12-19,Canada,34,25-34,Other,Direct,2024-12,Power User,0,76
2749,Timothy West,tranrobert@example.org,2023-04-12,India,28,25-34,Male,Referral,2023-04,Active,4,27
2750,Gregory Myers,rose00@example.org,2024-10-27,United Kingdom,30,25-34,Male,Affiliate,2024-10,Active,1,18
2751,Dalton Pruitt,xgarcia@example.net,2024-05-23,United Kingdom,24,18-24,Other,Affiliate,2024-05,Power User,3,57
2752,Cheryl Gonzales,paul18@example.com,2023-04-13,India,32,25-34,Other,Referral,2023-04,Power User,17,44
2753,Suzanne Gaines,ryan90@example.net,2023-02-03,India,45,45-54,Other,Organic Search,2023-02,Power User,2,84
2754,Amanda Welch,schmidtfernando@example.net,2023-08-17,United States,13,Teen,Female,Affiliate,2023-08,At Risk,73,21
2755,Devon Phillips,ronaldoneal@example.org,2024-04-25,Canada,37,35-44,Male,Paid Social,2024-04,Power User,1,43
2756,Mr. Troy Hansen,david90@example.com,2024-04-20,Canada,42,35-44,Female,Referral,2024-04,Active,1,15
2757,Andrew Thomas,xcardenas@example.org,2024-02-10,India,36,35-44,Male,Affiliate,2024-02,Active,7,15
2758,Shelby Taylor,darrylkent@example.net,2024-06-03,Brazil,29,25-34,Female,Referral,2024-06,Active,20,31
2759,Adam Young,ltate@example.org,2023-11-11,India,28,25-34,Female,Organic Search,2023-11,At Risk,40,20
2760,Steven Torres,scott04@example.com,2024-02-29,India,13,Teen,Male,Referral,2024-02,Active,4,35
2761,Jeffrey Jackson,gail55@example.net,2024-01-19,India,31,25-34,Other,Email Campaign,2024-01,Power User,3,84
2762,Tracy Roberts,amandaedwards@example.com,2023-12-10,Germany,38,35-44,Male,Paid Social,2023-12,Power User,10,70
2763,David Anderson,jeffery29@example.org,2023-09-05,Canada,37,35-44,Other,Paid Social,2023-09,Active,12,22
2764,Peggy Young,staceyarias@example.org,2024-10-21,United States,15,Teen,Female,Referral,2024-10,Active,4,35
2765,Devin Day,cynthiaford@example.org,2024-08-14,India,29,25-34,Female,Paid Social,2024-08,Power User,2,85
2766,Kristen Jackson,christinapeters@example.net,2023-06-27,India,29,25-34,Female,Direct,2023-06,Active,7,14
2767,Ashley Wilson,george52@example.net,2024-03-23,India,36,35-44,Male,Affiliate,2024-03,Active,1,30
2768,George Williams,tracy91@example.com,2024-05-31,United States,27,25-34,Male,Paid Social,2024-05,Power User,0,94
2769,Eric Ruiz,coxcarol@example.com,2024-10-04,United Kingdom,22,18-24,Female,Paid Social,2024-10,Active,2,14
2770,Joseph Paul,danielle52@example.com,2023-11-27,France,32,25-34,Male,Paid Social,2023-11,Power User,10,100
2771,Michaela Whitney,daniel71@example.com,2023-01-12,United States,40,35-44,Other,Affiliate,2023-01,Power User,0,44
2772,Gavin Freeman,sgonzalez@example.net,2024-09-24,United States,27,25-34,Other,Affiliate,2024-09,Active,1,17
2773,Shane Jones,walkerdavid@example.org,2024-08-08,India,23,18-24,Female,Direct,2024-08,Active,7,36
2774,Mrs. Amanda Wells,johnnewman@example.net,2024-04-09,India,37,35-44,Other,Paid Social,2024-04,Active,23,11
2775,Karen Alvarez,lisahawkins@example.com,2023-09-03,France,26,25-34,Other,Organic Search,2023-09,Active,8,19
2776,Arthur White,mitchellangela@example.org,2024-07-02,United States,30,25-34,Male,Referral,2024-07,Active,4,34
2777,Christy Murphy,aholt@example.com,2024-01-23,Unknown,32,25-34,Female,Referral,2024-01,Power User,8,40
2778,Jose Boyer,timothyshaffer@example.net,2023-05-28,India,42,35-44,Other,Paid Social,2023-05,Active,7,32
2779,James Miller,roger73@example.com,2023-04-16,United Kingdom,27,25-34,Male,Email Campaign,2023-04,At Risk,77,15
2780,Jennifer Frederick,yramos@example.org,2023-04-20,India,35,35-44,Male,Organic Search,2023-04,Power User,16,78
2781,Dawn Bennett,jeffrey62@example.net,2023-04-06,Singapore,26,25-34,Male,Direct,2023-04,Active,3,37
2782,Laura Tyler,vgreen@example.org,2023-08-01,United Kingdom,43,35-44,Female,Paid Social,2023-08,Power User,3,100
2783,Darren Smith,rodriguezamanda@example.net,2024-02-28,India,33,25-34,Male,Referral,2024-02,Power User,4,94
2784,Michael Fernandez,marissasutton@example.com,2023-08-04,United States,35,35-44,Other,Referral,2023-08,Active,1,19
2785,Edward Hill,salvarado@example.com,2024-10-10,United States,37,35-44,Female,Affiliate,2024-10,Active,2,19
2786,Christopher Bartlett,christine97@example.net,2023-01-11,Germany,37,35-44,Male,Organic Search,2023-01,Power User,13,83
2787,Hannah Meyer,madison75@example.net,2023-02-02,United States,41,35-44,Male,Paid Social,2023-02,Active,10,34
2788,Patrick Ford,kirbybrett@example.org,2024-05-10,United States,24,18-24,Other,Organic Search,2024-05,Active,17,17
2789,Lee Heath,wilkinskevin@example.net,2024-06-18,United States,35,35-44,Other,Email Campaign,2024-06,Power User,0,47
2790,Sydney Baker,murraysara@example.net,2024-09-12,United States,18,18-24,Male,Organic Search,2024-09,Active,7,16
2791,Shane Mills MD,lisa43@example.com,2023-06-06,United States,40,35-44,Male,Affiliate,2023-06,At Risk,57,15
2792,Joseph Peterson,millerjessica@example.net,2023-08-11,India,31,25-34,Male,Organic Search,2023-08,Power User,1,42
2793,Lisa Odom,hsweeney@example.org,2024-12-09,Singapore,43,35-44,Male,Paid Social,2024-12,Active,0,13
2794,Roberto Rojas,hillsabrina@example.net,2023-04-05,United States,34,25-34,Female,Affiliate,2023-04,Power User,9,97
2795,Ethan Castro,marthagriffin@example.net,2024-04-23,India,33,25-34,Other,Paid Social,2024-04,Power User,1,90
2796,Richard Davis,lmiddleton@example.org,2024-02-14,Unknown,27,25-34,Male,Affiliate,2024-02,Power User,6,46
2797,Paul Mack,julie80@example.net,2023-10-15,Singapore,13,Teen,Female,Referral,2023-10,Active,17,14
2798,Barbara Allen,james60@example.net,2024-08-24,United States,50,45-54,Female,Paid Social,2024-08,Active,1,11
2799,Kenneth Wells,smithsusan@example.net,2024-05-14,Canada,30,25-34,Female,Email Campaign,2024-05,Active,9,34
2800,Jeffery Berry,debbieedwards@example.org,2023-10-06,Canada,39,35-44,Female,Direct,2023-10,Active,21,26
2801,Drew Brown,margaret18@example.net,2024-03-15,United States,46,45-54,Male,Email Campaign,2024-03,At Risk,33,13
2802,Taylor Cantu,kevinespinoza@example.org,2024-10-09,Germany,17,Teen,Male,Email Campaign,2024-10,Power User,6,49
2803,Jeremiah Robinson,wharris@example.com,2024-06-07,India,15,Teen,Female,Affiliate,2024-06,Active,7,39
2804,Harry Lindsey,william96@example.net,2024-10-22,Australia,32,25-34,Other,Referral,2024-10,Power User,2,74
2805,Shane Potter,bushcourtney@example.net,2023-07-04,Canada,52,45-54,Female,Paid Social,2023-07,Power User,4,103
2806,David Curtis,odavis@example.com,2023-09-09,United States,27,25-34,Male,Organic Search,2023-09,Power User,16,45
2807,Mr. Gregory Wiley,phoover@example.net,2023-05-29,France,25,25-34,Female,Referral,2023-05,Power User,23,41
2808,Mary Massey,jamesjohn@example.net,2023-01-12,United States,44,35-44,Other,Paid Social,2023-01,At Risk,37,12
2809,Kimberly Fisher,thomaswhite@example.org,2023-11-26,United States,29,25-34,Male,Referral,2023-11,Active,17,14
2810,Joseph Gray,vortiz@example.org,2024-09-08,India,59,55+,Male,Paid Social,2024-09,Power User,0,85
2811,Loretta Horton,jonathan61@example.org,2023-10-12,India,32,25-34,Other,Organic Search,2023-10,Active,27,31
2812,Madison Evans,cynthia35@example.net,2024-11-18,Canada,36,35-44,Male,Paid Social,2024-11,Active,0,18
2813,Justin Smith,brad51@example.org,2024-11-29,UAE,25,25-34,Female,Referral,2024-11,Active,0,29
2814,Jason Henderson,abaird@example.com,2023-07-21,France,42,35-44,Male,Direct,2023-07,Power User,13,92
2815,Joseph Riley,bakerjonathon@example.com,2023-10-09,Brazil,22,18-24,Female,Organic Search,2023-10,At Risk,48,10
2816,Amanda Simpson,laura09@example.com,2024-09-07,India,22,18-24,Female,Direct,2024-09,Active,15,19
2817,Jonathan Gallagher,heather90@example.net,2023-01-22,India,23,18-24,Female,Organic Search,2023-01,Power User,8,78
2818,Nicole Bell,sheena87@example.com,2024-08-12,India,25,25-34,Male,Direct,2024-08,Power User,1,40
2819,Jody Singleton,mariahwang@example.net,2024-02-17,United Kingdom,13,Teen,Male,Organic Search,2024-02,Power User,0,40
2820,Jessica Tran,chavezpamela@example.org,2023-02-10,India,17,Teen,Female,Affiliate,2023-02,Dormant,172,13
2821,Pamela Johnson,mccormickkatherine@example.com,2023-04-08,Germany,37,35-44,Female,Affiliate,2023-04,Power User,16,88
2822,Katie Harris,stacey98@example.net,2023-12-21,Singapore,47,45-54,Female,Paid Social,2023-12,Power User,4,88
2823,Courtney Young,vramos@example.com,2024-05-20,United Kingdom,48,45-54,Other,Paid Social,2024-05,Active,8,32
2824,David Hall,ecampbell@example.com,2024-04-10,Australia,31,25-34,Female,Referral,2024-04,Active,12,11
2825,Hannah Hunt,jacobscindy@example.org,2023-05-05,UAE,29,25-34,Female,Email Campaign,2023-05,Active,22,27
2826,Casey Baker,lcosta@example.net,2023-08-18,India,25,25-34,Male,Paid Social,2023-08,Active,7,13
2827,Carolyn Kane,tarabradshaw@example.org,2023-11-27,United Kingdom,32,25-34,Other,Email Campaign,2023-11,Active,3,12
2828,Cesar Adams,carrjennifer@example.com,2023-04-01,United Kingdom,23,18-24,Male,Organic Search,2023-04,Power User,0,41
2829,Michele Garcia,carl07@example.net,2024-07-04,UAE,39,35-44,Male,Email Campaign,2024-07,Active,17,12
2830,Maria Brown,erikwatson@example.org,2023-09-23,United States,28,25-34,Male,Affiliate,2023-09,Power User,1,75
2831,Tammy Thomas,tklein@example.org,2023-03-18,United States,30,25-34,Female,Organic Search,2023-03,Active,11,12
2832,Kristin Hernandez,amy70@example.net,2024-01-24,Germany,37,35-44,Female,Paid Social,2024-01,Active,1,36
2833,Christopher Miller,kbird@example.com,2024-08-20,India,48,45-54,Female,Organic Search,2024-08,Active,10,22
2834,Adrian Collier,ywilkinson@example.org,2023-06-01,United States,30,25-34,Other,Affiliate,2023-06,Active,1,34
2835,Amber Lee,geraldgarcia@example.net,2024-02-28,Germany,38,35-44,Other,Affiliate,2024-02,Active,0,15
2836,Anthony Smith,gfox@example.net,2024-06-24,United States,30,25-34,Male,Paid Social,2024-06,Active,1,30
2837,Timothy Maxwell,pwest@example.org,2023-10-15,India,32,25-34,Female,Paid Social,2023-10,Active,4,28
2838,Robert Griffith,wheelerkimberly@example.org,2023-04-05,India,27,25-34,Female,Paid Social,2023-04,Power User,4,96
2839,Alexandra Marshall,duncanjames@example.net,2023-12-28,Australia,25,25-34,Other,Paid Social,2023-12,Active,3,39
2840,Tyler Hart,anthony17@example.org,2024-10-24,Australia,26,25-34,Other,Organic Search,2024-10,Active,12,13
2841,Collin Osborne,johnsonsteven@example.net,2023-03-18,United States,40,35-44,Female,Referral,2023-03,At Risk,36,13
2842,Robert Knight,fjackson@example.org,2023-08-10,Brazil,43,35-44,Female,Organic Search,2023-08,At Risk,31,45
2843,Cody Johnson PhD,pwilkerson@example.com,2023-04-18,India,26,25-34,Female,Paid Social,2023-04,Dormant,113,14
2844,Mrs. Carol Morton DVM,molly46@example.org,2024-06-24,United States,24,18-24,Other,Referral,2024-06,Power User,0,44
2845,Jason Lucero,dflowers@example.com,2023-11-16,Canada,22,18-24,Other,Paid Social,2023-11,Power User,0,96
2846,Tara Anderson,mandymalone@example.com,2024-05-31,India,42,35-44,Male,Referral,2024-05,Power User,3,83
2847,Daniel Matthews,douglas60@example.org,2024-01-08,India,36,35-44,Female,Organic Search,2024-01,Power User,8,74
2848,Lauren Torres,thomasjessica@example.net,2024-06-09,Germany,29,25-34,Male,Organic Search,2024-06,Power User,6,84
2849,Alexander Craig,esalinas@example.org,2023-10-12,Brazil,41,35-44,Female,Affiliate,2023-10,Active,16,33
2850,Thomas Ruiz,wmay@example.com,2024-08-14,United States,34,25-34,Other,Organic Search,2024-08,Active,7,37
2851,Allison Arellano,pearsoncarrie@example.com,2023-04-20,United Kingdom,52,45-54,Other,Referral,2023-04,At Risk,37,42
2852,Joshua Rodriguez,josephcooper@example.net,2024-04-16,Singapore,43,35-44,Male,Email Campaign,2024-04,Power User,8,89
2853,Troy Herrera,andersondaniel@example.net,2024-06-27,UAE,30,25-34,Female,Direct,2024-06,Active,2,10
2854,Michele Oconnor PhD,jacksonrussell@example.com,2024-07-17,Brazil,15,Teen,Male,Referral,2024-07,Power User,5,48
2855,Susan Palmer,jscott@example.com,2024-02-11,Australia,38,35-44,Other,Organic Search,2024-02,Active,10,16
2856,Dr. Kathryn Adams DDS,dmartinez@example.com,2024-03-27,India,22,18-24,Female,Paid Social,2024-03,Active,26,16
2857,Ann Cunningham,dixonjerry@example.net,2024-01-27,India,22,18-24,Other,Paid Social,2024-01,Active,29,27
2858,Jeffrey Williams,henrychristine@example.net,2023-07-13,United Kingdom,43,35-44,Female,Organic Search,2023-07,Active,7,31
2859,Patricia Dunlap,uduncan@example.net,2024-09-14,Brazil,42,35-44,Female,Paid Social,2024-09,Active,1,38
2860,Craig Nguyen,philliphayden@example.net,2023-02-21,India,38,35-44,Other,Direct,2023-02,Active,30,28
2861,Tony Williams,joshuaadams@example.com,2023-04-28,Unknown,24,18-24,Male,Paid Social,2023-04,Power User,1,45
2862,Donald Lopez,davidandrews@example.net,2023-09-02,United States,36,35-44,Male,Direct,2023-09,At Risk,64,16
2863,Katherine Mcmillan,jacksonwhitney@example.org,2024-09-27,Germany,46,45-54,Other,Direct,2024-09,Active,0,30
2864,Daniel Robinson,michellehoward@example.com,2023-04-14,United States,26,25-34,Male,Organic Search,2023-04,Power User,8,81
2865,Eddie Klein,smithamy@example.com,2023-10-02,Canada,27,25-34,Female,Email Campaign,2023-10,At Risk,31,19
2866,April Meyer,lchavez@example.org,2023-12-22,Germany,13,Teen,Other,Referral,2023-12,Active,2,38
2867,Troy Jefferson,martinezdavid@example.org,2023-01-04,Brazil,36,35-44,Male,Direct,2023-01,Power User,24,42
2868,David Jennings,vbradley@example.net,2024-09-29,Canada,34,25-34,Female,Direct,2024-09,Power User,1,73
2869,Theresa Ray,sarahharmon@example.net,2024-12-05,India,28,25-34,Male,Paid Social,2024-12,Active,0,28
2870,Joshua Quinn,nsingh@example.org,2023-06-20,India,33,25-34,Male,Direct,2023-06,Active,18,14
2871,David Sanchez,amy18@example.com,2023-01-14,Brazil,34,25-34,Other,Organic Search,2023-01,Power User,1,82
2872,Melinda Wright,johnsoncandice@example.net,2023-07-01,United Kingdom,38,35-44,Female,Direct,2023-07,Power User,0,77
2873,Angela Davis,zamorajennifer@example.org,2023-01-10,United States,31,25-34,Other,Organic Search,2023-01,At Risk,42,26
2874,Melissa Rivera,floreseileen@example.net,2023-01-02,United Kingdom,14,Teen,Female,Direct,2023-01,Power User,20,41
2875,Albert Fields,katherinemccarty@example.com,2023-02-16,Australia,25,25-34,Male,Referral,2023-02,Power User,3,42
2876,Jason Griffin,jonesjames@example.org,2023-08-22,India,36,35-44,Other,Direct,2023-08,Power User,8,42
2877,Kevin Padilla,mharding@example.net,2023-04-07,India,24,18-24,Male,Organic Search,2023-04,Active,1,35
2878,Anthony Taylor,jreynolds@example.net,2024-04-08,UAE,45,45-54,Female,Paid Social,2024-04,Power User,1,98
2879,Melissa Hernandez,patrickjasmine@example.net,2023-09-21,India,14,Teen,Other,Paid Social,2023-09,Power User,3,86
2880,Donna Smith,denisepalmer@example.net,2023-01-14,United Kingdom,41,35-44,Female,Direct,2023-01,Active,3,31
2881,Andrea Baker,htaylor@example.com,2024-06-14,Singapore,51,45-54,Other,Organic Search,2024-06,Power User,1,92
2882,Cheryl Collins,rebecca73@example.com,2024-09-02,Singapore,15,Teen,Female,Email Campaign,2024-09,Active,4,15
2883,Christopher Davis,maxwellgibson@example.org,2024-10-17,India,30,25-34,Male,Affiliate,2024-10,Active,7,19
2884,Jason Jones,andrearivera@example.net,2023-08-14,United States,28,25-34,Other,Organic Search,2023-08,Active,25,32
2885,Donna Cline,kristievillegas@example.com,2023-02-01,Germany,14,Teen,Male,Paid Social,2023-02,Active,16,39
2886,Christopher Brown,cwilson@example.org,2024-03-17,India,35,35-44,Female,Paid Social,2024-03,Active,8,14
2887,David Thomas,dortiz@example.org,2024-01-22,India,31,25-34,Other,Referral,2024-01,Active,1,36
2888,Christina Strong,johnsonjennifer@example.net,2024-10-03,India,18,18-24,Other,Affiliate,2024-10,Active,2,18
2889,Tanner Potts,fjones@example.org,2024-06-23,Australia,24,18-24,Male,Organic Search,2024-06,Active,3,39
2890,Robert Vance,alexander66@example.com,2023-12-06,United Kingdom,30,25-34,Female,Organic Search,2023-12,Power User,10,75
2891,Charles Gonzales,larry04@example.net,2023-10-10,United Kingdom,31,25-34,Female,Referral,2023-10,Active,9,37
2892,Brandon Young,melissaevans@example.org,2024-12-19,United Kingdom,38,35-44,Female,Paid Social,2024-12,Active,0,33
2893,Debbie Bailey,victor34@example.com,2024-04-10,Singapore,37,35-44,Other,Direct,2024-04,Power User,2,74
2894,Todd Sherman,amiller@example.net,2023-10-23,United States,26,25-34,Male,Direct,2023-10,Active,14,33
2895,William Hicks,margaretbarnett@example.org,2024-12-02,Brazil,21,18-24,Male,Organic Search,2024-12,Power User,0,96
2896,Rachel Cisneros,ypadilla@example.com,2023-10-24,India,40,35-44,Other,Paid Social,2023-10,Active,4,35
2897,Stacey Ortiz,joshuajones@example.net,2024-05-13,Germany,25,25-34,Female,Organic Search,2024-05,Power User,1,78
2898,John Miller,rdixon@example.net,2024-04-09,United States,18,18-24,Male,Organic Search,2024-04,Power User,1,83
2899,Jason Cantu,belindafowler@example.com,2023-05-07,France,20,18-24,Male,Affiliate,2023-05,Active,22,34
2900,Erik Nelson,vincent74@example.org,2023-12-27,United States,20,18-24,Other,Referral,2023-12,Active,0,29
2901,Nicole Kelley,kyleparker@example.com,2023-05-22,India,27,25-34,Female,Organic Search,2023-05,At Risk,43,33
2902,David Rodgers,hernandezmatthew@example.net,2024-05-29,United States,36,35-44,Other,Direct,2024-05,Power User,8,44
2903,James Vazquez,frank49@example.org,2023-03-30,Canada,30,25-34,Other,Paid Social,2023-03,Active,15,28
2904,Lisa Schroeder,dawn11@example.org,2023-07-21,Brazil,46,45-54,Female,Email Campaign,2023-07,Active,10,8
2905,Jessica Parker,schmidtsteven@example.org,2023-08-13,Singapore,13,Teen,Male,Email Campaign,2023-08,Active,2,35
2906,Misty Rice,erica48@example.net,2024-11-25,United States,32,25-34,Other,Affiliate,2024-11,Power User,0,42
2907,Jennifer Cline MD,brenda68@example.org,2023-04-11,UAE,25,25-34,Female,Organic Search,2023-04,Power User,15,86
2908,Robert Watson,velasquezvictoria@example.org,2023-06-27,India,28,25-34,Other,Paid Social,2023-06,Active,7,36
2909,Scott Wilson,dianaramirez@example.net,2024-08-15,Canada,33,25-34,Male,Direct,2024-08,Active,8,19
2910,Jessica Colon,nwilliams@example.net,2023-05-19,India,38,35-44,Female,Organic Search,2023-05,At Risk,55,10
2911,Kathy Brown,tylergarcia@example.net,2023-03-29,India,25,25-34,Female,Paid Social,2023-03,At Risk,54,10
2912,Kristopher Pierce,harrisbryan@example.net,2024-07-12,United States,31,25-34,Male,Organic Search,2024-07,Active,17,12
2913,Christine Ellison,millerlindsey@example.org,2024-03-23,Canada,13,Teen,Male,Paid Social,2024-03,Active,28,21
2914,Kathleen Garcia,pli@example.org,2023-11-17,Singapore,29,25-34,Other,Organic Search,2023-11,Active,12,39
2915,Paul Wilkerson,jgill@example.com,2024-04-24,United Kingdom,37,35-44,Female,Affiliate,2024-04,Power User,3,96
2916,Lisa Potter,jhenson@example.com,2024-02-25,United States,31,25-34,Female,Paid Social,2024-02,Power User,0,42
2917,Sarah Fields,bowenjonathan@example.net,2024-03-07,India,23,18-24,Male,Referral,2024-03,Power User,6,40
2918,Jeffrey Walker,michelle01@example.org,2023-11-06,United Kingdom,26,25-34,Male,Referral,2023-11,Active,7,35
2919,Megan Hood,jasminjohnson@example.org,2024-09-27,India,20,18-24,Other,Affiliate,2024-09,Power User,1,93
2920,Michelle Mcdonald,ruizkimberly@example.net,2023-02-24,United States,35,35-44,Female,Affiliate,2023-02,Power User,0,84
2921,Ashley Gilbert,brodriguez@example.net,2024-04-18,United Kingdom,39,35-44,Other,Paid Social,2024-04,Active,7,7
2922,Leah Travis,davidharris@example.net,2023-02-26,Singapore,16,Teen,Female,Affiliate,2023-02,Active,15,17
2923,Dr. Andrew Johns,timothy18@example.org,2023-12-08,India,40,35-44,Other,Paid Social,2023-12,Active,8,14
2924,Megan Moran,yoderadam@example.com,2024-05-08,United States,27,25-34,Other,Paid Social,2024-05,Active,22,31
2925,Matthew Caldwell,kristen78@example.org,2024-08-21,Canada,31,25-34,Other,Direct,2024-08,Active,3,39
2926,Carla Holloway,james23@example.com,2024-12-19,India,27,25-34,Male,Paid Social,2024-12,Active,0,17
2927,Pamela Arnold,yrichards@example.com,2024-05-22,United States,24,18-24,Male,Paid Social,2024-05,Power User,0,80
2928,Robert Fleming,qgreen@example.com,2023-06-08,India,28,25-34,Female,Organic Search,2023-06,Power User,5,47
2929,Vickie Huynh,carl91@example.org,2023-01-07,United States,38,35-44,Female,Email Campaign,2023-01,Power User,5,90
2930,Stephanie Colon,christopherbrown@example.org,2023-03-10,Canada,43,35-44,Male,Direct,2023-03,At Risk,70,21
2931,Jack Krause,ejones@example.org,2024-06-16,India,37,35-44,Male,Referral,2024-06,Active,0,18
2932,Melissa Harvey,patricia24@example.org,2023-01-26,Brazil,46,45-54,Other,Organic Search,2023-01,At Risk,37,14
2933,Connie Smith,beckyroberts@example.com,2023-05-05,Germany,17,Teen,Female,Referral,2023-05,Active,17,19
2934,Emily Perez,rodgerscaroline@example.org,2023-08-29,Canada,20,18-24,Other,Direct,2023-08,Active,16,29
2935,Jacob Aguirre,craigbuck@example.com,2024-03-25,United States,23,18-24,Other,Direct,2024-03,Active,11,15
2936,Crystal Parrish,zwolfe@example.net,2024-10-13,India,29,25-34,Male,Organic Search,2024-10,Active,1,33
2937,Alan Wilson,jesse81@example.org,2024-11-04,United States,39,35-44,Male,Paid Social,2024-11,Active,2,25
2938,Robert Richards MD,rhonda64@example.org,2024-07-13,India,38,35-44,Male,Organic Search,2024-07,Active,14,13
2939,Phillip Lin,floresjohn@example.com,2024-11-14,India,27,25-34,Male,Referral,2024-11,Power User,0,79
2940,Erin Garcia,amyjones@example.com,2024-11-14,United States,19,18-24,Female,Direct,2024-11,Power User,0,78
2941,Gloria Green,brittanyhubbard@example.com,2023-04-20,United Kingdom,25,25-34,Female,Organic Search,2023-04,Active,4,39
2942,Robin Murray,odickerson@example.org,2023-01-29,India,44,35-44,Female,Paid Social,2023-01,Power User,2,92
2943,Jessica Rojas,jessicasmith@example.com,2023-01-12,United States,25,25-34,Other,Paid Social,2023-01,Power User,12,40
2944,Hunter Alexander,kelsey67@example.com,2024-11-03,India,18,18-24,Other,Direct,2024-11,Active,0,33
2945,Isaiah Trujillo,murraybruce@example.net,2023-12-30,India,41,35-44,Male,Organic Search,2023-12,Power User,2,79
2946,Dr. Daniel Tucker,pschmidt@example.org,2023-10-11,Unknown,37,35-44,Male,Paid Social,2023-10,Active,8,20
2947,Elizabeth Jones,tiffany80@example.org,2024-05-30,India,21,18-24,Male,Affiliate,2024-05,Dormant,92,17
2948,Anthony Hart,wesley57@example.net,2024-02-04,UAE,38,35-44,Other,Organic Search,2024-02,Active,23,33
2949,Dr. Charlene Black,jordan68@example.com,2023-12-27,France,34,25-34,Other,Direct,2023-12,Power User,20,44
2950,Adam Delgado,wendy76@example.com,2023-05-24,Germany,32,25-34,Female,Organic Search,2023-05,At Risk,86,9
2951,Shannon Mccarthy,jvega@example.com,2024-02-08,United States,44,35-44,Male,Organic Search,2024-02,Active,13,19
2952,Charles Munoz,jared86@example.com,2024-01-21,United States,25,25-34,Female,Paid Social,2024-01,Power User,5,46
2953,Lisa Russell,patriciareynolds@example.net,2024-12-26,United Kingdom,29,25-34,Other,Direct,2024-12,Active,0,34
2954,Leslie Hall MD,salinaszachary@example.net,2023-05-13,India,26,25-34,Other,Affiliate,2023-05,At Risk,37,48
2955,Alexander Warren,kimberly34@example.org,2023-12-23,Unknown,22,18-24,Other,Affiliate,2023-12,Power User,1,87
2956,Taylor Carlson,thomaslane@example.net,2023-02-16,Singapore,25,25-34,Male,Organic Search,2023-02,At Risk,42,27
2957,Michael Rojas,qpatterson@example.org,2023-04-09,United States,33,25-34,Other,Organic Search,2023-04,Power User,1,43
2958,Sierra Porter,vcole@example.com,2024-05-02,United States,13,Teen,Female,Organic Search,2024-05,Power User,2,85
2959,Shari Allen,max26@example.org,2023-08-31,United States,32,25-34,Male,Affiliate,2023-08,Power User,1,97
2960,Nicole Anderson,dylan27@example.org,2024-01-29,United Kingdom,44,35-44,Female,Organic Search,2024-01,Power User,5,44
2961,Bridget Garcia,henrymccarthy@example.org,2023-09-14,India,23,18-24,Male,Organic Search,2023-09,Active,1,33
2962,Jessica Martinez,huffmaria@example.net,2024-03-28,United Kingdom,24,18-24,Female,Referral,2024-03,Active,1,38
2963,Brooke Ware,krodriguez@example.org,2023-06-28,Singapore,40,35-44,Female,Organic Search,2023-06,Power User,8,40
2964,Crystal Brooks,daniel48@example.com,2023-05-17,United Kingdom,35,35-44,Other,Organic Search,2023-05,Active,1,13
2965,Scott White,houstonstephanie@example.org,2023-09-16,India,40,35-44,Female,Organic Search,2023-09,Active,2,32
2966,Alexis Shea,roachjulie@example.net,2023-07-26,India,23,18-24,Other,Organic Search,2023-07,Active,19,13
2967,Amy Payne,jack64@example.com,2023-07-16,Germany,47,45-54,Male,Direct,2023-07,Active,13,14
2968,Renee Miller,hayesnicole@example.org,2024-11-15,United States,27,25-34,Male,Organic Search,2024-11,Power User,1,44
2969,Teresa Carter,seanosborne@example.com,2023-01-06,United States,13,Teen,Female,Referral,2023-01,Power User,5,72
2970,Thomas Bennett,jasongutierrez@example.com,2023-03-15,Unknown,31,25-34,Female,Organic Search,2023-03,Dormant,111,6
2971,Donald Wallace,melissaroy@example.com,2024-10-19,United States,14,Teen,Other,Direct,2024-10,Active,6,8
2972,Amanda Sanders,ruthsmith@example.org,2024-08-07,India,49,45-54,Female,Paid Social,2024-08,Power User,3,48
2973,Sabrina Pierce,jordan25@example.net,2024-07-26,Unknown,30,25-34,Male,Direct,2024-07,Power User,1,43
2974,Joel Moore,halejeffery@example.net,2024-10-02,United States,35,35-44,Female,Direct,2024-10,Active,7,20
2975,Bailey Hughes,fwhite@example.org,2023-05-11,United States,37,35-44,Other,Referral,2023-05,Active,7,14
2976,Ronald Higgins,denise49@example.com,2023-08-25,United Kingdom,23,18-24,Male,Direct,2023-08,Power User,21,47
2977,Christopher Newman,vfoster@example.org,2023-08-18,Australia,39,35-44,Female,Organic Search,2023-08,Power User,5,81
2978,Lori Brooks,tiffany97@example.com,2024-12-21,United States,36,35-44,Female,Organic Search,2024-12,Active,1,15
2979,Robert Barnes,gsharp@example.net,2023-10-22,India,37,35-44,Male,Paid Social,2023-10,Active,20,14
2980,Alison Williams,wchaney@example.com,2024-06-14,India,13,Teen,Other,Direct,2024-06,Active,0,30
2981,Sarah Larson,ortegasandra@example.net,2023-02-28,India,29,25-34,Other,Organic Search,2023-02,At Risk,54,14
2982,Terry Macias,jacobjones@example.com,2024-04-27,India,13,Teen,Female,Organic Search,2024-04,Active,11,19
2983,Amanda Perez,christineramirez@example.net,2024-03-07,India,29,25-34,Female,Affiliate,2024-03,Power User,5,45
2984,Tyler Sanchez,michaellee@example.org,2023-03-02,Germany,44,35-44,Male,Affiliate,2023-03,Power User,5,70
2985,Hailey Mcpherson,williamslisa@example.net,2023-12-04,India,26,25-34,Other,Email Campaign,2023-12,Active,27,11
2986,Robert Vega,montgomeryjessica@example.com,2024-05-20,India,35,35-44,Male,Organic Search,2024-05,Power User,3,40
2987,Rhonda Mitchell,perezrichard@example.net,2024-09-16,Unknown,44,35-44,Other,Affiliate,2024-09,Active,0,31
2988,Christopher Horn,cindyfischer@example.org,2023-12-21,Australia,29,25-34,Male,Referral,2023-12,Power User,5,81
2989,Robert Johnson,lellison@example.com,2024-09-19,Germany,40,35-44,Male,Organic Search,2024-09,Active,1,26
2990,Ann Hobbs,daviddecker@example.com,2023-05-13,India,18,18-24,Female,Organic Search,2023-05,Power User,10,40
2991,Terry Carr,wallacemathew@example.net,2024-05-23,Brazil,39,35-44,Other,Affiliate,2024-05,Power User,4,82
2992,Jennifer Jones,stephaniewilson@example.org,2024-05-04,Australia,20,18-24,Female,Paid Social,2024-05,Power User,1,101
2993,Terrence Cruz,xparker@example.com,2023-08-22,India,24,18-24,Male,Email Campaign,2023-08,Active,2,33
2994,William Davis,danielle93@example.com,2023-07-20,United States,28,25-34,Other,Direct,2023-07,Power User,17,41
2995,John Hall,henrygriffin@example.net,2024-12-01,India,33,25-34,Other,Organic Search,2024-12,Power User,0,40
2996,Chris Farrell,banderson@example.com,2024-02-01,Singapore,19,18-24,Female,Organic Search,2024-02,Active,15,34
2997,Stefanie Simmons,gking@example.org,2024-03-13,France,28,25-34,Other,Email Campaign,2024-03,Active,15,37
2998,Kevin Keller,ostokes@example.org,2024-09-22,Canada,33,25-34,Female,Direct,2024-09,Active,5,34
2999,Michael Brown,leslie24@example.org,2023-03-01,France,24,18-24,Male,Organic Search,2023-03,Power User,4,93
3000,Daniel Ingram,michellegomez@example.com,2023-08-21,India,41,35-44,Female,Paid Social,2023-08,Power User,15,43
