payment_id,subscription_id,user_id,date_id,amount,payment_status,payment_method
1,1,1,20241016,149.0,Success,UPI
2,1,1,20241115,149.0,Success,Wallet
3,2,2,20230817,149.0,Success,UPI
4,3,3,20240712,149.0,Success,UPI
5,3,3,20240811,149.0,Success,Wallet
6,3,3,20240910,149.0,Success,UPI
7,3,3,20241010,149.0,Success,Wallet
8,3,3,20241109,149.0,Success,UPI
9,4,4,20230406,199.0,Success,Debit Card
10,5,4,20230511,799.0,Success,Credit Card
11,5,4,20230610,799.0,Success,Wallet
12,5,4,20230710,799.0,Success,Debit Card
13,5,4,20230809,799.0,Success,PayPal
14,5,4,20230908,-799.0,Refunded,Wallet
15,5,4,20231008,799.0,Success,Debit Card
16,5,4,20231107,799.0,Success,Credit Card
17,5,4,20231207,799.0,Success,Debit Card
18,5,4,20240106,799.0,Success,PayPal
19,5,4,20240205,799.0,Success,Debit Card
20,5,4,20240306,799.0,Success,PayPal
21,5,4,20240405,799.0,Success,UPI
22,6,5,20240728,499.0,Success,Wallet
23,7,5,20240910,499.0,Success,PayPal
24,8,5,20241025,799.0,Success,Debit Card
25,8,5,20241124,799.0,Success,PayPal
26,9,6,20240305,199.0,Success,PayPal
27,10,7,20230107,199.0,Success,PayPal
28,10,7,20230206,199.0,Failed,PayPal
29,10,7,20230308,199.0,Success,Wallet
30,11,7,20230417,799.0,Success,PayPal
31,12,8,20230609,199.0,Success,PayPal
32,12,8,20230709,199.0,Success,PayPal
33,12,8,20230808,199.0,Success,UPI
34,13,9,20230405,149.0,Success,Wallet
35,13,9,20230505,149.0,Success,Debit Card
36,13,9,20230604,149.0,Success,UPI
37,14,10,20240910,499.0,Success,Wallet
38,15,11,20240703,149.0,Success,PayPal
39,16,12,20240719,499.0,Success,Credit Card
40,17,13,20240106,199.0,Success,Debit Card
41,18,14,20241108,499.0,Success,UPI
42,19,15,20230827,149.0,Success,Credit Card
43,19,15,20230926,149.0,Success,PayPal
44,19,15,20231026,149.0,Success,UPI
45,19,15,20231125,149.0,Success,Wallet
46,19,15,20231225,149.0,Success,Credit Card
47,19,15,20240124,149.0,Failed,Wallet
48,19,15,20240223,149.0,Success,UPI
49,19,15,20240324,149.0,Success,Debit Card
50,19,15,20240423,149.0,Success,Wallet
51,19,15,20240523,149.0,Success,Credit Card
52,19,15,20240622,149.0,Success,Wallet
53,19,15,20240722,149.0,Success,Wallet
54,20,16,20240109,149.0,Success,UPI
55,20,16,20240208,149.0,Success,Debit Card
56,20,16,20240309,149.0,Failed,PayPal
57,20,16,20240408,149.0,Success,PayPal
58,20,16,20240508,149.0,Success,Debit Card
59,20,16,20240607,149.0,Success,Debit Card
60,20,16,20240707,149.0,Success,Debit Card
61,20,16,20240806,149.0,Success,Wallet
62,20,16,20240905,149.0,Success,Wallet
63,20,16,20241005,149.0,Success,Credit Card
64,20,16,20241104,149.0,Success,PayPal
65,21,17,20231001,799.0,Success,PayPal
66,22,18,20240915,199.0,Success,Credit Card
67,23,19,20230617,799.0,Success,UPI
68,23,19,20230717,799.0,Success,Credit Card
69,23,19,20230816,799.0,Success,Credit Card
70,23,19,20230915,799.0,Success,Credit Card
71,23,19,20231015,799.0,Success,Credit Card
72,23,19,20231114,799.0,Success,Credit Card
73,23,19,20231214,799.0,Success,Debit Card
74,23,19,20240113,799.0,Success,Wallet
75,23,19,20240212,799.0,Success,Credit Card
76,23,19,20240313,799.0,Success,UPI
77,23,19,20240412,799.0,Success,UPI
78,23,19,20240512,799.0,Success,Wallet
79,24,20,20241017,149.0,Success,Credit Card
80,25,21,20230227,199.0,Success,UPI
81,25,21,20230329,199.0,Success,UPI
82,25,21,20230428,199.0,Success,Debit Card
83,25,21,20230528,199.0,Success,Debit Card
84,25,21,20230627,199.0,Success,PayPal
85,25,21,20230727,199.0,Success,UPI
86,26,21,20230831,199.0,Success,PayPal
87,27,21,20231008,149.0,Success,Wallet
88,27,21,20231107,149.0,Success,Debit Card
89,27,21,20231207,149.0,Success,Credit Card
90,27,21,20240106,149.0,Success,UPI
91,27,21,20240205,149.0,Success,Wallet
92,27,21,20240306,149.0,Success,Wallet
93,28,22,20240215,199.0,Success,Credit Card
94,28,22,20240316,-199.0,Refunded,Credit Card
95,28,22,20240415,199.0,Success,Credit Card
96,29,23,20240803,199.0,Success,Wallet
97,29,23,20240902,199.0,Success,PayPal
98,29,23,20241002,199.0,Success,Credit Card
99,29,23,20241101,199.0,Success,PayPal
100,29,23,20241201,199.0,Success,UPI
101,30,24,20240210,149.0,Success,PayPal
102,30,24,20240311,149.0,Success,Wallet
103,30,24,20240410,149.0,Success,Credit Card
104,30,24,20240510,149.0,Success,UPI
105,30,24,20240609,149.0,Success,Wallet
106,30,24,20240709,149.0,Success,Wallet
107,31,25,20230910,799.0,Success,Credit Card
108,31,25,20231010,799.0,Success,UPI
109,31,25,20231109,799.0,Success,PayPal
110,31,25,20231209,799.0,Success,Debit Card
111,31,25,20240108,799.0,Success,Wallet
112,31,25,20240207,799.0,Success,Credit Card
113,31,25,20240308,799.0,Success,PayPal
114,31,25,20240407,799.0,Success,PayPal
115,31,25,20240507,799.0,Success,Wallet
116,31,25,20240606,799.0,Success,Wallet
117,31,25,20240706,799.0,Success,PayPal
118,31,25,20240805,799.0,Success,PayPal
119,32,25,20240917,149.0,Success,Debit Card
120,32,25,20241017,149.0,Success,PayPal
121,32,25,20241116,149.0,Success,PayPal
122,33,26,20240821,499.0,Success,Debit Card
123,33,26,20240920,499.0,Success,Credit Card
124,33,26,20241020,499.0,Success,Wallet
125,33,26,20241119,499.0,Success,PayPal
126,34,27,20230813,149.0,Success,Credit Card
127,35,28,20230218,199.0,Success,Credit Card
128,36,29,20241127,499.0,Success,Debit Card
129,37,29,20241229,499.0,Success,Debit Card
130,38,30,20240902,199.0,Success,PayPal
131,39,30,20241012,199.0,Success,Debit Card
132,40,31,20230112,799.0,Success,PayPal
133,41,31,20230212,499.0,Success,UPI
134,42,32,20240703,199.0,Success,Debit Card
135,43,32,20240809,499.0,Success,Debit Card
136,44,33,20231028,499.0,Success,Credit Card
137,44,33,20231127,499.0,Success,UPI
138,44,33,20231227,499.0,Success,Wallet
139,44,33,20240126,499.0,Success,PayPal
140,44,33,20240225,499.0,Success,Wallet
141,44,33,20240326,499.0,Success,Wallet
142,45,33,20240510,499.0,Success,PayPal
143,45,33,20240609,499.0,Success,Debit Card
144,45,33,20240709,499.0,Success,UPI
145,45,33,20240808,499.0,Success,UPI
146,45,33,20240907,499.0,Success,Wallet
147,45,33,20241007,499.0,Success,PayPal
148,46,34,20230927,199.0,Success,Credit Card
149,47,35,20230419,499.0,Success,UPI
150,48,36,20240915,799.0,Success,UPI
151,49,37,20240706,799.0,Success,PayPal
152,50,37,20240816,499.0,Success,Wallet
153,50,37,20240915,499.0,Success,Debit Card
154,50,37,20241015,499.0,Success,Debit Card
155,50,37,20241114,499.0,Success,PayPal
156,51,38,20240515,799.0,Success,PayPal
157,52,39,20231111,149.0,Success,Credit Card
158,53,39,20231225,199.0,Success,Credit Card
159,54,39,20240204,199.0,Success,Credit Card
160,54,39,20240305,199.0,Success,UPI
161,54,39,20240404,199.0,Success,UPI
162,54,39,20240504,199.0,Success,Wallet
163,54,39,20240603,199.0,Success,Credit Card
164,54,39,20240703,199.0,Success,PayPal
165,54,39,20240802,199.0,Success,PayPal
166,54,39,20240901,199.0,Success,Debit Card
167,54,39,20241001,199.0,Success,Debit Card
168,54,39,20241031,199.0,Success,PayPal
169,54,39,20241130,199.0,Success,Credit Card
170,55,40,20230322,799.0,Success,Wallet
171,55,40,20230421,799.0,Success,PayPal
172,55,40,20230521,799.0,Success,Wallet
173,55,40,20230620,799.0,Success,UPI
174,55,40,20230720,799.0,Success,PayPal
175,55,40,20230819,799.0,Success,Wallet
176,56,41,20240629,499.0,Success,Wallet
177,57,42,20240716,149.0,Success,Wallet
178,57,42,20240815,149.0,Success,Wallet
179,57,42,20240914,149.0,Success,PayPal
180,57,42,20241014,149.0,Success,Credit Card
181,57,42,20241113,149.0,Success,Credit Card
182,58,43,20240309,149.0,Success,Wallet
183,58,43,20240408,149.0,Success,UPI
184,58,43,20240508,149.0,Success,Wallet
185,58,43,20240607,149.0,Success,PayPal
186,58,43,20240707,149.0,Success,Debit Card
187,58,43,20240806,149.0,Success,UPI
188,59,44,20241207,499.0,Success,Wallet
189,60,45,20241118,799.0,Success,PayPal
190,61,46,20240407,799.0,Success,PayPal
191,62,47,20230122,499.0,Success,Wallet
192,62,47,20230221,-499.0,Refunded,UPI
193,62,47,20230323,499.0,Success,Debit Card
194,62,47,20230422,499.0,Success,Debit Card
195,62,47,20230522,499.0,Success,PayPal
196,62,47,20230621,499.0,Success,UPI
197,62,47,20230721,499.0,Success,UPI
198,62,47,20230820,499.0,Success,PayPal
199,62,47,20230919,499.0,Success,Credit Card
200,62,47,20231019,499.0,Success,Debit Card
201,62,47,20231118,499.0,Success,PayPal
202,62,47,20231218,499.0,Success,Debit Card
203,63,48,20230108,149.0,Success,Debit Card
204,63,48,20230207,149.0,Success,PayPal
205,63,48,20230309,149.0,Success,PayPal
206,63,48,20230408,149.0,Success,PayPal
207,63,48,20230508,149.0,Success,PayPal
208,63,48,20230607,149.0,Success,UPI
209,64,49,20230311,149.0,Success,Wallet
210,65,50,20230901,149.0,Success,PayPal
211,65,50,20231001,149.0,Success,UPI
212,65,50,20231031,149.0,Success,UPI
213,65,50,20231130,149.0,Success,Wallet
214,65,50,20231230,149.0,Success,PayPal
215,65,50,20240129,149.0,Success,PayPal
216,66,50,20240304,149.0,Success,PayPal
217,67,50,20240406,-199.0,Refunded,Wallet
218,67,50,20240506,199.0,Success,UPI
219,67,50,20240605,199.0,Success,Wallet
220,68,51,20230516,499.0,Success,UPI
221,68,51,20230615,499.0,Success,PayPal
222,68,51,20230715,499.0,Success,Credit Card
223,68,51,20230814,499.0,Success,UPI
224,68,51,20230913,499.0,Success,UPI
225,68,51,20231013,499.0,Success,Debit Card
226,68,51,20231112,499.0,Success,UPI
227,68,51,20231212,499.0,Success,PayPal
228,68,51,20240111,499.0,Success,UPI
229,68,51,20240210,-499.0,Refunded,UPI
230,68,51,20240311,499.0,Success,Credit Card
231,68,51,20240410,499.0,Success,Debit Card
232,69,51,20240516,149.0,Success,UPI
233,69,51,20240615,149.0,Success,Credit Card
234,69,51,20240715,149.0,Success,UPI
235,69,51,20240814,149.0,Success,Debit Card
236,69,51,20240913,149.0,Success,PayPal
237,69,51,20241013,149.0,Success,PayPal
238,70,51,20241121,499.0,Success,Debit Card
239,71,52,20240429,199.0,Success,Wallet
240,71,52,20240529,199.0,Success,Credit Card
241,71,52,20240628,199.0,Success,Wallet
242,71,52,20240728,199.0,Success,UPI
243,71,52,20240827,199.0,Success,Wallet
244,71,52,20240926,199.0,Success,Wallet
245,71,52,20241026,199.0,Success,PayPal
246,71,52,20241125,199.0,Success,UPI
247,72,53,20230714,499.0,Success,Debit Card
248,72,53,20230813,499.0,Success,Wallet
249,72,53,20230912,499.0,Success,UPI
250,73,53,20231027,199.0,Success,UPI
251,74,54,20240309,799.0,Success,Credit Card
252,75,55,20241120,149.0,Success,Debit Card
253,76,56,20240217,499.0,Success,PayPal
254,77,57,20230912,499.0,Success,UPI
255,77,57,20231012,499.0,Success,UPI
256,77,57,20231111,499.0,Success,Wallet
257,77,57,20231211,499.0,Success,Credit Card
258,77,57,20240110,499.0,Success,PayPal
259,77,57,20240209,-499.0,Refunded,Wallet
260,77,57,20240310,499.0,Success,Credit Card
261,77,57,20240409,499.0,Success,UPI
262,77,57,20240509,499.0,Success,Debit Card
263,77,57,20240608,499.0,Success,Wallet
264,77,57,20240708,499.0,Success,Debit Card
265,77,57,20240807,499.0,Success,Debit Card
266,78,57,20240913,149.0,Success,Wallet
267,78,57,20241013,149.0,Success,UPI
268,78,57,20241112,149.0,Success,PayPal
269,79,58,20240308,799.0,Success,Wallet
270,79,58,20240407,799.0,Success,Debit Card
271,79,58,20240507,799.0,Success,Debit Card
272,79,58,20240606,799.0,Success,Wallet
273,79,58,20240706,799.0,Success,Credit Card
274,79,58,20240805,799.0,Success,Debit Card
275,79,58,20240904,799.0,Success,PayPal
276,79,58,20241004,799.0,Success,Wallet
277,79,58,20241103,799.0,Success,PayPal
278,80,59,20230319,499.0,Success,UPI
279,80,59,20230418,499.0,Success,Wallet
280,80,59,20230518,499.0,Success,Credit Card
281,80,59,20230617,499.0,Success,UPI
282,80,59,20230717,499.0,Success,Credit Card
283,80,59,20230816,499.0,Success,PayPal
284,80,59,20230915,499.0,Success,Debit Card
285,80,59,20231015,499.0,Success,PayPal
286,80,59,20231114,499.0,Success,Debit Card
287,80,59,20231214,499.0,Success,Credit Card
288,80,59,20240113,499.0,Success,UPI
289,80,59,20240212,499.0,Success,Credit Card
290,81,60,20230411,199.0,Success,UPI
291,81,60,20230511,199.0,Success,Credit Card
292,81,60,20230610,199.0,Success,PayPal
293,81,60,20230710,199.0,Success,Debit Card
294,81,60,20230809,199.0,Success,Debit Card
295,81,60,20230908,199.0,Success,UPI
296,82,61,20230116,499.0,Success,Credit Card
297,82,61,20230215,499.0,Success,UPI
298,82,61,20230317,499.0,Success,Credit Card
299,83,62,20230620,499.0,Success,Credit Card
300,84,63,20240215,799.0,Success,Debit Card
301,84,63,20240316,799.0,Success,PayPal
302,84,63,20240415,799.0,Success,UPI
303,84,63,20240515,799.0,Success,Wallet
304,84,63,20240614,799.0,Success,Debit Card
305,84,63,20240714,799.0,Success,Wallet
306,85,64,20240204,499.0,Success,PayPal
307,86,65,20231020,799.0,Success,Wallet
308,87,65,20231125,799.0,Success,PayPal
309,88,66,20240723,799.0,Success,Debit Card
310,88,66,20240822,799.0,Success,Debit Card
311,88,66,20240921,799.0,Success,UPI
312,89,67,20231031,149.0,Success,PayPal
313,90,67,20231204,149.0,Success,PayPal
314,90,67,20240103,149.0,Success,UPI
315,90,67,20240202,149.0,Success,PayPal
316,90,67,20240303,149.0,Success,UPI
317,90,67,20240402,149.0,Success,PayPal
318,90,67,20240502,149.0,Success,PayPal
319,91,67,20240620,149.0,Success,Credit Card
320,91,67,20240720,149.0,Success,Debit Card
321,91,67,20240819,149.0,Success,Debit Card
322,92,68,20240709,149.0,Success,Debit Card
323,92,68,20240808,149.0,Success,PayPal
324,92,68,20240907,149.0,Success,Debit Card
325,93,68,20241011,799.0,Success,Wallet
326,94,69,20240821,499.0,Success,Wallet
327,94,69,20240920,499.0,Success,PayPal
328,94,69,20241020,499.0,Success,UPI
329,95,70,20230611,149.0,Success,Credit Card
330,95,70,20230711,149.0,Success,UPI
331,95,70,20230810,149.0,Success,Wallet
332,96,70,20230919,199.0,Success,Debit Card
333,96,70,20231019,199.0,Success,Credit Card
334,96,70,20231118,199.0,Success,Wallet
335,97,71,20230710,499.0,Success,UPI
336,97,71,20230809,499.0,Success,Credit Card
337,97,71,20230908,499.0,Success,Credit Card
338,97,71,20231008,499.0,Success,Credit Card
339,97,71,20231107,499.0,Success,Credit Card
340,97,71,20231207,499.0,Success,Debit Card
341,98,71,20240108,499.0,Success,PayPal
342,99,72,20230829,199.0,Success,PayPal
343,99,72,20230928,199.0,Success,Credit Card
344,99,72,20231028,199.0,Success,PayPal
345,100,73,20230910,799.0,Success,Wallet
346,101,74,20240305,149.0,Success,Credit Card
347,101,74,20240404,149.0,Success,Wallet
348,101,74,20240504,149.0,Success,UPI
349,101,74,20240603,149.0,Success,Credit Card
350,101,74,20240703,149.0,Success,PayPal
351,101,74,20240802,149.0,Success,UPI
352,102,74,20240918,199.0,Success,Wallet
353,103,74,20241021,799.0,Success,UPI
354,104,75,20230925,149.0,Success,Wallet
355,105,76,20230929,799.0,Success,PayPal
356,105,76,20231029,799.0,Success,PayPal
357,105,76,20231128,799.0,Success,Wallet
358,106,77,20240413,149.0,Success,PayPal
359,107,78,20230110,199.0,Success,Debit Card
360,108,78,20230210,499.0,Success,Wallet
361,109,79,20230413,799.0,Success,Debit Card
362,109,79,20230513,799.0,Success,Debit Card
363,109,79,20230612,799.0,Success,Credit Card
364,109,79,20230712,799.0,Success,PayPal
365,109,79,20230811,799.0,Success,Credit Card
366,109,79,20230910,799.0,Success,UPI
367,109,79,20231010,799.0,Success,UPI
368,109,79,20231109,799.0,Success,Debit Card
369,109,79,20231209,799.0,Success,UPI
370,109,79,20240108,799.0,Success,PayPal
371,109,79,20240207,799.0,Success,UPI
372,109,79,20240308,799.0,Success,UPI
373,110,79,20240412,149.0,Success,PayPal
374,111,80,20230516,799.0,Success,Wallet
375,111,80,20230615,799.0,Success,Wallet
376,111,80,20230715,799.0,Success,Debit Card
377,112,80,20230830,149.0,Success,UPI
378,113,80,20231018,-799.0,Refunded,Credit Card
379,113,80,20231117,799.0,Success,UPI
380,113,80,20231217,799.0,Success,Debit Card
381,114,81,20240114,799.0,Success,PayPal
382,114,81,20240213,799.0,Success,Credit Card
383,114,81,20240314,799.0,Success,Debit Card
384,114,81,20240413,799.0,Success,PayPal
385,114,81,20240513,799.0,Success,Credit Card
386,114,81,20240612,799.0,Success,PayPal
387,115,82,20241221,199.0,Success,Wallet
388,116,83,20241031,-499.0,Refunded,PayPal
389,116,83,20241130,499.0,Success,UPI
390,117,84,20231103,799.0,Success,PayPal
391,117,84,20231203,799.0,Success,PayPal
392,117,84,20240102,-799.0,Refunded,Credit Card
393,118,84,20240221,499.0,Success,PayPal
394,118,84,20240322,499.0,Success,Credit Card
395,118,84,20240421,499.0,Success,Wallet
396,118,84,20240521,499.0,Success,Credit Card
397,118,84,20240620,499.0,Success,Debit Card
398,118,84,20240720,499.0,Success,Wallet
399,118,84,20240819,499.0,Failed,Debit Card
400,118,84,20240918,499.0,Success,Debit Card
401,118,84,20241018,499.0,Success,PayPal
402,118,84,20241117,499.0,Success,Credit Card
403,119,85,20230928,199.0,Success,Debit Card
404,120,86,20230609,149.0,Success,Wallet
405,120,86,20230709,149.0,Success,Credit Card
406,120,86,20230808,149.0,Success,Debit Card
407,120,86,20230907,149.0,Success,Debit Card
408,120,86,20231007,149.0,Success,PayPal
409,120,86,20231106,149.0,Success,PayPal
410,121,87,20231218,499.0,Success,UPI
411,121,87,20240117,499.0,Success,UPI
412,121,87,20240216,499.0,Success,Wallet
413,121,87,20240317,499.0,Success,Wallet
414,121,87,20240416,499.0,Success,Wallet
415,121,87,20240516,499.0,Success,UPI
416,122,88,20240601,199.0,Success,Credit Card
417,123,89,20230222,199.0,Success,Debit Card
418,124,89,20230324,799.0,Success,Debit Card
419,124,89,20230423,799.0,Success,PayPal
420,124,89,20230523,799.0,Success,PayPal
421,124,89,20230622,799.0,Failed,Wallet
422,124,89,20230722,799.0,Success,PayPal
423,124,89,20230821,799.0,Success,Credit Card
424,125,90,20230215,499.0,Success,UPI
425,126,90,20230328,199.0,Success,Wallet
426,126,90,20230427,199.0,Success,Credit Card
427,126,90,20230527,199.0,Success,PayPal
428,127,91,20230926,199.0,Success,Wallet
429,127,91,20231026,199.0,Success,Credit Card
430,127,91,20231125,199.0,Success,Credit Card
431,128,91,20240108,499.0,Success,PayPal
432,129,91,20240207,149.0,Success,UPI
433,130,92,20240313,799.0,Success,Credit Card
434,130,92,20240412,799.0,Success,Credit Card
435,130,92,20240512,799.0,Success,PayPal
436,131,93,20241208,499.0,Success,UPI
437,132,94,20240819,199.0,Failed,Credit Card
438,133,94,20241002,149.0,Success,PayPal
439,134,95,20231112,199.0,Success,Credit Card
440,134,95,20231212,199.0,Success,PayPal
441,134,95,20240111,199.0,Success,Wallet
442,135,96,20230210,799.0,Success,Debit Card
443,136,96,20230318,499.0,Success,Wallet
444,136,96,20230417,499.0,Success,UPI
445,136,96,20230517,499.0,Success,PayPal
446,136,96,20230616,499.0,Success,Wallet
447,136,96,20230716,499.0,Success,UPI
448,136,96,20230815,499.0,Success,Wallet
449,137,96,20231004,199.0,Success,Debit Card
450,137,96,20231103,199.0,Success,Credit Card
451,137,96,20231203,199.0,Success,Debit Card
452,137,96,20240102,199.0,Success,UPI
453,137,96,20240201,199.0,Success,Wallet
454,137,96,20240302,199.0,Success,UPI
455,137,96,20240401,199.0,Success,PayPal
456,137,96,20240501,199.0,Success,Debit Card
457,137,96,20240531,199.0,Success,PayPal
458,137,96,20240630,199.0,Success,UPI
459,137,96,20240730,199.0,Success,UPI
460,137,96,20240829,199.0,Success,Credit Card
461,138,97,20230416,499.0,Success,UPI
462,139,98,20240221,149.0,Success,UPI
463,139,98,20240322,149.0,Success,Wallet
464,139,98,20240421,149.0,Success,Debit Card
465,139,98,20240521,149.0,Success,PayPal
466,139,98,20240620,149.0,Success,Debit Card
467,139,98,20240720,149.0,Success,Wallet
468,139,98,20240819,149.0,Success,Credit Card
469,139,98,20240918,-149.0,Refunded,Wallet
470,139,98,20241018,149.0,Failed,Credit Card
471,139,98,20241117,149.0,Success,Debit Card
472,140,99,20230831,499.0,Success,Credit Card
473,140,99,20230930,499.0,Success,PayPal
474,140,99,20231030,499.0,Success,Wallet
475,141,99,20231210,149.0,Success,Wallet
476,142,100,20240227,799.0,Success,Debit Card
477,143,100,20240412,149.0,Success,PayPal
478,143,100,20240512,149.0,Success,UPI
479,143,100,20240611,149.0,Success,Debit Card
480,144,101,20240226,499.0,Success,Credit Card
481,144,101,20240327,499.0,Success,PayPal
482,144,101,20240426,499.0,Success,PayPal
483,145,102,20231001,499.0,Success,Wallet
484,146,103,20230209,499.0,Success,UPI
485,146,103,20230311,499.0,Success,Wallet
486,146,103,20230410,499.0,Success,Wallet
487,146,103,20230510,-499.0,Refunded,UPI
488,146,103,20230609,499.0,Success,UPI
489,146,103,20230709,499.0,Success,UPI
490,146,103,20230808,499.0,Failed,Credit Card
491,146,103,20230907,499.0,Success,Wallet
492,146,103,20231007,499.0,Success,Wallet
493,146,103,20231106,499.0,Success,Wallet
494,146,103,20231206,499.0,Success,UPI
495,146,103,20240105,499.0,Success,Wallet
496,147,104,20240416,199.0,Success,Debit Card
497,147,104,20240516,199.0,Success,Credit Card
498,147,104,20240615,199.0,Success,Debit Card
499,147,104,20240715,199.0,Success,Debit Card
500,147,104,20240814,199.0,Success,Credit Card
501,147,104,20240913,199.0,Success,PayPal
502,148,105,20230822,199.0,Success,UPI
503,148,105,20230921,199.0,Success,PayPal
504,148,105,20231021,199.0,Success,Credit Card
505,148,105,20231120,199.0,Success,UPI
506,148,105,20231220,199.0,Success,Debit Card
507,148,105,20240119,199.0,Success,PayPal
508,148,105,20240218,199.0,Success,Wallet
509,148,105,20240319,199.0,Success,Wallet
510,148,105,20240418,199.0,Success,Credit Card
511,148,105,20240518,199.0,Success,Credit Card
512,148,105,20240617,199.0,Success,UPI
513,148,105,20240717,199.0,Success,Debit Card
514,149,105,20240816,799.0,Success,Debit Card
515,149,105,20240915,799.0,Success,Credit Card
516,149,105,20241015,799.0,Success,Debit Card
517,149,105,20241114,799.0,Success,Wallet
518,150,106,20231203,799.0,Success,Wallet
519,150,106,20240102,799.0,Success,Wallet
520,150,106,20240201,799.0,Success,PayPal
521,150,106,20240302,799.0,Success,PayPal
522,150,106,20240401,799.0,Success,Debit Card
523,150,106,20240501,799.0,Success,Debit Card
524,151,106,20240611,149.0,Success,Credit Card
525,151,106,20240711,149.0,Success,Wallet
526,151,106,20240810,149.0,Failed,Debit Card
527,151,106,20240909,149.0,Success,Debit Card
528,151,106,20241009,149.0,Success,UPI
529,151,106,20241108,149.0,Success,PayPal
530,152,107,20231013,799.0,Success,UPI
531,152,107,20231112,799.0,Success,UPI
532,152,107,20231212,799.0,Success,Credit Card
533,152,107,20240111,799.0,Success,Debit Card
534,152,107,20240210,799.0,Success,Credit Card
535,152,107,20240311,799.0,Success,PayPal
536,153,107,20240413,-499.0,Refunded,Wallet
537,153,107,20240513,499.0,Success,Wallet
538,153,107,20240612,499.0,Success,Credit Card
539,153,107,20240712,499.0,Success,UPI
540,153,107,20240811,499.0,Success,UPI
541,153,107,20240910,499.0,Success,Credit Card
542,154,107,20241016,199.0,Success,Debit Card
543,154,107,20241115,199.0,Success,PayPal
544,155,108,20240703,799.0,Success,Debit Card
545,156,109,20230925,199.0,Success,Debit Card
546,157,109,20231025,799.0,Success,Credit Card
547,158,110,20230209,-199.0,Refunded,Credit Card
548,158,110,20230311,199.0,Success,Debit Card
549,158,110,20230410,199.0,Success,Wallet
550,158,110,20230510,199.0,Success,UPI
551,158,110,20230609,199.0,Success,Debit Card
552,158,110,20230709,199.0,Success,Credit Card
553,159,110,20230820,199.0,Success,Wallet
554,159,110,20230919,199.0,Success,UPI
555,159,110,20231019,199.0,Success,Credit Card
556,159,110,20231118,199.0,Success,Credit Card
557,159,110,20231218,-199.0,Refunded,UPI
558,159,110,20240117,199.0,Success,Debit Card
559,159,110,20240216,199.0,Success,Debit Card
560,159,110,20240317,199.0,Success,Credit Card
561,159,110,20240416,199.0,Success,Wallet
562,159,110,20240516,199.0,Success,Debit Card
563,159,110,20240615,199.0,Success,Credit Card
564,159,110,20240715,199.0,Success,PayPal
565,160,110,20240826,799.0,Success,Wallet
566,161,111,20231118,199.0,Success,Debit Card
567,161,111,20231218,199.0,Success,Credit Card
568,161,111,20240117,199.0,Success,UPI
569,161,111,20240216,199.0,Success,Wallet
570,161,111,20240317,199.0,Success,Credit Card
571,161,111,20240416,199.0,Success,Credit Card
572,162,111,20240531,799.0,Success,Wallet
573,162,111,20240630,799.0,Success,Debit Card
574,162,111,20240730,799.0,Success,Credit Card
575,163,112,20240130,199.0,Failed,UPI
576,163,112,20240229,199.0,Success,UPI
577,163,112,20240330,199.0,Success,Wallet
578,163,112,20240429,199.0,Success,UPI
579,163,112,20240529,199.0,Success,PayPal
580,163,112,20240628,199.0,Success,Debit Card
581,164,113,20240322,149.0,Success,Wallet
582,165,114,20241204,149.0,Success,UPI
583,166,115,20230721,199.0,Success,PayPal
584,166,115,20230820,199.0,Success,PayPal
585,166,115,20230919,199.0,Success,Wallet
586,166,115,20231019,199.0,Success,PayPal
587,166,115,20231118,199.0,Success,Debit Card
588,166,115,20231218,199.0,Success,Wallet
589,167,116,20231205,199.0,Success,Wallet
590,167,116,20240104,199.0,Success,Debit Card
591,167,116,20240203,199.0,Success,UPI
592,168,117,20231104,199.0,Success,UPI
593,169,117,20231222,199.0,Success,UPI
594,169,117,20240121,199.0,Success,Debit Card
595,169,117,20240220,199.0,Success,Wallet
596,169,117,20240321,199.0,Success,Credit Card
597,169,117,20240420,199.0,Success,UPI
598,169,117,20240520,199.0,Success,Credit Card
599,169,117,20240619,199.0,Success,Wallet
600,169,117,20240719,199.0,Success,Debit Card
601,169,117,20240818,199.0,Success,PayPal
602,169,117,20240917,199.0,Success,Debit Card
603,169,117,20241017,199.0,Success,Debit Card
604,169,117,20241116,199.0,Success,Wallet
605,170,118,20240217,499.0,Success,Debit Card
606,170,118,20240318,499.0,Success,PayPal
607,170,118,20240417,499.0,Success,UPI
608,170,118,20240517,499.0,Success,Debit Card
609,170,118,20240616,499.0,Success,Wallet
610,170,118,20240716,499.0,Success,UPI
611,171,119,20240306,199.0,Success,Credit Card
612,171,119,20240405,199.0,Success,Wallet
613,171,119,20240505,199.0,Success,UPI
614,172,120,20230628,499.0,Success,Debit Card
615,172,120,20230728,499.0,Success,UPI
616,172,120,20230827,499.0,Success,UPI
617,172,120,20230926,499.0,Success,PayPal
618,172,120,20231026,499.0,Success,PayPal
619,172,120,20231125,499.0,Success,Wallet
620,173,121,20230101,799.0,Success,Wallet
621,173,121,20230131,799.0,Success,Credit Card
622,173,121,20230302,799.0,Success,UPI
623,173,121,20230401,799.0,Success,UPI
624,173,121,20230501,799.0,Success,Wallet
625,173,121,20230531,799.0,Success,Credit Card
626,174,121,20230704,199.0,Success,Debit Card
627,175,122,20240816,499.0,Success,Credit Card
628,175,122,20240915,499.0,Success,Wallet
629,175,122,20241015,499.0,Success,Credit Card
630,175,122,20241114,499.0,Success,Wallet
631,176,123,20240328,499.0,Success,PayPal
632,176,123,20240427,499.0,Success,Wallet
633,176,123,20240527,499.0,Success,UPI
634,177,123,20240714,149.0,Success,UPI
635,178,124,20230623,199.0,Success,UPI
636,179,125,20241010,149.0,Success,Wallet
637,180,126,20230829,199.0,Success,PayPal
638,180,126,20230928,199.0,Success,PayPal
639,180,126,20231028,199.0,Success,Credit Card
640,180,126,20231127,199.0,Success,UPI
641,180,126,20231227,199.0,Success,Credit Card
642,180,126,20240126,199.0,Success,UPI
643,181,126,20240304,149.0,Success,Wallet
644,181,126,20240403,149.0,Success,Wallet
645,181,126,20240503,149.0,Success,UPI
646,181,126,20240602,149.0,Success,Wallet
647,181,126,20240702,149.0,Success,Credit Card
648,181,126,20240801,149.0,Success,UPI
649,181,126,20240831,149.0,Success,Credit Card
650,181,126,20240930,149.0,Success,Wallet
651,181,126,20241030,149.0,Success,Wallet
652,181,126,20241129,149.0,Success,Debit Card
653,182,127,20230531,799.0,Success,UPI
654,182,127,20230630,799.0,Success,UPI
655,182,127,20230730,799.0,Success,PayPal
656,183,128,20240917,499.0,Success,UPI
657,184,129,20240812,149.0,Success,Credit Card
658,184,129,20240911,149.0,Success,Debit Card
659,184,129,20241011,149.0,Success,UPI
660,184,129,20241110,149.0,Success,Credit Card
661,185,130,20240214,499.0,Success,PayPal
662,185,130,20240315,499.0,Success,PayPal
663,185,130,20240414,499.0,Success,Wallet
664,185,130,20240514,499.0,Success,UPI
665,185,130,20240613,499.0,Success,UPI
666,185,130,20240713,499.0,Success,UPI
667,185,130,20240812,499.0,Success,Wallet
668,185,130,20240911,499.0,Success,Debit Card
669,185,130,20241011,499.0,Success,UPI
670,185,130,20241110,499.0,Success,UPI
671,186,131,20230420,499.0,Success,Wallet
672,187,131,20230601,199.0,Success,Wallet
673,187,131,20230701,199.0,Success,Credit Card
674,187,131,20230731,199.0,Success,Credit Card
675,188,132,20241213,199.0,Success,Wallet
676,189,133,20230505,149.0,Success,Debit Card
677,190,134,20240627,199.0,Success,Debit Card
678,191,135,20240329,499.0,Failed,PayPal
679,192,136,20240312,499.0,Success,PayPal
680,193,137,20240501,799.0,Success,UPI
681,194,137,20240613,199.0,Success,UPI
682,194,137,20240713,199.0,Success,PayPal
683,194,137,20240812,199.0,Success,PayPal
684,194,137,20240911,199.0,Success,PayPal
685,194,137,20241011,199.0,Success,PayPal
686,194,137,20241110,199.0,Success,UPI
687,195,138,20241014,499.0,Success,UPI
688,195,138,20241113,499.0,Success,Wallet
689,196,139,20241003,499.0,Success,Debit Card
690,196,139,20241102,499.0,Success,UPI
691,197,140,20231020,499.0,Success,UPI
692,198,141,20240707,149.0,Success,Credit Card
693,198,141,20240806,149.0,Success,Debit Card
694,198,141,20240905,149.0,Success,Debit Card
695,198,141,20241005,149.0,Success,Wallet
696,198,141,20241104,149.0,Success,PayPal
697,199,142,20241211,499.0,Success,Debit Card
698,200,143,20240222,799.0,Success,UPI
699,200,143,20240323,-799.0,Refunded,Wallet
700,200,143,20240422,799.0,Success,Debit Card
701,201,144,20230731,149.0,Success,PayPal
702,201,144,20230830,149.0,Success,Wallet
703,201,144,20230929,149.0,Success,PayPal
704,201,144,20231029,149.0,Success,Wallet
705,201,144,20231128,149.0,Success,Credit Card
706,201,144,20231228,149.0,Success,Credit Card
707,201,144,20240127,149.0,Success,PayPal
708,201,144,20240226,149.0,Success,Credit Card
709,201,144,20240327,149.0,Success,UPI
710,201,144,20240426,149.0,Success,UPI
711,201,144,20240526,149.0,Success,UPI
712,201,144,20240625,149.0,Success,Wallet
713,202,144,20240812,499.0,Success,UPI
714,202,144,20240911,499.0,Success,Wallet
715,202,144,20241011,499.0,Success,UPI
716,202,144,20241110,499.0,Success,Wallet
717,203,145,20241213,199.0,Success,PayPal
718,204,146,20240125,799.0,Success,PayPal
719,204,146,20240224,799.0,Success,UPI
720,204,146,20240325,799.0,Success,Credit Card
721,204,146,20240424,799.0,Success,PayPal
722,204,146,20240524,799.0,Success,PayPal
723,204,146,20240623,799.0,Success,Debit Card
724,204,146,20240723,799.0,Success,Debit Card
725,204,146,20240822,799.0,Failed,Wallet
726,204,146,20240921,799.0,Success,UPI
727,204,146,20241021,799.0,Success,PayPal
728,204,146,20241120,799.0,Success,PayPal
729,205,147,20240204,499.0,Success,Credit Card
730,205,147,20240305,499.0,Success,Debit Card
731,205,147,20240404,499.0,Success,UPI
732,205,147,20240504,499.0,Success,UPI
733,205,147,20240603,499.0,Success,Wallet
734,205,147,20240703,499.0,Success,Debit Card
735,205,147,20240802,499.0,Success,UPI
736,205,147,20240901,499.0,Success,Credit Card
737,205,147,20241001,499.0,Success,Debit Card
738,205,147,20241031,499.0,Success,PayPal
739,205,147,20241130,499.0,Success,PayPal
740,206,148,20240909,799.0,Success,PayPal
741,206,148,20241009,799.0,Success,UPI
742,206,148,20241108,799.0,Success,Wallet
743,207,149,20240512,799.0,Success,Credit Card
744,207,149,20240611,799.0,Success,PayPal
745,207,149,20240711,799.0,Success,UPI
746,207,149,20240810,799.0,Success,Credit Card
747,207,149,20240909,799.0,Failed,Debit Card
748,207,149,20241009,799.0,Success,Debit Card
749,207,149,20241108,799.0,Success,PayPal
750,208,150,20240219,499.0,Success,Debit Card
751,208,150,20240320,499.0,Success,PayPal
752,208,150,20240419,499.0,Success,PayPal
753,209,151,20230511,799.0,Success,UPI
754,210,151,20230628,499.0,Success,Debit Card
755,211,152,20240829,499.0,Success,Credit Card
756,212,152,20241018,799.0,Success,UPI
757,213,153,20240314,499.0,Success,UPI
758,213,153,20240413,499.0,Success,Credit Card
759,213,153,20240513,499.0,Success,Debit Card
760,213,153,20240612,499.0,Success,UPI
761,213,153,20240712,499.0,Success,Credit Card
762,213,153,20240811,499.0,Success,PayPal
763,214,153,20240918,149.0,Success,Credit Card
764,214,153,20241018,149.0,Success,Credit Card
765,214,153,20241117,149.0,Success,UPI
766,215,154,20230924,799.0,Success,UPI
767,216,155,20231212,199.0,Success,UPI
768,217,156,20240307,-799.0,Refunded,UPI
769,217,156,20240406,799.0,Success,Wallet
770,217,156,20240506,799.0,Success,Debit Card
771,217,156,20240605,799.0,Success,UPI
772,217,156,20240705,799.0,Success,UPI
773,217,156,20240804,799.0,Success,UPI
774,217,156,20240903,799.0,Success,Wallet
775,217,156,20241003,799.0,Success,UPI
776,217,156,20241102,799.0,Success,UPI
777,218,157,20240706,149.0,Success,PayPal
778,218,157,20240805,149.0,Success,Debit Card
779,218,157,20240904,149.0,Success,Credit Card
780,218,157,20241004,149.0,Success,PayPal
781,218,157,20241103,149.0,Success,Wallet
782,219,158,20241027,149.0,Success,Debit Card
783,220,159,20230201,799.0,Success,Debit Card
784,221,160,20230606,799.0,Success,UPI
785,222,160,20230719,499.0,Success,PayPal
786,223,160,20230905,199.0,Success,PayPal
787,224,161,20240731,499.0,Success,PayPal
788,225,161,20240917,799.0,Success,Wallet
789,225,161,20241017,799.0,Success,Credit Card
790,225,161,20241116,799.0,Success,Wallet
791,226,162,20240113,499.0,Success,Wallet
792,227,162,20240222,499.0,Success,UPI
793,228,162,20240404,499.0,Success,Credit Card
794,228,162,20240504,499.0,Success,UPI
795,228,162,20240603,499.0,Success,Wallet
796,228,162,20240703,499.0,Success,Credit Card
797,228,162,20240802,499.0,Success,Credit Card
798,228,162,20240901,499.0,Success,Wallet
799,228,162,20241001,499.0,Success,PayPal
800,228,162,20241031,499.0,Success,Credit Card
801,228,162,20241130,499.0,Success,UPI
802,229,163,20230428,799.0,Success,Debit Card
803,229,163,20230528,799.0,Success,Credit Card
804,229,163,20230627,799.0,Success,PayPal
805,229,163,20230727,799.0,Success,Credit Card
806,229,163,20230826,799.0,Success,UPI
807,229,163,20230925,799.0,Success,UPI
808,230,163,20231101,149.0,Success,PayPal
809,231,164,20230127,799.0,Success,Wallet
810,232,164,20230307,149.0,Success,UPI
811,232,164,20230406,149.0,Success,Debit Card
812,232,164,20230506,149.0,Success,Credit Card
813,232,164,20230605,149.0,Success,Wallet
814,232,164,20230705,149.0,Success,PayPal
815,232,164,20230804,149.0,Success,Wallet
816,232,164,20230903,149.0,Success,Debit Card
817,232,164,20231003,149.0,Success,Debit Card
818,232,164,20231102,149.0,Success,PayPal
819,232,164,20231202,149.0,Success,Wallet
820,232,164,20240101,149.0,Success,PayPal
821,232,164,20240131,149.0,Success,Credit Card
822,233,164,20240313,149.0,Success,Wallet
823,234,165,20240120,149.0,Success,Debit Card
824,235,166,20240829,149.0,Success,Credit Card
825,236,166,20241006,499.0,Success,PayPal
826,236,166,20241105,499.0,Success,Credit Card
827,237,167,20241214,799.0,Success,Wallet
828,238,168,20230504,149.0,Success,Wallet
829,238,168,20230603,149.0,Success,Wallet
830,238,168,20230703,149.0,Success,Wallet
831,238,168,20230802,149.0,Success,Wallet
832,238,168,20230901,149.0,Success,UPI
833,238,168,20231001,149.0,Success,Credit Card
834,239,169,20240314,149.0,Success,Credit Card
835,240,170,20231216,799.0,Success,Credit Card
836,240,170,20240115,799.0,Success,UPI
837,240,170,20240214,799.0,Success,UPI
838,240,170,20240315,799.0,Success,Wallet
839,240,170,20240414,799.0,Success,Debit Card
840,240,170,20240514,799.0,Success,Wallet
841,241,170,20240622,499.0,Success,Credit Card
842,241,170,20240722,499.0,Success,Credit Card
843,241,170,20240821,499.0,Success,Credit Card
844,241,170,20240920,499.0,Success,UPI
845,241,170,20241020,499.0,Success,Debit Card
846,241,170,20241119,499.0,Success,Debit Card
847,242,171,20230419,199.0,Success,Credit Card
848,242,171,20230519,199.0,Failed,Debit Card
849,242,171,20230618,199.0,Success,PayPal
850,242,171,20230718,199.0,Success,UPI
851,242,171,20230817,199.0,Success,Credit Card
852,242,171,20230916,199.0,Success,Credit Card
853,242,171,20231016,199.0,Success,Wallet
854,242,171,20231115,199.0,Success,Debit Card
855,242,171,20231215,199.0,Success,Debit Card
856,242,171,20240114,199.0,Success,Debit Card
857,242,171,20240213,199.0,Success,Wallet
858,242,171,20240314,199.0,Success,PayPal
859,243,172,20240415,149.0,Success,Debit Card
860,243,172,20240515,149.0,Success,PayPal
861,243,172,20240614,149.0,Success,Wallet
862,243,172,20240714,149.0,Success,Credit Card
863,243,172,20240813,149.0,Success,Debit Card
864,243,172,20240912,149.0,Success,Credit Card
865,243,172,20241012,-149.0,Refunded,Debit Card
866,243,172,20241111,149.0,Success,Wallet
867,244,173,20240618,199.0,Success,Wallet
868,244,173,20240718,199.0,Success,PayPal
869,244,173,20240817,199.0,Success,Wallet
870,244,173,20240916,199.0,Success,Debit Card
871,244,173,20241016,199.0,Success,Credit Card
872,244,173,20241115,199.0,Success,Wallet
873,245,174,20240705,199.0,Success,Wallet
874,245,174,20240804,199.0,Success,Wallet
875,245,174,20240903,199.0,Success,Debit Card
876,245,174,20241003,199.0,Success,Wallet
877,245,174,20241102,199.0,Success,UPI
878,246,175,20240829,799.0,Success,UPI
879,246,175,20240928,799.0,Failed,PayPal
880,246,175,20241028,799.0,Success,Wallet
881,246,175,20241127,799.0,Success,Credit Card
882,247,176,20230330,499.0,Success,PayPal
883,248,177,20240420,199.0,Success,PayPal
884,249,177,20240606,199.0,Success,PayPal
885,249,177,20240706,199.0,Success,PayPal
886,249,177,20240805,199.0,Success,Debit Card
887,250,178,20230130,499.0,Success,UPI
888,250,178,20230301,499.0,Success,Debit Card
889,250,178,20230331,499.0,Success,Credit Card
890,250,178,20230430,499.0,Success,Wallet
891,250,178,20230530,499.0,Success,Debit Card
892,250,178,20230629,499.0,Success,UPI
893,251,179,20230806,499.0,Success,Wallet
894,251,179,20230905,499.0,Success,Credit Card
895,251,179,20231005,499.0,Success,Debit Card
896,251,179,20231104,499.0,Success,UPI
897,251,179,20231204,499.0,Success,Debit Card
898,251,179,20240103,499.0,Success,PayPal
899,251,179,20240202,499.0,Success,PayPal
900,251,179,20240303,499.0,Success,UPI
901,251,179,20240402,499.0,Success,PayPal
902,251,179,20240502,499.0,Success,UPI
903,251,179,20240601,499.0,Success,Debit Card
904,251,179,20240701,-499.0,Refunded,PayPal
905,252,180,20240902,499.0,Success,UPI
906,252,180,20241002,499.0,Success,UPI
907,252,180,20241101,499.0,Success,Credit Card
908,253,181,20240613,499.0,Success,UPI
909,254,182,20240515,199.0,Success,PayPal
910,255,183,20241023,799.0,Success,Wallet
911,256,183,20241127,499.0,Success,Debit Card
912,257,184,20230406,199.0,Success,Debit Card
913,257,184,20230506,199.0,Success,PayPal
914,257,184,20230605,199.0,Success,Wallet
915,257,184,20230705,199.0,Success,PayPal
916,257,184,20230804,199.0,Success,PayPal
917,257,184,20230903,199.0,Success,Debit Card
918,257,184,20231003,199.0,Success,PayPal
919,257,184,20231102,199.0,Success,Wallet
920,257,184,20231202,199.0,Success,UPI
921,257,184,20240101,199.0,Success,Wallet
922,257,184,20240131,199.0,Success,Credit Card
923,257,184,20240301,199.0,Success,Wallet
924,258,185,20231110,499.0,Success,PayPal
925,259,186,20240627,799.0,Success,PayPal
926,259,186,20240727,799.0,Success,UPI
927,259,186,20240826,799.0,Success,UPI
928,259,186,20240925,799.0,Success,Wallet
929,259,186,20241025,799.0,Success,Wallet
930,259,186,20241124,799.0,Success,Debit Card
931,260,187,20231205,499.0,Success,UPI
932,261,188,20230915,199.0,Success,PayPal
933,262,189,20230503,149.0,Success,Wallet
934,262,189,20230602,149.0,Success,PayPal
935,262,189,20230702,149.0,Success,Credit Card
936,262,189,20230801,149.0,Success,UPI
937,262,189,20230831,149.0,Success,UPI
938,262,189,20230930,149.0,Success,PayPal
939,262,189,20231030,149.0,Success,Wallet
940,262,189,20231129,149.0,Success,Debit Card
941,262,189,20231229,149.0,Success,Wallet
942,262,189,20240128,149.0,Success,Wallet
943,262,189,20240227,149.0,Success,UPI
944,262,189,20240328,149.0,Success,Debit Card
945,263,190,20230709,149.0,Success,Credit Card
946,263,190,20230808,149.0,Success,UPI
947,263,190,20230907,149.0,Success,UPI
948,263,190,20231007,149.0,Success,PayPal
949,263,190,20231106,149.0,Success,PayPal
950,263,190,20231206,149.0,Success,UPI
951,263,190,20240105,149.0,Success,Debit Card
952,263,190,20240204,149.0,Success,Debit Card
953,263,190,20240305,149.0,Success,Wallet
954,263,190,20240404,149.0,Success,UPI
955,263,190,20240504,149.0,Success,Credit Card
956,263,190,20240603,149.0,Success,Debit Card
957,264,190,20240723,799.0,Success,PayPal
958,264,190,20240822,799.0,Success,Wallet
959,264,190,20240921,799.0,Success,Credit Card
960,264,190,20241021,799.0,Success,Wallet
961,264,190,20241120,799.0,Success,Wallet
962,265,191,20240826,799.0,Success,PayPal
963,265,191,20240925,799.0,Success,UPI
964,265,191,20241025,799.0,Success,Wallet
965,265,191,20241124,799.0,Success,PayPal
966,266,192,20230718,149.0,Success,PayPal
967,267,192,20230823,199.0,Success,PayPal
968,267,192,20230922,199.0,Success,Wallet
969,267,192,20231022,199.0,Success,Credit Card
970,267,192,20231121,199.0,Success,Credit Card
971,267,192,20231221,199.0,Success,Wallet
972,267,192,20240120,199.0,Success,Debit Card
973,267,192,20240219,199.0,Success,Debit Card
974,267,192,20240320,199.0,Success,Wallet
975,267,192,20240419,199.0,Success,Debit Card
976,267,192,20240519,199.0,Success,Debit Card
977,267,192,20240618,199.0,Success,Debit Card
978,267,192,20240718,199.0,Success,UPI
979,268,193,20230115,149.0,Success,PayPal
980,268,193,20230214,149.0,Success,Wallet
981,268,193,20230316,149.0,Success,PayPal
982,268,193,20230415,149.0,Success,Debit Card
983,268,193,20230515,149.0,Success,Debit Card
984,268,193,20230614,149.0,Success,Credit Card
985,269,194,20230225,499.0,Success,Debit Card
986,270,195,20241015,499.0,Success,PayPal
987,270,195,20241114,499.0,Success,Debit Card
988,271,196,20231019,149.0,Success,Debit Card
989,271,196,20231118,149.0,Success,PayPal
990,271,196,20231218,149.0,Success,Wallet
991,272,196,20240131,149.0,Success,UPI
992,272,196,20240301,149.0,Success,Credit Card
993,272,196,20240331,149.0,Success,PayPal
994,273,197,20230222,199.0,Success,Credit Card
995,274,197,20230413,199.0,Success,Debit Card
996,274,197,20230513,199.0,Success,Wallet
997,274,197,20230612,199.0,Success,PayPal
998,275,197,20230723,149.0,Success,PayPal
999,275,197,20230822,149.0,Success,UPI
1000,275,197,20230921,149.0,Success,Wallet
1001,275,197,20231021,149.0,Success,UPI
1002,275,197,20231120,149.0,Success,PayPal
1003,275,197,20231220,149.0,Success,Wallet
1004,276,198,20230308,799.0,Success,Debit Card
1005,276,198,20230407,799.0,Success,Credit Card
1006,276,198,20230507,799.0,Success,UPI
1007,277,199,20241203,149.0,Success,UPI
1008,278,200,20231108,499.0,Success,UPI
1009,279,200,20231212,799.0,Success,Wallet
1010,280,201,20240302,199.0,Success,PayPal
1011,280,201,20240401,199.0,Success,UPI
1012,280,201,20240501,199.0,Success,PayPal
1013,280,201,20240531,199.0,Success,PayPal
1014,280,201,20240630,199.0,Success,UPI
1015,280,201,20240730,199.0,Success,PayPal
1016,281,201,20240917,149.0,Success,Wallet
1017,281,201,20241017,149.0,Success,PayPal
1018,281,201,20241116,149.0,Success,Wallet
1019,282,202,20240619,199.0,Success,Credit Card
1020,282,202,20240719,199.0,Success,Credit Card
1021,282,202,20240818,199.0,Failed,UPI
1022,282,202,20240917,199.0,Success,UPI
1023,282,202,20241017,199.0,Success,Credit Card
1024,282,202,20241116,199.0,Success,Debit Card
1025,283,202,20241229,199.0,Success,PayPal
1026,284,203,20240825,-499.0,Refunded,PayPal
1027,284,203,20240924,499.0,Success,PayPal
1028,284,203,20241024,499.0,Success,UPI
1029,284,203,20241123,499.0,Success,UPI
1030,285,204,20240916,799.0,Success,Wallet
1031,286,204,20241022,199.0,Success,UPI
1032,286,204,20241121,199.0,Success,Debit Card
1033,287,205,20241002,499.0,Success,PayPal
1034,288,206,20230903,149.0,Success,Debit Card
1035,288,206,20231003,149.0,Success,Debit Card
1036,288,206,20231102,149.0,Failed,PayPal
1037,288,206,20231202,149.0,Success,Credit Card
1038,288,206,20240101,149.0,Success,UPI
1039,288,206,20240131,149.0,Success,PayPal
1040,288,206,20240301,149.0,Success,Credit Card
1041,288,206,20240331,149.0,Success,UPI
1042,288,206,20240430,149.0,Success,PayPal
1043,288,206,20240530,149.0,Success,UPI
1044,288,206,20240629,149.0,Success,Debit Card
1045,288,206,20240729,149.0,Success,UPI
1046,289,206,20240901,149.0,Success,UPI
1047,289,206,20241001,149.0,Success,Debit Card
1048,289,206,20241031,149.0,Success,Credit Card
1049,289,206,20241130,149.0,Success,Credit Card
1050,290,207,20240223,199.0,Success,UPI
1051,291,207,20240325,799.0,Success,Debit Card
1052,291,207,20240424,799.0,Success,Credit Card
1053,291,207,20240524,799.0,Success,Wallet
1054,291,207,20240623,799.0,Success,PayPal
1055,291,207,20240723,799.0,Success,PayPal
1056,291,207,20240822,799.0,Success,UPI
1057,292,207,20240928,149.0,Success,PayPal
1058,293,208,20230203,149.0,Success,Credit Card
1059,293,208,20230305,149.0,Success,UPI
1060,293,208,20230404,149.0,Success,Debit Card
1061,294,208,20230515,149.0,Success,Credit Card
1062,294,208,20230614,149.0,Success,Debit Card
1063,294,208,20230714,149.0,Success,UPI
1064,295,209,20240409,799.0,Success,Credit Card
1065,295,209,20240509,799.0,Success,Wallet
1066,295,209,20240608,799.0,Success,Credit Card
1067,295,209,20240708,799.0,Success,Wallet
1068,295,209,20240807,799.0,Success,Wallet
1069,295,209,20240906,799.0,Success,UPI
1070,295,209,20241006,799.0,Success,Credit Card
1071,295,209,20241105,799.0,Success,UPI
1072,296,210,20241002,799.0,Success,PayPal
1073,296,210,20241101,799.0,Success,UPI
1074,296,210,20241201,799.0,Success,Credit Card
1075,297,211,20240311,149.0,Success,Debit Card
1076,297,211,20240410,149.0,Success,Debit Card
1077,297,211,20240510,149.0,Success,UPI
1078,297,211,20240609,149.0,Success,Wallet
1079,297,211,20240709,149.0,Success,UPI
1080,297,211,20240808,149.0,Success,Credit Card
1081,298,212,20230930,199.0,Success,Wallet
1082,298,212,20231030,199.0,Success,Credit Card
1083,298,212,20231129,199.0,Success,UPI
1084,298,212,20231229,199.0,Success,Debit Card
1085,298,212,20240128,199.0,Success,Debit Card
1086,298,212,20240227,199.0,Success,Debit Card
1087,298,212,20240328,199.0,Success,Wallet
1088,298,212,20240427,199.0,Success,Wallet
1089,298,212,20240527,199.0,Success,PayPal
1090,298,212,20240626,199.0,Success,PayPal
1091,298,212,20240726,199.0,Success,PayPal
1092,298,212,20240825,199.0,Success,Debit Card
1093,299,213,20231111,499.0,Success,Debit Card
1094,300,213,20231218,149.0,Success,PayPal
1095,301,214,20231023,799.0,Success,Wallet
1096,301,214,20231122,799.0,Success,Credit Card
1097,301,214,20231222,799.0,Success,UPI
1098,301,214,20240121,799.0,Success,Debit Card
1099,301,214,20240220,799.0,Success,Debit Card
1100,301,214,20240321,799.0,Success,Debit Card
1101,302,215,20241217,799.0,Success,Wallet
1102,303,216,20240520,799.0,Success,Credit Card
1103,304,216,20240702,499.0,Success,Credit Card
1104,304,216,20240801,499.0,Success,PayPal
1105,304,216,20240831,499.0,Success,Credit Card
1106,304,216,20240930,499.0,Success,Wallet
1107,304,216,20241030,499.0,Success,Wallet
1108,304,216,20241129,-499.0,Refunded,Credit Card
1109,305,217,20240318,199.0,Success,PayPal
1110,305,217,20240417,199.0,Success,Credit Card
1111,305,217,20240517,199.0,Success,Credit Card
1112,306,218,20230404,499.0,Success,UPI
1113,306,218,20230504,499.0,Success,Debit Card
1114,306,218,20230603,499.0,Success,Debit Card
1115,306,218,20230703,499.0,Success,Wallet
1116,306,218,20230802,499.0,Success,Credit Card
1117,306,218,20230901,499.0,Success,Wallet
1118,307,219,20240812,499.0,Success,UPI
1119,307,219,20240911,499.0,Success,UPI
1120,307,219,20241011,499.0,Success,PayPal
1121,308,220,20241119,199.0,Success,UPI
1122,309,221,20230629,149.0,Success,Wallet
1123,310,222,20231012,499.0,Success,PayPal
1124,311,222,20231116,199.0,Success,UPI
1125,312,223,20240518,199.0,Success,Wallet
1126,313,224,20231125,199.0,Success,Wallet
1127,314,224,20231231,499.0,Success,Credit Card
1128,314,224,20240130,499.0,Success,UPI
1129,314,224,20240229,499.0,Success,Debit Card
1130,314,224,20240330,499.0,Success,PayPal
1131,314,224,20240429,499.0,Success,Credit Card
1132,314,224,20240529,499.0,Success,Debit Card
1133,315,224,20240713,199.0,Success,UPI
1134,315,224,20240812,199.0,Success,Wallet
1135,315,224,20240911,199.0,Success,Wallet
1136,316,225,20240226,199.0,Success,PayPal
1137,316,225,20240327,199.0,Success,Credit Card
1138,316,225,20240426,199.0,Success,Credit Card
1139,316,225,20240526,199.0,Success,UPI
1140,316,225,20240625,199.0,Success,Debit Card
1141,316,225,20240725,199.0,Success,UPI
1142,316,225,20240824,199.0,Success,Wallet
1143,316,225,20240923,199.0,Success,Debit Card
1144,316,225,20241023,199.0,Success,Credit Card
1145,316,225,20241122,199.0,Success,UPI
1146,317,226,20240215,799.0,Success,Credit Card
1147,318,227,20230916,149.0,Success,PayPal
1148,319,228,20240610,499.0,Success,PayPal
1149,319,228,20240710,499.0,Success,UPI
1150,319,228,20240809,499.0,Success,Credit Card
1151,319,228,20240908,499.0,Success,Debit Card
1152,319,228,20241008,499.0,Success,Credit Card
1153,319,228,20241107,499.0,Success,PayPal
1154,320,229,20240228,799.0,Success,Credit Card
1155,320,229,20240329,799.0,Success,Credit Card
1156,320,229,20240428,799.0,Success,Wallet
1157,321,230,20240525,499.0,Success,Debit Card
1158,321,230,20240624,499.0,Success,Debit Card
1159,321,230,20240724,499.0,Success,Credit Card
1160,322,231,20231001,499.0,Success,PayPal
1161,323,232,20241216,499.0,Success,Wallet
1162,324,233,20240915,799.0,Success,Wallet
1163,324,233,20241015,799.0,Success,PayPal
1164,324,233,20241114,799.0,Success,UPI
1165,325,234,20230115,149.0,Success,UPI
1166,325,234,20230214,149.0,Success,Debit Card
1167,325,234,20230316,149.0,Success,PayPal
1168,325,234,20230415,149.0,Success,Credit Card
1169,325,234,20230515,149.0,Success,UPI
1170,325,234,20230614,149.0,Success,PayPal
1171,326,235,20230427,149.0,Success,Debit Card
1172,327,235,20230608,499.0,Success,Debit Card
1173,327,235,20230708,499.0,Success,Credit Card
1174,327,235,20230807,499.0,Success,UPI
1175,328,236,20230607,149.0,Success,Debit Card
1176,329,236,20230721,149.0,Success,Credit Card
1177,329,236,20230820,149.0,Success,Wallet
1178,329,236,20230919,149.0,Success,Debit Card
1179,330,236,20231029,149.0,Success,PayPal
1180,330,236,20231128,149.0,Success,UPI
1181,330,236,20231228,149.0,Success,Debit Card
1182,331,237,20241223,199.0,Success,Credit Card
1183,332,238,20240428,799.0,Success,Debit Card
1184,333,239,20230715,149.0,Success,PayPal
1185,333,239,20230814,149.0,Success,PayPal
1186,333,239,20230913,149.0,Success,PayPal
1187,334,239,20231018,149.0,Success,UPI
1188,335,239,20231207,799.0,Success,PayPal
1189,335,239,20240106,799.0,Success,Credit Card
1190,335,239,20240205,799.0,Success,Debit Card
1191,336,240,20230313,199.0,Success,Debit Card
1192,336,240,20230412,199.0,Success,Debit Card
1193,336,240,20230512,199.0,Success,PayPal
1194,336,240,20230611,199.0,Success,Credit Card
1195,336,240,20230711,199.0,Success,PayPal
1196,336,240,20230810,199.0,Success,UPI
1197,337,241,20231215,499.0,Success,UPI
1198,338,241,20240130,799.0,Success,Wallet
1199,338,241,20240229,799.0,Success,Credit Card
1200,338,241,20240330,799.0,Success,PayPal
1201,338,241,20240429,799.0,Success,Debit Card
1202,338,241,20240529,799.0,Success,UPI
1203,338,241,20240628,799.0,Success,PayPal
1204,338,241,20240728,799.0,Success,UPI
1205,338,241,20240827,799.0,Success,UPI
1206,338,241,20240926,799.0,Success,UPI
1207,338,241,20241026,799.0,Success,Debit Card
1208,338,241,20241125,799.0,Success,PayPal
1209,339,242,20231102,499.0,Success,PayPal
1210,339,242,20231202,499.0,Success,Debit Card
1211,339,242,20240101,499.0,Success,Credit Card
1212,339,242,20240131,499.0,Success,Debit Card
1213,339,242,20240301,499.0,Success,PayPal
1214,339,242,20240331,499.0,Success,PayPal
1215,340,243,20230602,149.0,Success,Credit Card
1216,340,243,20230702,149.0,Success,Debit Card
1217,340,243,20230801,149.0,Success,PayPal
1218,340,243,20230831,149.0,Success,UPI
1219,340,243,20230930,149.0,Success,Credit Card
1220,340,243,20231030,149.0,Success,Credit Card
1221,340,243,20231129,149.0,Success,Credit Card
1222,340,243,20231229,149.0,Success,UPI
1223,340,243,20240128,149.0,Success,PayPal
1224,340,243,20240227,149.0,Success,Wallet
1225,340,243,20240328,149.0,Success,PayPal
1226,340,243,20240427,149.0,Success,Credit Card
1227,341,243,20240613,149.0,Success,PayPal
1228,342,244,20240719,199.0,Success,Wallet
1229,342,244,20240818,199.0,Success,Credit Card
1230,342,244,20240917,199.0,Success,UPI
1231,342,244,20241017,199.0,Success,PayPal
1232,342,244,20241116,199.0,Success,Credit Card
1233,343,245,20230713,-499.0,Refunded,Credit Card
1234,343,245,20230812,499.0,Success,Debit Card
1235,343,245,20230911,499.0,Success,Credit Card
1236,344,245,20231018,149.0,Success,Wallet
1237,344,245,20231117,149.0,Success,Credit Card
1238,344,245,20231217,149.0,Success,PayPal
1239,345,245,20240205,199.0,Failed,PayPal
1240,346,246,20240225,799.0,Success,Wallet
1241,347,247,20240126,499.0,Success,Debit Card
1242,347,247,20240225,499.0,Success,Debit Card
1243,347,247,20240326,499.0,Success,Debit Card
1244,347,247,20240425,499.0,Success,UPI
1245,347,247,20240525,499.0,Success,Debit Card
1246,347,247,20240624,499.0,Success,Wallet
1247,348,247,20240725,199.0,Success,Debit Card
1248,348,247,20240824,199.0,Success,Debit Card
1249,348,247,20240923,199.0,Success,Credit Card
1250,349,248,20241029,199.0,Success,UPI
1251,349,248,20241128,199.0,Failed,UPI
1252,350,249,20240529,799.0,Success,Wallet
1253,350,249,20240628,799.0,Success,UPI
1254,350,249,20240728,799.0,Success,Wallet
1255,350,249,20240827,799.0,Success,UPI
1256,350,249,20240926,799.0,Success,Credit Card
1257,350,249,20241026,799.0,Success,PayPal
1258,350,249,20241125,799.0,Success,UPI
1259,351,250,20240326,499.0,Success,PayPal
1260,351,250,20240425,-499.0,Refunded,Credit Card
1261,351,250,20240525,499.0,Success,PayPal
1262,351,250,20240624,499.0,Success,Wallet
1263,351,250,20240724,-499.0,Refunded,UPI
1264,351,250,20240823,499.0,Success,Debit Card
1265,351,250,20240922,-499.0,Refunded,Debit Card
1266,351,250,20241022,499.0,Failed,Credit Card
1267,351,250,20241121,499.0,Success,Wallet
1268,352,251,20230528,199.0,Success,Debit Card
1269,353,252,20230318,499.0,Success,Credit Card
1270,353,252,20230417,499.0,Success,Debit Card
1271,353,252,20230517,499.0,Success,UPI
1272,353,252,20230616,499.0,Success,Debit Card
1273,353,252,20230716,499.0,Success,PayPal
1274,353,252,20230815,499.0,Success,UPI
1275,353,252,20230914,499.0,Success,PayPal
1276,353,252,20231014,499.0,Success,Wallet
1277,353,252,20231113,499.0,Success,UPI
1278,353,252,20231213,499.0,Success,UPI
1279,353,252,20240112,499.0,Success,Credit Card
1280,353,252,20240211,499.0,Success,Wallet
1281,354,252,20240312,149.0,Success,Credit Card
1282,355,252,20240418,149.0,Success,Debit Card
1283,356,253,20240930,799.0,Success,Credit Card
1284,356,253,20241030,799.0,Success,UPI
1285,356,253,20241129,799.0,Success,Credit Card
1286,357,254,20231203,799.0,Success,Credit Card
1287,358,254,20240111,799.0,Success,UPI
1288,358,254,20240210,799.0,Success,UPI
1289,358,254,20240311,799.0,Success,Wallet
1290,358,254,20240410,799.0,Success,Wallet
1291,358,254,20240510,799.0,Success,Credit Card
1292,358,254,20240609,799.0,Success,UPI
1293,358,254,20240709,799.0,Success,Credit Card
1294,358,254,20240808,799.0,Success,Credit Card
1295,358,254,20240907,799.0,Success,Wallet
1296,358,254,20241007,799.0,Success,Debit Card
1297,358,254,20241106,799.0,Success,Debit Card
1298,359,255,20231121,499.0,Success,UPI
1299,360,256,20240708,199.0,Success,PayPal
1300,360,256,20240807,199.0,Success,UPI
1301,360,256,20240906,199.0,Success,Debit Card
1302,361,256,20241009,149.0,Success,Debit Card
1303,361,256,20241108,149.0,Success,PayPal
1304,362,257,20241201,-149.0,Refunded,Debit Card
1305,363,258,20240320,799.0,Success,Debit Card
1306,364,259,20230413,499.0,Success,Credit Card
1307,364,259,20230513,499.0,Success,UPI
1308,364,259,20230612,499.0,Success,PayPal
1309,364,259,20230712,499.0,Success,UPI
1310,364,259,20230811,499.0,Success,UPI
1311,364,259,20230910,499.0,Success,Debit Card
1312,364,259,20231010,499.0,Success,PayPal
1313,364,259,20231109,499.0,Success,Credit Card
1314,364,259,20231209,499.0,Success,Credit Card
1315,364,259,20240108,499.0,Success,Wallet
1316,364,259,20240207,499.0,Success,Wallet
1317,364,259,20240308,499.0,Success,UPI
1318,365,259,20240407,199.0,Success,Credit Card
1319,366,260,20230130,499.0,Failed,PayPal
1320,366,260,20230301,499.0,Success,UPI
1321,366,260,20230331,499.0,Success,Debit Card
1322,366,260,20230430,499.0,Success,PayPal
1323,366,260,20230530,499.0,Success,PayPal
1324,366,260,20230629,499.0,Success,Credit Card
1325,367,260,20230818,799.0,Success,Debit Card
1326,368,261,20240103,199.0,Success,Credit Card
1327,368,261,20240202,199.0,Success,PayPal
1328,368,261,20240303,199.0,Success,Credit Card
1329,368,261,20240402,199.0,Success,UPI
1330,368,261,20240502,-199.0,Refunded,PayPal
1331,368,261,20240601,199.0,Success,Credit Card
1332,368,261,20240701,199.0,Success,Credit Card
1333,368,261,20240731,199.0,Success,Debit Card
1334,368,261,20240830,199.0,Success,UPI
1335,368,261,20240929,199.0,Success,Wallet
1336,368,261,20241029,199.0,Success,Debit Card
1337,368,261,20241128,199.0,Success,Wallet
1338,369,262,20240226,499.0,Success,Debit Card
1339,369,262,20240327,499.0,Success,Debit Card
1340,369,262,20240426,499.0,Success,Wallet
1341,369,262,20240526,499.0,Success,PayPal
1342,369,262,20240625,499.0,Failed,Credit Card
1343,369,262,20240725,499.0,Success,PayPal
1344,369,262,20240824,499.0,Success,Wallet
1345,369,262,20240923,499.0,Success,UPI
1346,369,262,20241023,499.0,Success,PayPal
1347,369,262,20241122,499.0,Success,Wallet
1348,370,263,20230629,499.0,Success,Credit Card
1349,370,263,20230729,499.0,Success,PayPal
1350,370,263,20230828,499.0,Success,PayPal
1351,370,263,20230927,499.0,Success,Wallet
1352,370,263,20231027,499.0,Success,PayPal
1353,370,263,20231126,499.0,Success,UPI
1354,371,264,20241130,799.0,Success,Credit Card
1355,372,265,20230826,149.0,Success,UPI
1356,373,266,20241113,799.0,Success,Wallet
1357,374,267,20231022,149.0,Success,Credit Card
1358,375,268,20231220,199.0,Success,PayPal
1359,375,268,20240119,199.0,Success,Debit Card
1360,375,268,20240218,-199.0,Refunded,Wallet
1361,375,268,20240319,199.0,Success,Debit Card
1362,375,268,20240418,199.0,Success,Credit Card
1363,375,268,20240518,199.0,Success,Credit Card
1364,375,268,20240617,199.0,Success,Credit Card
1365,375,268,20240717,199.0,Success,UPI
1366,375,268,20240816,199.0,Success,UPI
1367,375,268,20240915,199.0,Success,Wallet
1368,375,268,20241015,199.0,Success,Credit Card
1369,375,268,20241114,199.0,Success,PayPal
1370,376,269,20241207,799.0,Success,Wallet
1371,377,270,20240129,799.0,Success,Wallet
1372,378,270,20240312,799.0,Success,Debit Card
1373,379,270,20240412,799.0,Success,Debit Card
1374,380,271,20240103,799.0,Success,Credit Card
1375,380,271,20240202,799.0,Success,PayPal
1376,380,271,20240303,799.0,Success,Wallet
1377,381,272,20230123,799.0,Success,Debit Card
1378,382,273,20241203,199.0,Success,PayPal
1379,383,274,20240523,499.0,Success,UPI
1380,384,275,20231227,199.0,Success,PayPal
1381,384,275,20240126,199.0,Success,Credit Card
1382,384,275,20240225,199.0,Success,Wallet
1383,385,276,20241125,199.0,Success,Wallet
1384,386,277,20230521,499.0,Success,UPI
1385,387,278,20230210,799.0,Success,UPI
1386,387,278,20230312,799.0,Success,Credit Card
1387,387,278,20230411,799.0,Success,PayPal
1388,387,278,20230511,799.0,Success,UPI
1389,387,278,20230610,799.0,Success,UPI
1390,387,278,20230710,799.0,Failed,UPI
1391,387,278,20230809,799.0,Success,Debit Card
1392,387,278,20230908,799.0,Success,UPI
1393,387,278,20231008,799.0,Success,Wallet
1394,387,278,20231107,799.0,Success,Debit Card
1395,387,278,20231207,799.0,Success,UPI
1396,387,278,20240106,799.0,Success,PayPal
1397,388,279,20240109,199.0,Failed,Credit Card
1398,388,279,20240208,199.0,Success,PayPal
1399,388,279,20240309,199.0,Success,PayPal
1400,389,279,20240421,199.0,Success,UPI
1401,389,279,20240521,199.0,Success,Credit Card
1402,389,279,20240620,199.0,Success,Wallet
1403,390,280,20231201,199.0,Success,UPI
1404,391,281,20240706,149.0,Success,PayPal
1405,391,281,20240805,149.0,Success,Debit Card
1406,391,281,20240904,149.0,Success,Credit Card
1407,391,281,20241004,149.0,Success,PayPal
1408,391,281,20241103,149.0,Success,Wallet
1409,392,282,20230618,499.0,Success,UPI
1410,393,283,20231030,199.0,Success,PayPal
1411,394,284,20240424,499.0,Success,Debit Card
1412,394,284,20240524,499.0,Success,Debit Card
1413,394,284,20240623,499.0,Success,PayPal
1414,394,284,20240723,-499.0,Refunded,Credit Card
1415,394,284,20240822,499.0,Success,Wallet
1416,394,284,20240921,499.0,Success,Debit Card
1417,394,284,20241021,499.0,Success,PayPal
1418,394,284,20241120,499.0,Success,Credit Card
1419,395,285,20241123,199.0,Success,Debit Card
1420,396,286,20240724,149.0,Success,PayPal
1421,396,286,20240823,-149.0,Refunded,Credit Card
1422,396,286,20240922,149.0,Success,Credit Card
1423,396,286,20241022,149.0,Success,Wallet
1424,396,286,20241121,149.0,Success,PayPal
1425,397,287,20230928,149.0,Success,Wallet
1426,398,288,20241119,149.0,Success,Credit Card
1427,399,289,20240116,499.0,Success,Credit Card
1428,399,289,20240215,499.0,Success,Credit Card
1429,399,289,20240316,499.0,Success,Wallet
1430,399,289,20240415,499.0,Success,Debit Card
1431,399,289,20240515,499.0,Success,PayPal
1432,399,289,20240614,499.0,Success,Credit Card
1433,399,289,20240714,499.0,Success,Wallet
1434,399,289,20240813,499.0,Success,Credit Card
1435,399,289,20240912,499.0,Success,Wallet
1436,399,289,20241012,499.0,Success,UPI
1437,399,289,20241111,499.0,Success,Wallet
1438,400,290,20240926,149.0,Success,Credit Card
1439,400,290,20241026,149.0,Success,Wallet
1440,400,290,20241125,149.0,Success,Credit Card
1441,401,291,20241025,-149.0,Refunded,PayPal
1442,401,291,20241124,149.0,Success,Credit Card
1443,402,292,20241218,499.0,Success,Credit Card
1444,403,293,20230216,499.0,Success,Debit Card
1445,404,294,20230410,199.0,Success,Debit Card
1446,405,294,20230514,499.0,Success,PayPal
1447,405,294,20230613,499.0,Success,PayPal
1448,405,294,20230713,499.0,Success,Debit Card
1449,406,294,20230830,199.0,Success,Wallet
1450,407,295,20240409,149.0,Failed,Credit Card
1451,408,295,20240523,-499.0,Refunded,UPI
1452,409,296,20240707,799.0,Success,Wallet
1453,409,296,20240806,799.0,Success,PayPal
1454,409,296,20240905,799.0,Success,PayPal
1455,409,296,20241005,799.0,Success,PayPal
1456,409,296,20241104,799.0,Success,PayPal
1457,410,297,20240229,149.0,Failed,Credit Card
1458,411,298,20240222,799.0,Success,Credit Card
1459,412,299,20240330,149.0,Success,UPI
1460,412,299,20240429,149.0,Success,Wallet
1461,412,299,20240529,149.0,Success,PayPal
1462,412,299,20240628,149.0,Success,Debit Card
1463,412,299,20240728,149.0,Success,PayPal
1464,412,299,20240827,149.0,Success,Wallet
1465,413,299,20241009,-199.0,Refunded,Debit Card
1466,413,299,20241108,199.0,Success,Credit Card
1467,414,300,20230412,199.0,Success,Credit Card
1468,414,300,20230512,199.0,Success,Wallet
1469,414,300,20230611,199.0,Success,UPI
1470,414,300,20230711,199.0,Success,PayPal
1471,414,300,20230810,199.0,Success,Wallet
1472,414,300,20230909,199.0,Success,PayPal
1473,415,300,20231015,149.0,Success,UPI
1474,416,301,20241022,499.0,Success,PayPal
1475,416,301,20241121,499.0,Success,Credit Card
1476,417,302,20230506,199.0,Success,PayPal
1477,417,302,20230605,199.0,Success,PayPal
1478,417,302,20230705,199.0,Success,Debit Card
1479,417,302,20230804,199.0,Success,UPI
1480,417,302,20230903,199.0,Success,Wallet
1481,417,302,20231003,199.0,Success,UPI
1482,417,302,20231102,199.0,Success,PayPal
1483,417,302,20231202,199.0,Success,Wallet
1484,417,302,20240101,199.0,Success,Credit Card
1485,417,302,20240131,199.0,Success,Wallet
1486,417,302,20240301,199.0,Success,Debit Card
1487,417,302,20240331,199.0,Success,Debit Card
1488,418,303,20241016,149.0,Success,Credit Card
1489,419,303,20241123,149.0,Success,UPI
1490,420,304,20231208,499.0,Success,Credit Card
1491,421,305,20230730,499.0,Success,Debit Card
1492,421,305,20230829,499.0,Success,UPI
1493,421,305,20230928,499.0,Success,PayPal
1494,421,305,20231028,499.0,Success,Debit Card
1495,421,305,20231127,499.0,Success,Wallet
1496,421,305,20231227,499.0,Success,PayPal
1497,421,305,20240126,499.0,Success,UPI
1498,421,305,20240225,499.0,Success,Wallet
1499,421,305,20240326,499.0,Success,Wallet
1500,421,305,20240425,499.0,Success,Debit Card
1501,421,305,20240525,499.0,Success,UPI
1502,421,305,20240624,-499.0,Refunded,Credit Card
1503,422,306,20240823,799.0,Success,Credit Card
1504,422,306,20240922,799.0,Success,PayPal
1505,422,306,20241022,799.0,Success,UPI
1506,423,307,20230601,799.0,Success,Credit Card
1507,423,307,20230701,799.0,Success,PayPal
1508,423,307,20230731,799.0,Success,PayPal
1509,423,307,20230830,799.0,Success,UPI
1510,423,307,20230929,799.0,Success,Wallet
1511,423,307,20231029,799.0,Success,PayPal
1512,424,307,20231216,199.0,Success,PayPal
1513,425,307,20240123,499.0,Failed,Debit Card
1514,425,307,20240222,499.0,Success,UPI
1515,425,307,20240323,499.0,Success,Wallet
1516,425,307,20240422,499.0,Success,Credit Card
1517,425,307,20240522,499.0,Success,Wallet
1518,425,307,20240621,499.0,Success,Debit Card
1519,425,307,20240721,499.0,Success,Credit Card
1520,425,307,20240820,499.0,Success,PayPal
1521,425,307,20240919,499.0,Success,PayPal
1522,425,307,20241019,499.0,Success,UPI
1523,425,307,20241118,499.0,Success,Wallet
1524,426,308,20230529,499.0,Success,PayPal
1525,426,308,20230628,499.0,Success,UPI
1526,426,308,20230728,499.0,Success,PayPal
1527,426,308,20230827,499.0,Success,PayPal
1528,426,308,20230926,499.0,Success,Wallet
1529,426,308,20231026,499.0,Success,Debit Card
1530,427,308,20231125,499.0,Success,UPI
1531,428,309,20230423,149.0,Success,Wallet
1532,429,310,20240102,799.0,Success,Wallet
1533,429,310,20240201,-799.0,Refunded,UPI
1534,429,310,20240302,799.0,Success,Wallet
1535,430,311,20230929,799.0,Success,UPI
1536,431,311,20231117,499.0,Success,Debit Card
1537,432,311,20231227,799.0,Success,Wallet
1538,432,311,20240126,799.0,Success,Debit Card
1539,432,311,20240225,799.0,Success,UPI
1540,432,311,20240326,799.0,Success,PayPal
1541,432,311,20240425,799.0,Success,Wallet
1542,432,311,20240525,799.0,Success,Wallet
1543,433,312,20230427,499.0,Success,Wallet
1544,433,312,20230527,499.0,Success,PayPal
1545,433,312,20230626,499.0,Success,Credit Card
1546,433,312,20230726,499.0,Success,Debit Card
1547,433,312,20230825,499.0,Success,UPI
1548,433,312,20230924,499.0,Success,Debit Card
1549,434,313,20240106,199.0,Success,Credit Card
1550,434,313,20240205,199.0,Success,Credit Card
1551,434,313,20240306,199.0,Success,Wallet
1552,434,313,20240405,199.0,Success,Debit Card
1553,434,313,20240505,199.0,Success,Credit Card
1554,434,313,20240604,199.0,Success,PayPal
1555,434,313,20240704,199.0,Success,UPI
1556,434,313,20240803,199.0,Success,PayPal
1557,434,313,20240902,199.0,Success,Wallet
1558,434,313,20241002,199.0,Success,Credit Card
1559,434,313,20241101,199.0,Success,Debit Card
1560,434,313,20241201,199.0,Success,PayPal
1561,435,314,20230815,499.0,Success,PayPal
1562,435,314,20230914,499.0,Success,Credit Card
1563,435,314,20231014,499.0,Success,Wallet
1564,435,314,20231113,499.0,Success,Credit Card
1565,435,314,20231213,499.0,Success,Wallet
1566,435,314,20240112,499.0,Success,PayPal
1567,436,314,20240213,199.0,Success,Wallet
1568,436,314,20240314,199.0,Success,Wallet
1569,436,314,20240413,199.0,Failed,Debit Card
1570,436,314,20240513,199.0,Success,Debit Card
1571,436,314,20240612,199.0,Success,UPI
1572,436,314,20240712,199.0,Success,Debit Card
1573,436,314,20240811,199.0,Success,Credit Card
1574,436,314,20240910,199.0,Success,Debit Card
1575,436,314,20241010,199.0,Success,Credit Card
1576,436,314,20241109,199.0,Success,Debit Card
1577,437,315,20241105,499.0,Success,Wallet
1578,438,315,20241208,199.0,Success,PayPal
1579,439,316,20230201,799.0,Success,Wallet
1580,439,316,20230303,799.0,Success,Debit Card
1581,439,316,20230402,799.0,Success,Credit Card
1582,439,316,20230502,799.0,Failed,UPI
1583,439,316,20230601,799.0,Success,PayPal
1584,439,316,20230701,799.0,Success,Wallet
1585,439,316,20230731,799.0,Success,Debit Card
1586,439,316,20230830,799.0,Success,Wallet
1587,439,316,20230929,799.0,Success,PayPal
1588,439,316,20231029,799.0,Success,UPI
1589,439,316,20231128,799.0,Success,Debit Card
1590,439,316,20231228,799.0,Success,Debit Card
1591,440,317,20240312,799.0,Success,UPI
1592,441,318,20240330,499.0,Success,UPI
1593,442,319,20230601,199.0,Success,Debit Card
1594,442,319,20230701,199.0,Success,PayPal
1595,442,319,20230731,199.0,Success,Debit Card
1596,442,319,20230830,199.0,Success,Credit Card
1597,442,319,20230929,199.0,Success,Debit Card
1598,442,319,20231029,199.0,Success,Wallet
1599,443,320,20240822,799.0,Success,UPI
1600,444,320,20241009,499.0,Failed,Wallet
1601,444,320,20241108,499.0,Success,PayPal
1602,445,321,20240903,-799.0,Refunded,UPI
1603,445,321,20241003,799.0,Success,PayPal
1604,445,321,20241102,799.0,Success,Wallet
1605,446,322,20240316,199.0,Success,Credit Card
1606,447,322,20240503,199.0,Success,Credit Card
1607,447,322,20240602,199.0,Success,Debit Card
1608,447,322,20240702,199.0,Success,Wallet
1609,448,323,20241101,499.0,Success,Debit Card
1610,449,324,20230809,149.0,Success,PayPal
1611,450,325,20231214,199.0,Success,Wallet
1612,451,326,20231117,799.0,Success,Wallet
1613,451,326,20231217,799.0,Success,Debit Card
1614,451,326,20240116,799.0,Success,UPI
1615,451,326,20240215,799.0,Success,UPI
1616,451,326,20240316,799.0,Success,Credit Card
1617,451,326,20240415,799.0,Success,PayPal
1618,452,326,20240517,499.0,Success,Debit Card
1619,452,326,20240616,499.0,Success,Wallet
1620,452,326,20240716,499.0,Success,Debit Card
1621,452,326,20240815,499.0,Success,Debit Card
1622,452,326,20240914,499.0,Success,Debit Card
1623,452,326,20241014,499.0,Success,Wallet
1624,453,327,20230606,499.0,Success,Debit Card
1625,453,327,20230706,499.0,Success,Credit Card
1626,453,327,20230805,499.0,Success,PayPal
1627,453,327,20230904,499.0,Success,PayPal
1628,453,327,20231004,499.0,Success,Wallet
1629,453,327,20231103,499.0,Success,PayPal
1630,454,328,20230329,149.0,Success,UPI
1631,455,329,20240117,799.0,Success,Credit Card
1632,455,329,20240216,799.0,Success,Debit Card
1633,455,329,20240317,799.0,Success,Wallet
1634,455,329,20240416,799.0,Success,UPI
1635,455,329,20240516,799.0,Success,PayPal
1636,455,329,20240615,799.0,Success,UPI
1637,455,329,20240715,799.0,Success,Credit Card
1638,455,329,20240814,799.0,Success,UPI
1639,455,329,20240913,799.0,Success,UPI
1640,455,329,20241013,799.0,Success,PayPal
1641,455,329,20241112,799.0,Success,PayPal
1642,456,330,20240729,799.0,Success,PayPal
1643,456,330,20240828,799.0,Success,Wallet
1644,456,330,20240927,799.0,Failed,Credit Card
1645,456,330,20241027,799.0,Success,PayPal
1646,456,330,20241126,799.0,Failed,UPI
1647,457,331,20231229,499.0,Success,Debit Card
1648,457,331,20240128,499.0,Success,Credit Card
1649,457,331,20240227,499.0,Success,Debit Card
1650,457,331,20240328,499.0,Success,UPI
1651,457,331,20240427,499.0,Success,Debit Card
1652,457,331,20240527,499.0,Success,UPI
1653,458,332,20230222,799.0,Success,UPI
1654,458,332,20230324,799.0,Success,Debit Card
1655,458,332,20230423,799.0,Success,UPI
1656,459,333,20240814,499.0,Success,Debit Card
1657,459,333,20240913,499.0,Success,Wallet
1658,459,333,20241013,499.0,Success,Credit Card
1659,459,333,20241112,499.0,Success,Credit Card
1660,460,334,20230818,199.0,Success,UPI
1661,460,334,20230917,199.0,Success,PayPal
1662,460,334,20231017,199.0,Success,UPI
1663,460,334,20231116,199.0,Failed,Credit Card
1664,460,334,20231216,199.0,Success,Wallet
1665,460,334,20240115,199.0,Success,Debit Card
1666,460,334,20240214,199.0,Success,PayPal
1667,460,334,20240315,199.0,Success,Debit Card
1668,460,334,20240414,199.0,Success,Credit Card
1669,460,334,20240514,199.0,Success,Wallet
1670,460,334,20240613,199.0,Success,UPI
1671,460,334,20240713,199.0,Success,Wallet
1672,461,335,20230428,199.0,Success,Credit Card
1673,461,335,20230528,199.0,Success,Debit Card
1674,461,335,20230627,199.0,Success,PayPal
1675,461,335,20230727,199.0,Success,Wallet
1676,461,335,20230826,199.0,Success,UPI
1677,461,335,20230925,199.0,Success,PayPal
1678,461,335,20231025,199.0,Success,UPI
1679,461,335,20231124,199.0,Success,PayPal
1680,461,335,20231224,199.0,Success,Debit Card
1681,461,335,20240123,199.0,Success,Wallet
1682,461,335,20240222,199.0,Success,UPI
1683,461,335,20240323,199.0,Success,Debit Card
1684,462,336,20240728,499.0,Success,Debit Card
1685,463,337,20230127,499.0,Success,Wallet
1686,464,338,20231001,199.0,Success,Credit Card
1687,465,339,20231113,199.0,Success,PayPal
1688,465,339,20231213,199.0,Success,Wallet
1689,465,339,20240112,199.0,Success,PayPal
1690,466,340,20230527,149.0,Success,PayPal
1691,466,340,20230626,149.0,Success,Credit Card
1692,466,340,20230726,149.0,Success,Wallet
1693,466,340,20230825,149.0,Success,Wallet
1694,466,340,20230924,149.0,Success,UPI
1695,466,340,20231024,149.0,Success,UPI
1696,467,340,20231129,499.0,Success,Credit Card
1697,468,341,20241010,149.0,Success,PayPal
1698,469,342,20240121,799.0,Success,Wallet
1699,469,342,20240220,799.0,Success,UPI
1700,469,342,20240321,799.0,Success,Debit Card
1701,469,342,20240420,799.0,Success,Wallet
1702,469,342,20240520,-799.0,Refunded,UPI
1703,469,342,20240619,799.0,Success,UPI
1704,470,343,20231116,199.0,Success,Credit Card
1705,471,344,20240902,199.0,Success,Credit Card
1706,472,344,20241022,199.0,Success,Credit Card
1707,473,345,20240924,149.0,Success,Credit Card
1708,473,345,20241024,149.0,Success,UPI
1709,473,345,20241123,149.0,Success,Debit Card
1710,474,346,20241108,199.0,Success,PayPal
1711,475,346,20241218,149.0,Success,Wallet
1712,476,347,20231007,799.0,Success,PayPal
1713,476,347,20231106,799.0,Success,UPI
1714,476,347,20231206,799.0,Success,Wallet
1715,477,348,20240316,149.0,Success,Debit Card
1716,478,349,20240513,499.0,Success,UPI
1717,479,349,20240621,199.0,Success,UPI
1718,479,349,20240721,199.0,Success,Wallet
1719,479,349,20240820,199.0,Success,Debit Card
1720,480,349,20240920,149.0,Success,Credit Card
1721,480,349,20241020,149.0,Success,Credit Card
1722,480,349,20241119,149.0,Success,Credit Card
1723,481,350,20240209,799.0,Success,Wallet
1724,482,350,20240330,799.0,Success,Credit Card
1725,483,351,20230805,149.0,Success,Wallet
1726,483,351,20230904,149.0,Success,Wallet
1727,483,351,20231004,149.0,Success,Wallet
1728,483,351,20231103,149.0,Success,PayPal
1729,483,351,20231203,149.0,Success,Wallet
1730,483,351,20240102,149.0,Success,Wallet
1731,483,351,20240201,149.0,Success,Credit Card
1732,483,351,20240302,149.0,Success,Debit Card
1733,483,351,20240401,149.0,Failed,Debit Card
1734,483,351,20240501,149.0,Success,Wallet
1735,483,351,20240531,-149.0,Refunded,Debit Card
1736,483,351,20240630,149.0,Success,UPI
1737,484,352,20230503,499.0,Success,PayPal
1738,484,352,20230602,499.0,Success,UPI
1739,484,352,20230702,499.0,Success,Debit Card
1740,485,352,20230802,799.0,Success,Wallet
1741,485,352,20230901,799.0,Success,UPI
1742,485,352,20231001,799.0,Success,Wallet
1743,486,353,20230513,199.0,Success,Credit Card
1744,486,353,20230612,199.0,Success,Credit Card
1745,486,353,20230712,199.0,Success,Credit Card
1746,486,353,20230811,199.0,Success,UPI
1747,486,353,20230910,199.0,Success,PayPal
1748,486,353,20231010,199.0,Success,Credit Card
1749,486,353,20231109,199.0,Success,Debit Card
1750,486,353,20231209,199.0,Success,UPI
1751,486,353,20240108,199.0,Success,PayPal
1752,486,353,20240207,199.0,Success,UPI
1753,486,353,20240308,199.0,Success,PayPal
1754,486,353,20240407,199.0,Success,Credit Card
1755,487,353,20240527,149.0,Success,Credit Card
1756,488,354,20240726,149.0,Success,PayPal
1757,488,354,20240825,149.0,Success,UPI
1758,488,354,20240924,149.0,Success,Debit Card
1759,488,354,20241024,149.0,Success,PayPal
1760,488,354,20241123,149.0,Success,Debit Card
1761,489,355,20230213,499.0,Success,UPI
1762,490,356,20231117,149.0,Success,UPI
1763,490,356,20231217,149.0,Success,UPI
1764,490,356,20240116,149.0,Success,UPI
1765,491,357,20241017,199.0,Success,PayPal
1766,491,357,20241116,199.0,Success,Debit Card
1767,492,358,20231129,499.0,Success,Credit Card
1768,492,358,20231229,499.0,Success,Debit Card
1769,492,358,20240128,499.0,Success,Credit Card
1770,492,358,20240227,499.0,Success,Debit Card
1771,492,358,20240328,499.0,Success,UPI
1772,492,358,20240427,499.0,Success,UPI
1773,492,358,20240527,499.0,Success,PayPal
1774,492,358,20240626,499.0,Success,Wallet
1775,492,358,20240726,499.0,Success,Debit Card
1776,492,358,20240825,499.0,Failed,Debit Card
1777,492,358,20240924,499.0,Success,Debit Card
1778,492,358,20241024,499.0,Success,Wallet
1779,493,358,20241208,499.0,Success,UPI
1780,494,359,20241207,199.0,Success,Credit Card
1781,495,360,20230907,499.0,Success,PayPal
1782,495,360,20231007,499.0,Success,Credit Card
1783,495,360,20231106,499.0,Success,PayPal
1784,495,360,20231206,499.0,Success,Debit Card
1785,495,360,20240105,499.0,Success,UPI
1786,495,360,20240204,499.0,Success,Debit Card
1787,496,360,20240314,499.0,Success,UPI
1788,496,360,20240413,499.0,Success,PayPal
1789,496,360,20240513,499.0,Success,PayPal
1790,496,360,20240612,499.0,Success,Credit Card
1791,496,360,20240712,499.0,Success,Wallet
1792,496,360,20240811,499.0,Success,UPI
1793,496,360,20240910,-499.0,Refunded,UPI
1794,496,360,20241010,499.0,Success,PayPal
1795,496,360,20241109,499.0,Success,Credit Card
1796,497,361,20240210,149.0,Success,Credit Card
1797,497,361,20240311,149.0,Success,PayPal
1798,497,361,20240410,149.0,Success,Credit Card
1799,498,361,20240517,149.0,Success,Debit Card
1800,499,361,20240702,149.0,Failed,Wallet
1801,500,362,20230622,149.0,Success,Wallet
1802,500,362,20230722,149.0,Success,Credit Card
1803,500,362,20230821,149.0,Success,Credit Card
1804,501,363,20240606,799.0,Success,PayPal
1805,501,363,20240706,799.0,Success,Wallet
1806,501,363,20240805,799.0,Success,UPI
1807,502,364,20241022,499.0,Success,Credit Card
1808,502,364,20241121,499.0,Success,PayPal
1809,503,365,20230722,799.0,Success,Debit Card
1810,503,365,20230821,799.0,Success,UPI
1811,503,365,20230920,799.0,Success,Debit Card
1812,503,365,20231020,799.0,Success,Credit Card
1813,503,365,20231119,799.0,Success,UPI
1814,503,365,20231219,799.0,Success,Credit Card
1815,503,365,20240118,-799.0,Refunded,Debit Card
1816,503,365,20240217,799.0,Success,Credit Card
1817,503,365,20240318,799.0,Success,Debit Card
1818,503,365,20240417,799.0,Success,Debit Card
1819,503,365,20240517,799.0,Success,UPI
1820,503,365,20240616,799.0,Success,Credit Card
1821,504,365,20240725,499.0,Success,PayPal
1822,505,366,20241102,-149.0,Refunded,UPI
1823,506,367,20240520,199.0,Success,PayPal
1824,507,368,20240404,499.0,Success,Credit Card
1825,507,368,20240504,499.0,Success,PayPal
1826,507,368,20240603,499.0,Success,Wallet
1827,508,369,20241012,799.0,Success,Credit Card
1828,509,370,20231120,499.0,Success,Wallet
1829,510,370,20231226,799.0,Success,UPI
1830,511,370,20240202,799.0,Success,PayPal
1831,512,371,20241008,199.0,Success,UPI
1832,513,372,20231227,199.0,Success,Credit Card
1833,513,372,20240126,199.0,Success,Wallet
1834,513,372,20240225,199.0,Success,UPI
1835,513,372,20240326,199.0,Success,UPI
1836,513,372,20240425,199.0,Success,Credit Card
1837,513,372,20240525,199.0,Success,Debit Card
1838,513,372,20240624,199.0,Success,Debit Card
1839,513,372,20240724,199.0,Success,Debit Card
1840,513,372,20240823,199.0,Success,PayPal
1841,513,372,20240922,199.0,Success,PayPal
1842,513,372,20241022,199.0,Success,UPI
1843,513,372,20241121,199.0,Success,Credit Card
1844,514,372,20241227,499.0,Success,Debit Card
1845,515,373,20230208,149.0,Success,Wallet
1846,516,374,20241022,149.0,Success,UPI
1847,517,374,20241123,149.0,Success,Wallet
1848,518,375,20240418,149.0,Success,Credit Card
1849,518,375,20240518,149.0,Success,UPI
1850,518,375,20240617,149.0,Failed,PayPal
1851,518,375,20240717,149.0,Success,UPI
1852,518,375,20240816,149.0,Success,Wallet
1853,518,375,20240915,149.0,Success,Credit Card
1854,518,375,20241015,-149.0,Refunded,PayPal
1855,518,375,20241114,149.0,Success,Wallet
1856,519,376,20230212,199.0,Success,Credit Card
1857,520,377,20230712,199.0,Success,UPI
1858,520,377,20230811,199.0,Success,PayPal
1859,520,377,20230910,199.0,Success,Wallet
1860,520,377,20231010,199.0,Success,Debit Card
1861,520,377,20231109,199.0,Success,Wallet
1862,520,377,20231209,199.0,Success,Credit Card
1863,520,377,20240108,199.0,Success,UPI
1864,520,377,20240207,199.0,Success,Debit Card
1865,520,377,20240308,199.0,Success,UPI
1866,520,377,20240407,199.0,Failed,Wallet
1867,520,377,20240507,199.0,Success,Debit Card
1868,520,377,20240606,199.0,Success,Debit Card
1869,521,378,20230305,199.0,Success,Credit Card
1870,522,379,20231218,149.0,Success,Wallet
1871,522,379,20240117,149.0,Success,Credit Card
1872,522,379,20240216,149.0,Success,Credit Card
1873,523,380,20230210,199.0,Success,UPI
1874,523,380,20230312,199.0,Success,Debit Card
1875,523,380,20230411,199.0,Success,Wallet
1876,523,380,20230511,199.0,Success,Wallet
1877,523,380,20230610,199.0,Success,Wallet
1878,523,380,20230710,199.0,Success,UPI
1879,524,381,20240620,149.0,Success,Wallet
1880,524,381,20240720,149.0,Success,Credit Card
1881,524,381,20240819,149.0,Success,UPI
1882,525,382,20231017,199.0,Success,Credit Card
1883,525,382,20231116,199.0,Success,UPI
1884,525,382,20231216,199.0,Success,Credit Card
1885,526,383,20240904,799.0,Success,Credit Card
1886,527,383,20241011,499.0,Success,Debit Card
1887,527,383,20241110,499.0,Success,Wallet
1888,528,384,20230309,499.0,Success,UPI
1889,528,384,20230408,499.0,Success,PayPal
1890,528,384,20230508,499.0,Success,Wallet
1891,528,384,20230607,499.0,Success,Wallet
1892,528,384,20230707,499.0,Failed,Debit Card
1893,528,384,20230806,499.0,Success,Wallet
1894,529,385,20231018,499.0,Success,Credit Card
1895,530,386,20240909,199.0,Success,UPI
1896,531,386,20241010,799.0,Success,Debit Card
1897,532,387,20230525,799.0,Success,PayPal
1898,533,388,20241109,149.0,Success,UPI
1899,534,389,20230328,199.0,Success,Debit Card
1900,535,389,20230510,199.0,Success,Credit Card
1901,536,390,20231203,499.0,Success,Credit Card
1902,536,390,20240102,499.0,Success,Debit Card
1903,536,390,20240201,499.0,Success,Credit Card
1904,537,391,20241202,149.0,Success,Credit Card
1905,538,392,20240604,199.0,Success,PayPal
1906,539,393,20230808,799.0,Success,UPI
1907,540,394,20230820,149.0,Success,Credit Card
1908,540,394,20230919,149.0,Success,Debit Card
1909,540,394,20231019,149.0,Success,Credit Card
1910,540,394,20231118,149.0,Success,Wallet
1911,540,394,20231218,149.0,Success,Wallet
1912,540,394,20240117,149.0,Success,UPI
1913,540,394,20240216,149.0,Success,UPI
1914,540,394,20240317,149.0,Success,PayPal
1915,540,394,20240416,149.0,Success,Wallet
1916,540,394,20240516,149.0,Success,Wallet
1917,540,394,20240615,149.0,Success,Wallet
1918,540,394,20240715,149.0,Success,Wallet
1919,541,395,20230414,-499.0,Refunded,PayPal
1920,541,395,20230514,499.0,Success,PayPal
1921,541,395,20230613,499.0,Success,UPI
1922,541,395,20230713,499.0,Success,Wallet
1923,541,395,20230812,499.0,Success,UPI
1924,541,395,20230911,499.0,Success,Wallet
1925,541,395,20231011,499.0,Success,Credit Card
1926,541,395,20231110,499.0,Success,Wallet
1927,541,395,20231210,499.0,Success,Debit Card
1928,541,395,20240109,499.0,Success,PayPal
1929,541,395,20240208,499.0,Success,Debit Card
1930,541,395,20240309,499.0,Success,Wallet
1931,542,396,20240623,199.0,Success,Credit Card
1932,543,397,20240924,499.0,Success,Debit Card
1933,543,397,20241024,499.0,Success,PayPal
1934,543,397,20241123,499.0,Success,PayPal
1935,544,398,20230705,499.0,Success,UPI
1936,544,398,20230804,499.0,Success,Wallet
1937,544,398,20230903,499.0,Success,Credit Card
1938,544,398,20231003,499.0,Success,PayPal
1939,544,398,20231102,499.0,Success,UPI
1940,544,398,20231202,499.0,Success,UPI
1941,545,399,20230619,199.0,Success,Wallet
1942,546,400,20241123,199.0,Success,Credit Card
1943,547,401,20231019,199.0,Success,UPI
1944,547,401,20231118,199.0,Success,Debit Card
1945,547,401,20231218,199.0,Success,Debit Card
1946,548,402,20230902,799.0,Success,Credit Card
1947,548,402,20231002,799.0,Success,Wallet
1948,548,402,20231101,799.0,Success,Credit Card
1949,548,402,20231201,799.0,Success,Credit Card
1950,548,402,20231231,799.0,Success,Credit Card
1951,548,402,20240130,799.0,Success,Debit Card
1952,548,402,20240229,799.0,Success,Credit Card
1953,548,402,20240330,799.0,Success,Wallet
1954,548,402,20240429,799.0,Failed,UPI
1955,548,402,20240529,799.0,Success,Debit Card
1956,548,402,20240628,799.0,Success,Debit Card
1957,548,402,20240728,799.0,Success,Credit Card
1958,549,403,20230718,149.0,Success,UPI
1959,549,403,20230817,149.0,Success,PayPal
1960,549,403,20230916,149.0,Success,Wallet
1961,549,403,20231016,149.0,Failed,Debit Card
1962,549,403,20231115,149.0,Success,Debit Card
1963,549,403,20231215,149.0,Success,UPI
1964,549,403,20240114,149.0,Success,Debit Card
1965,549,403,20240213,149.0,Success,Wallet
1966,549,403,20240314,149.0,Success,UPI
1967,549,403,20240413,149.0,Success,Credit Card
1968,549,403,20240513,149.0,Success,Debit Card
1969,549,403,20240612,149.0,Success,Debit Card
1970,550,404,20240327,149.0,Success,UPI
1971,551,405,20240529,799.0,Success,PayPal
1972,551,405,20240628,799.0,Success,Debit Card
1973,551,405,20240728,799.0,Success,PayPal
1974,551,405,20240827,799.0,Success,PayPal
1975,551,405,20240926,799.0,Success,Credit Card
1976,551,405,20241026,799.0,Success,Debit Card
1977,551,405,20241125,799.0,Success,Debit Card
1978,552,406,20230724,499.0,Success,Credit Card
1979,552,406,20230823,499.0,Success,Debit Card
1980,552,406,20230922,499.0,Success,UPI
1981,553,407,20241018,799.0,Success,Debit Card
1982,553,407,20241117,799.0,Success,UPI
1983,554,408,20230416,499.0,Success,Debit Card
1984,555,409,20231019,149.0,Success,Debit Card
1985,555,409,20231118,149.0,Success,Wallet
1986,555,409,20231218,149.0,Success,PayPal
1987,555,409,20240117,149.0,Success,PayPal
1988,555,409,20240216,149.0,Success,Credit Card
1989,555,409,20240317,149.0,Success,PayPal
1990,556,410,20240609,149.0,Success,PayPal
1991,556,410,20240709,149.0,Success,PayPal
1992,556,410,20240808,149.0,Success,Credit Card
1993,556,410,20240907,149.0,Success,UPI
1994,556,410,20241007,149.0,Success,Debit Card
1995,556,410,20241106,149.0,Success,Wallet
1996,557,411,20230816,499.0,Success,Debit Card
1997,557,411,20230915,499.0,Success,Wallet
1998,557,411,20231015,499.0,Success,Wallet
1999,557,411,20231114,499.0,Success,PayPal
2000,557,411,20231214,499.0,Success,PayPal
2001,557,411,20240113,499.0,Success,PayPal
2002,558,412,20240229,199.0,Success,PayPal
2003,558,412,20240330,199.0,Success,UPI
2004,558,412,20240429,199.0,Success,Credit Card
2005,558,412,20240529,199.0,Success,Wallet
2006,558,412,20240628,199.0,Success,PayPal
2007,558,412,20240728,199.0,Success,PayPal
2008,559,413,20240131,499.0,Success,Debit Card
2009,559,413,20240301,499.0,Success,Credit Card
2010,559,413,20240331,499.0,Success,Credit Card
2011,560,413,20240519,799.0,Success,PayPal
2012,561,414,20230412,199.0,Success,UPI
2013,561,414,20230512,199.0,Success,Debit Card
2014,561,414,20230611,199.0,Success,UPI
2015,562,414,20230722,149.0,Success,Credit Card
2016,563,415,20230521,149.0,Success,Credit Card
2017,563,415,20230620,149.0,Success,Debit Card
2018,563,415,20230720,149.0,Success,Debit Card
2019,564,416,20241213,499.0,Success,Credit Card
2020,565,417,20240922,149.0,Success,UPI
2021,565,417,20241022,149.0,Success,Credit Card
2022,565,417,20241121,149.0,Success,Credit Card
2023,566,418,20230809,499.0,Success,Wallet
2024,567,418,20230921,199.0,Success,PayPal
2025,568,419,20240624,799.0,Success,Debit Card
2026,569,420,20231105,499.0,Success,UPI
2027,570,420,20231214,799.0,Success,PayPal
2028,571,420,20240118,149.0,Success,Debit Card
2029,572,421,20240929,199.0,Success,UPI
2030,573,421,20241110,499.0,Success,UPI
2031,574,422,20240526,199.0,Success,Debit Card
2032,575,422,20240707,199.0,Success,PayPal
2033,575,422,20240806,199.0,Success,UPI
2034,575,422,20240905,199.0,Success,UPI
2035,575,422,20241005,199.0,Success,Credit Card
2036,575,422,20241104,199.0,Failed,PayPal
2037,576,423,20240811,199.0,Success,Wallet
2038,576,423,20240910,199.0,Success,Wallet
2039,576,423,20241010,199.0,Failed,Debit Card
2040,577,424,20230102,499.0,Success,Wallet
2041,577,424,20230201,499.0,Success,Debit Card
2042,577,424,20230303,499.0,Success,PayPal
2043,577,424,20230402,499.0,Success,PayPal
2044,577,424,20230502,499.0,Success,Debit Card
2045,577,424,20230601,499.0,Success,Wallet
2046,577,424,20230701,499.0,Success,Wallet
2047,577,424,20230731,499.0,Success,UPI
2048,577,424,20230830,499.0,Success,Debit Card
2049,577,424,20230929,499.0,Success,Debit Card
2050,577,424,20231029,499.0,Success,Wallet
2051,577,424,20231128,499.0,Success,Credit Card
2052,578,425,20230711,499.0,Failed,Wallet
2053,579,426,20240105,799.0,Success,Debit Card
2054,580,427,20240603,799.0,Failed,Wallet
2055,580,427,20240703,799.0,Success,Wallet
2056,580,427,20240802,799.0,Success,Debit Card
2057,580,427,20240901,799.0,Success,PayPal
2058,580,427,20241001,799.0,Success,Debit Card
2059,580,427,20241031,799.0,Success,Debit Card
2060,581,428,20230214,149.0,Success,PayPal
2061,582,428,20230327,199.0,Success,Wallet
2062,582,428,20230426,199.0,Success,PayPal
2063,582,428,20230526,199.0,Success,Wallet
2064,582,428,20230625,199.0,Success,Credit Card
2065,582,428,20230725,199.0,Success,PayPal
2066,582,428,20230824,199.0,Success,Credit Card
2067,582,428,20230923,199.0,Success,UPI
2068,582,428,20231023,199.0,Success,Debit Card
2069,582,428,20231122,199.0,Success,Debit Card
2070,582,428,20231222,199.0,Success,UPI
2071,582,428,20240121,199.0,Success,PayPal
2072,582,428,20240220,199.0,Success,Debit Card
2073,583,429,20230117,149.0,Success,Credit Card
2074,583,429,20230216,149.0,Success,Wallet
2075,583,429,20230318,149.0,Success,Wallet
2076,583,429,20230417,149.0,Success,Wallet
2077,583,429,20230517,149.0,Success,UPI
2078,583,429,20230616,149.0,Success,Wallet
2079,584,430,20241103,199.0,Success,Debit Card
2080,585,431,20231207,799.0,Success,Credit Card
2081,586,432,20241020,499.0,Success,Credit Card
2082,587,432,20241129,799.0,Success,PayPal
2083,588,433,20241213,199.0,Success,Wallet
2084,589,434,20230306,199.0,Success,Wallet
2085,590,435,20231028,499.0,Success,Debit Card
2086,590,435,20231127,499.0,Success,Credit Card
2087,590,435,20231227,499.0,Success,Debit Card
2088,590,435,20240126,499.0,Success,UPI
2089,590,435,20240225,499.0,Success,Debit Card
2090,590,435,20240326,499.0,Success,UPI
2091,591,436,20230212,799.0,Success,PayPal
2092,591,436,20230314,799.0,Success,Credit Card
2093,591,436,20230413,799.0,Success,UPI
2094,591,436,20230513,799.0,Success,Credit Card
2095,591,436,20230612,799.0,Success,PayPal
2096,591,436,20230712,799.0,Success,Credit Card
2097,592,437,20240710,799.0,Success,PayPal
2098,592,437,20240809,799.0,Success,PayPal
2099,592,437,20240908,799.0,Success,UPI
2100,593,438,20230715,799.0,Failed,Credit Card
2101,594,439,20241102,199.0,Success,Wallet
2102,595,440,20240323,-499.0,Refunded,Wallet
2103,595,440,20240422,499.0,Success,UPI
2104,595,440,20240522,499.0,Success,Wallet
2105,595,440,20240621,499.0,Success,UPI
2106,595,440,20240721,499.0,Success,Wallet
2107,595,440,20240820,499.0,Success,Wallet
2108,596,441,20240131,149.0,Success,Wallet
2109,596,441,20240301,149.0,Success,PayPal
2110,596,441,20240331,149.0,Success,Debit Card
2111,596,441,20240430,149.0,Success,UPI
2112,596,441,20240530,149.0,Success,PayPal
2113,596,441,20240629,149.0,Success,PayPal
2114,596,441,20240729,149.0,Success,Wallet
2115,596,441,20240828,149.0,Success,PayPal
2116,596,441,20240927,149.0,Success,PayPal
2117,596,441,20241027,149.0,Success,Debit Card
2118,596,441,20241126,149.0,Success,Credit Card
2119,597,442,20240524,149.0,Success,Debit Card
2120,597,442,20240623,149.0,Success,Wallet
2121,597,442,20240723,149.0,Success,Credit Card
2122,597,442,20240822,149.0,Success,UPI
2123,597,442,20240921,149.0,Success,Wallet
2124,597,442,20241021,149.0,Success,UPI
2125,597,442,20241120,149.0,Success,Credit Card
2126,598,443,20230326,499.0,Success,Wallet
2127,599,443,20230513,499.0,Success,UPI
2128,600,444,20230704,499.0,Success,Wallet
2129,600,444,20230803,499.0,Success,UPI
2130,600,444,20230902,499.0,Success,UPI
2131,600,444,20231002,499.0,Success,UPI
2132,600,444,20231101,499.0,Success,Debit Card
2133,600,444,20231201,499.0,Failed,Debit Card
2134,600,444,20231231,499.0,Success,UPI
2135,600,444,20240130,499.0,Success,Wallet
2136,600,444,20240229,499.0,Success,UPI
2137,600,444,20240330,499.0,Success,UPI
2138,600,444,20240429,499.0,Success,Credit Card
2139,600,444,20240529,499.0,Success,Debit Card
2140,601,445,20231202,149.0,Success,Debit Card
2141,602,446,20240312,499.0,Success,Credit Card
2142,603,446,20240416,799.0,Success,UPI
2143,603,446,20240516,799.0,Success,Wallet
2144,603,446,20240615,799.0,Success,Credit Card
2145,603,446,20240715,799.0,Success,UPI
2146,603,446,20240814,799.0,Success,UPI
2147,603,446,20240913,799.0,Success,Credit Card
2148,604,447,20230213,199.0,Success,Wallet
2149,604,447,20230315,199.0,Success,PayPal
2150,604,447,20230414,199.0,Success,Debit Card
2151,604,447,20230514,199.0,Success,UPI
2152,604,447,20230613,199.0,Failed,Credit Card
2153,604,447,20230713,199.0,Success,Credit Card
2154,605,448,20240321,149.0,Success,Credit Card
2155,605,448,20240420,149.0,Success,Wallet
2156,605,448,20240520,149.0,Success,PayPal
2157,605,448,20240619,149.0,Failed,PayPal
2158,605,448,20240719,149.0,Success,UPI
2159,605,448,20240818,149.0,Success,UPI
2160,606,448,20240920,149.0,Success,Credit Card
2161,606,448,20241020,149.0,Success,Debit Card
2162,606,448,20241119,149.0,Success,PayPal
2163,607,449,20230228,499.0,Success,Debit Card
2164,607,449,20230330,499.0,Success,PayPal
2165,607,449,20230429,499.0,Failed,UPI
2166,607,449,20230529,499.0,Success,Wallet
2167,607,449,20230628,499.0,Success,Credit Card
2168,607,449,20230728,499.0,Success,UPI
2169,608,450,20240609,799.0,Success,Credit Card
2170,609,450,20240713,199.0,Success,UPI
2171,610,451,20230527,199.0,Success,Credit Card
2172,610,451,20230626,199.0,Success,PayPal
2173,610,451,20230726,199.0,Success,Debit Card
2174,610,451,20230825,199.0,Success,PayPal
2175,610,451,20230924,199.0,Success,Debit Card
2176,610,451,20231024,199.0,Success,Debit Card
2177,611,452,20230510,799.0,Success,Debit Card
2178,611,452,20230609,799.0,Success,UPI
2179,611,452,20230709,799.0,Success,Debit Card
2180,611,452,20230808,799.0,Success,PayPal
2181,611,452,20230907,799.0,Success,PayPal
2182,611,452,20231007,799.0,Success,Wallet
2183,611,452,20231106,799.0,Success,PayPal
2184,611,452,20231206,799.0,Success,Credit Card
2185,611,452,20240105,799.0,Success,Debit Card
2186,611,452,20240204,799.0,Success,Debit Card
2187,611,452,20240305,799.0,Success,Debit Card
2188,611,452,20240404,799.0,Success,Wallet
2189,612,453,20240106,149.0,Success,Credit Card
2190,612,453,20240205,149.0,Success,Debit Card
2191,612,453,20240306,149.0,Success,Wallet
2192,612,453,20240405,149.0,Success,Credit Card
2193,612,453,20240505,149.0,Success,PayPal
2194,612,453,20240604,149.0,Success,Credit Card
2195,612,453,20240704,149.0,Success,Wallet
2196,612,453,20240803,149.0,Success,Wallet
2197,612,453,20240902,149.0,Failed,Wallet
2198,612,453,20241002,149.0,Success,Debit Card
2199,612,453,20241101,149.0,Success,UPI
2200,612,453,20241201,149.0,Failed,UPI
2201,613,454,20230607,499.0,Failed,PayPal
2202,614,455,20240330,149.0,Success,UPI
2203,614,455,20240429,149.0,Success,Debit Card
2204,614,455,20240529,149.0,Success,Credit Card
2205,614,455,20240628,149.0,Success,Credit Card
2206,614,455,20240728,149.0,Success,Debit Card
2207,614,455,20240827,149.0,Success,PayPal
2208,615,456,20240212,799.0,Success,UPI
2209,616,457,20230427,199.0,Success,Wallet
2210,617,458,20240201,499.0,Success,PayPal
2211,617,458,20240302,499.0,Success,Debit Card
2212,617,458,20240401,499.0,Success,PayPal
2213,617,458,20240501,499.0,Success,Debit Card
2214,617,458,20240531,499.0,Success,Credit Card
2215,617,458,20240630,499.0,Success,Credit Card
2216,617,458,20240730,499.0,Success,UPI
2217,617,458,20240829,499.0,Success,Wallet
2218,617,458,20240928,499.0,Success,Debit Card
2219,617,458,20241028,499.0,Success,Debit Card
2220,617,458,20241127,499.0,Success,Credit Card
2221,618,459,20241221,799.0,Success,Credit Card
2222,619,460,20241211,799.0,Success,Wallet
2223,620,461,20230317,199.0,Success,Wallet
2224,621,462,20230331,149.0,Success,PayPal
2225,622,463,20241114,499.0,Success,Debit Card
2226,623,464,20231025,149.0,Success,Debit Card
2227,624,464,20231129,199.0,Success,Credit Card
2228,624,464,20231229,199.0,Success,PayPal
2229,624,464,20240128,199.0,Failed,UPI
2230,624,464,20240227,199.0,Success,Wallet
2231,624,464,20240328,199.0,Success,UPI
2232,624,464,20240427,199.0,Success,Credit Card
2233,624,464,20240527,199.0,Success,Credit Card
2234,624,464,20240626,199.0,Success,Debit Card
2235,624,464,20240726,199.0,Success,Wallet
2236,624,464,20240825,199.0,Failed,Credit Card
2237,624,464,20240924,199.0,Success,Wallet
2238,624,464,20241024,199.0,Success,Credit Card
2239,625,465,20241218,199.0,Success,Debit Card
2240,626,466,20230818,499.0,Success,PayPal
2241,626,466,20230917,499.0,Success,UPI
2242,626,466,20231017,499.0,Success,Wallet
2243,626,466,20231116,499.0,Success,UPI
2244,626,466,20231216,499.0,Success,Credit Card
2245,626,466,20240115,499.0,Success,Credit Card
2246,626,466,20240214,499.0,Success,Credit Card
2247,626,466,20240315,499.0,Success,Debit Card
2248,626,466,20240414,499.0,Success,Credit Card
2249,626,466,20240514,499.0,Success,Wallet
2250,626,466,20240613,499.0,Success,Debit Card
2251,626,466,20240713,499.0,Success,UPI
2252,627,467,20230831,499.0,Success,Credit Card
2253,628,468,20240113,799.0,Success,UPI
2254,628,468,20240212,799.0,Success,Credit Card
2255,628,468,20240313,799.0,Success,Wallet
2256,628,468,20240412,799.0,Success,Credit Card
2257,628,468,20240512,799.0,Success,PayPal
2258,628,468,20240611,799.0,Success,Credit Card
2259,628,468,20240711,799.0,Success,Debit Card
2260,628,468,20240810,799.0,Success,Wallet
2261,628,468,20240909,799.0,Success,UPI
2262,628,468,20241009,799.0,Failed,PayPal
2263,628,468,20241108,799.0,Success,Credit Card
2264,629,469,20240918,499.0,Success,PayPal
2265,629,469,20241018,499.0,Success,Wallet
2266,629,469,20241117,499.0,Success,PayPal
2267,630,470,20240505,149.0,Success,Wallet
2268,630,470,20240604,149.0,Success,PayPal
2269,630,470,20240704,149.0,Success,Debit Card
2270,630,470,20240803,149.0,Success,Debit Card
2271,630,470,20240902,149.0,Success,Credit Card
2272,630,470,20241002,149.0,Success,UPI
2273,631,471,20240811,199.0,Success,Wallet
2274,632,471,20240915,799.0,Success,Wallet
2275,632,471,20241015,799.0,Success,Wallet
2276,632,471,20241114,799.0,Success,PayPal
2277,633,472,20230317,799.0,Success,Credit Card
2278,633,472,20230416,799.0,Success,Debit Card
2279,633,472,20230516,799.0,Success,Debit Card
2280,634,473,20230512,499.0,Success,Credit Card
2281,635,474,20230513,499.0,Success,UPI
2282,635,474,20230612,499.0,Success,Debit Card
2283,635,474,20230712,499.0,Success,UPI
2284,635,474,20230811,499.0,Success,PayPal
2285,635,474,20230910,499.0,Failed,UPI
2286,635,474,20231010,499.0,Success,Debit Card
2287,635,474,20231109,499.0,Success,Debit Card
2288,635,474,20231209,499.0,Success,UPI
2289,635,474,20240108,499.0,Success,UPI
2290,635,474,20240207,499.0,Success,Debit Card
2291,635,474,20240308,499.0,Success,Credit Card
2292,635,474,20240407,499.0,Success,Credit Card
2293,636,475,20230508,499.0,Success,PayPal
2294,637,476,20231127,199.0,Success,UPI
2295,637,476,20231227,199.0,Success,Credit Card
2296,637,476,20240126,199.0,Success,Credit Card
2297,638,477,20240615,499.0,Success,Credit Card
2298,638,477,20240715,499.0,Success,UPI
2299,638,477,20240814,499.0,Success,PayPal
2300,638,477,20240913,499.0,Success,Credit Card
2301,638,477,20241013,499.0,Success,Credit Card
2302,638,477,20241112,499.0,Success,Credit Card
2303,639,478,20241012,499.0,Success,UPI
2304,639,478,20241111,499.0,Success,Credit Card
2305,640,479,20240921,499.0,Success,Debit Card
2306,640,479,20241021,499.0,Success,Credit Card
2307,640,479,20241120,499.0,Success,Debit Card
2308,641,480,20240829,799.0,Success,UPI
2309,641,480,20240928,799.0,Success,UPI
2310,641,480,20241028,799.0,Success,UPI
2311,641,480,20241127,799.0,Success,PayPal
2312,642,481,20240911,499.0,Success,Wallet
2313,642,481,20241011,499.0,Success,UPI
2314,642,481,20241110,499.0,Failed,Debit Card
2315,643,482,20230130,799.0,Success,Credit Card
2316,644,482,20230316,799.0,Success,PayPal
2317,644,482,20230415,799.0,Success,Debit Card
2318,644,482,20230515,799.0,Success,Debit Card
2319,644,482,20230614,799.0,Success,Debit Card
2320,644,482,20230714,799.0,Success,Wallet
2321,644,482,20230813,799.0,Success,UPI
2322,645,482,20230929,799.0,Success,PayPal
2323,646,483,20240813,799.0,Success,PayPal
2324,647,483,20240921,199.0,Success,Debit Card
2325,647,483,20241021,199.0,Success,Credit Card
2326,647,483,20241120,199.0,Success,PayPal
2327,648,484,20240302,149.0,Success,PayPal
2328,648,484,20240401,149.0,Success,Credit Card
2329,648,484,20240501,149.0,Success,Wallet
2330,648,484,20240531,149.0,Success,Wallet
2331,648,484,20240630,149.0,Success,Wallet
2332,648,484,20240730,149.0,Success,Wallet
2333,648,484,20240829,149.0,Success,Wallet
2334,648,484,20240928,149.0,Success,PayPal
2335,648,484,20241028,149.0,Success,Wallet
2336,648,484,20241127,149.0,Failed,PayPal
2337,649,485,20241004,499.0,Success,PayPal
2338,649,485,20241103,499.0,Success,PayPal
2339,650,486,20240509,799.0,Failed,PayPal
2340,651,486,20240619,499.0,Success,PayPal
2341,651,486,20240719,499.0,Success,UPI
2342,651,486,20240818,499.0,Success,Credit Card
2343,651,486,20240917,499.0,Success,Debit Card
2344,651,486,20241017,499.0,Success,Wallet
2345,651,486,20241116,499.0,Success,PayPal
2346,652,486,20241226,799.0,Success,PayPal
2347,653,487,20231101,199.0,Success,Credit Card
2348,654,488,20240326,149.0,Success,Debit Card
2349,654,488,20240425,149.0,Success,Debit Card
2350,654,488,20240525,149.0,Success,Wallet
2351,654,488,20240624,149.0,Success,Wallet
2352,654,488,20240724,149.0,Success,Credit Card
2353,654,488,20240823,149.0,Success,Wallet
2354,655,489,20240913,499.0,Success,Wallet
2355,655,489,20241013,499.0,Success,Debit Card
2356,655,489,20241112,499.0,Success,Wallet
2357,656,490,20231220,199.0,Success,PayPal
2358,657,490,20240127,499.0,Success,Debit Card
2359,658,490,20240228,199.0,Success,Credit Card
2360,658,490,20240329,199.0,Success,UPI
2361,658,490,20240428,199.0,Success,Wallet
2362,659,491,20240729,149.0,Success,PayPal
2363,659,491,20240828,149.0,Success,Debit Card
2364,659,491,20240927,149.0,Success,Credit Card
2365,659,491,20241027,149.0,Success,UPI
2366,659,491,20241126,149.0,Success,UPI
2367,660,492,20231001,149.0,Success,Credit Card
2368,661,493,20231025,799.0,Success,Wallet
2369,661,493,20231124,799.0,Success,UPI
2370,661,493,20231224,799.0,Success,UPI
2371,661,493,20240123,799.0,Success,UPI
2372,661,493,20240222,799.0,Success,Wallet
2373,661,493,20240323,799.0,Success,PayPal
2374,662,494,20230613,149.0,Success,Wallet
2375,662,494,20230713,149.0,Success,Credit Card
2376,662,494,20230812,149.0,Success,PayPal
2377,662,494,20230911,149.0,Success,Debit Card
2378,662,494,20231011,149.0,Success,UPI
2379,662,494,20231110,149.0,Success,Credit Card
2380,663,495,20230714,149.0,Success,Wallet
2381,663,495,20230813,-149.0,Refunded,Wallet
2382,663,495,20230912,149.0,Failed,Credit Card
2383,663,495,20231012,149.0,Success,PayPal
2384,663,495,20231111,149.0,Success,Wallet
2385,663,495,20231211,149.0,Success,PayPal
2386,664,496,20240525,499.0,Success,UPI
2387,664,496,20240624,499.0,Success,Credit Card
2388,664,496,20240724,499.0,Failed,Debit Card
2389,664,496,20240823,499.0,Success,Credit Card
2390,664,496,20240922,499.0,Success,UPI
2391,664,496,20241022,499.0,Success,PayPal
2392,665,496,20241207,799.0,Success,UPI
2393,666,497,20240207,149.0,Success,Wallet
2394,666,497,20240308,149.0,Success,UPI
2395,666,497,20240407,149.0,Success,Wallet
2396,667,497,20240517,799.0,Success,Debit Card
2397,668,498,20240820,199.0,Success,Wallet
2398,669,498,20241002,799.0,Success,Credit Card
2399,670,499,20240903,-499.0,Refunded,Wallet
2400,670,499,20241003,499.0,Success,UPI
2401,670,499,20241102,499.0,Success,Debit Card
2402,671,499,20241209,499.0,Success,PayPal
2403,672,500,20230109,799.0,Success,Debit Card
2404,672,500,20230208,799.0,Success,Credit Card
2405,672,500,20230310,799.0,Success,UPI
2406,673,501,20240110,199.0,Success,UPI
2407,673,501,20240209,199.0,Success,UPI
2408,673,501,20240310,199.0,Success,Wallet
2409,673,501,20240409,199.0,Success,Debit Card
2410,673,501,20240509,199.0,Success,Debit Card
2411,673,501,20240608,199.0,Success,Wallet
2412,673,501,20240708,199.0,Failed,Debit Card
2413,673,501,20240807,199.0,Success,PayPal
2414,673,501,20240906,199.0,Failed,Credit Card
2415,673,501,20241006,199.0,Success,Wallet
2416,673,501,20241105,199.0,Success,UPI
2417,674,502,20240806,149.0,Success,UPI
2418,674,502,20240905,149.0,Success,Credit Card
2419,674,502,20241005,149.0,Success,PayPal
2420,674,502,20241104,149.0,Success,Debit Card
2421,675,503,20230317,799.0,Success,Wallet
2422,675,503,20230416,799.0,Success,UPI
2423,675,503,20230516,799.0,Success,PayPal
2424,676,504,20231014,149.0,Success,PayPal
2425,676,504,20231113,149.0,Success,Credit Card
2426,676,504,20231213,149.0,Success,Debit Card
2427,676,504,20240112,149.0,Failed,Credit Card
2428,676,504,20240211,149.0,Success,PayPal
2429,676,504,20240312,149.0,Success,Credit Card
2430,676,504,20240411,149.0,Success,UPI
2431,676,504,20240511,149.0,Success,Debit Card
2432,676,504,20240610,149.0,Success,PayPal
2433,676,504,20240710,149.0,Success,Wallet
2434,676,504,20240809,-149.0,Refunded,UPI
2435,676,504,20240908,149.0,Success,Debit Card
2436,677,505,20230410,149.0,Success,Credit Card
2437,678,506,20240725,799.0,Success,UPI
2438,678,506,20240824,799.0,Success,UPI
2439,678,506,20240923,799.0,Success,UPI
2440,678,506,20241023,799.0,Success,UPI
2441,678,506,20241122,799.0,Success,Debit Card
2442,679,507,20240605,499.0,Success,UPI
2443,679,507,20240705,499.0,Success,UPI
2444,679,507,20240804,499.0,Success,UPI
2445,680,507,20240908,799.0,Success,Credit Card
2446,680,507,20241008,799.0,Success,PayPal
2447,680,507,20241107,799.0,Success,Wallet
2448,681,507,20241209,499.0,Success,Wallet
2449,682,508,20230521,499.0,Success,PayPal
2450,683,509,20240412,499.0,Success,PayPal
2451,684,509,20240531,199.0,Success,PayPal
2452,685,510,20231202,499.0,Success,Wallet
2453,685,510,20240101,499.0,Success,Wallet
2454,685,510,20240131,499.0,Success,Wallet
2455,685,510,20240301,499.0,Success,Wallet
2456,685,510,20240331,499.0,Success,Debit Card
2457,685,510,20240430,499.0,Success,Debit Card
2458,686,511,20240923,149.0,Success,Credit Card
2459,686,511,20241023,149.0,Success,Credit Card
2460,686,511,20241122,149.0,Success,Credit Card
2461,687,511,20241227,149.0,Success,PayPal
2462,688,512,20240603,499.0,Success,Debit Card
2463,689,513,20231103,799.0,Success,Credit Card
2464,689,513,20231203,799.0,Success,UPI
2465,689,513,20240102,799.0,Success,Credit Card
2466,690,514,20241120,149.0,Success,Wallet
2467,691,515,20241205,499.0,Success,UPI
2468,692,516,20241102,149.0,Success,PayPal
2469,693,517,20240820,499.0,Success,Credit Card
2470,693,517,20240919,499.0,Success,Credit Card
2471,693,517,20241019,499.0,Failed,Debit Card
2472,693,517,20241118,499.0,Success,UPI
2473,694,518,20240926,149.0,Success,PayPal
2474,695,519,20230202,499.0,Success,Credit Card
2475,696,519,20230309,499.0,Success,PayPal
2476,696,519,20230408,499.0,Success,UPI
2477,696,519,20230508,499.0,Success,PayPal
2478,696,519,20230607,499.0,Success,Wallet
2479,696,519,20230707,499.0,Success,Credit Card
2480,696,519,20230806,499.0,Success,UPI
2481,696,519,20230905,499.0,Success,Credit Card
2482,696,519,20231005,499.0,Success,Credit Card
2483,696,519,20231104,499.0,Success,UPI
2484,696,519,20231204,499.0,Success,Wallet
2485,696,519,20240103,499.0,Success,PayPal
2486,696,519,20240202,499.0,Failed,PayPal
2487,697,519,20240322,499.0,Success,PayPal
2488,697,519,20240421,499.0,Success,Credit Card
2489,697,519,20240521,499.0,Success,Wallet
2490,697,519,20240620,499.0,Success,PayPal
2491,697,519,20240720,499.0,Success,UPI
2492,697,519,20240819,499.0,Success,UPI
2493,698,520,20230120,799.0,Success,Debit Card
2494,698,520,20230219,799.0,Success,PayPal
2495,698,520,20230321,799.0,Success,Debit Card
2496,698,520,20230420,799.0,Failed,UPI
2497,698,520,20230520,799.0,Success,UPI
2498,698,520,20230619,799.0,Success,PayPal
2499,698,520,20230719,799.0,Success,Credit Card
2500,698,520,20230818,799.0,Success,UPI
2501,698,520,20230917,799.0,Success,Wallet
2502,698,520,20231017,799.0,Success,Wallet
2503,698,520,20231116,799.0,Success,PayPal
2504,698,520,20231216,799.0,Failed,PayPal
2505,699,520,20240124,499.0,Success,Credit Card
2506,699,520,20240223,499.0,Success,Credit Card
2507,699,520,20240324,499.0,Success,Credit Card
2508,699,520,20240423,499.0,Success,Credit Card
2509,699,520,20240523,499.0,Success,Wallet
2510,699,520,20240622,499.0,Success,PayPal
2511,699,520,20240722,499.0,Success,PayPal
2512,699,520,20240821,499.0,Success,Credit Card
2513,699,520,20240920,499.0,Success,Debit Card
2514,699,520,20241020,499.0,Success,Debit Card
2515,699,520,20241119,499.0,Success,Debit Card
2516,700,521,20241208,799.0,Success,UPI
2517,701,522,20240427,499.0,Success,PayPal
2518,701,522,20240527,499.0,Success,Credit Card
2519,701,522,20240626,499.0,Success,UPI
2520,702,523,20240615,199.0,Success,UPI
2521,702,523,20240715,199.0,Success,Debit Card
2522,702,523,20240814,199.0,Success,Credit Card
2523,702,523,20240913,199.0,Success,PayPal
2524,702,523,20241013,199.0,Success,Debit Card
2525,702,523,20241112,199.0,Success,Debit Card
2526,703,523,20241226,149.0,Success,UPI
2527,704,524,20240504,199.0,Success,PayPal
2528,704,524,20240603,199.0,Success,PayPal
2529,704,524,20240703,199.0,Success,Wallet
2530,704,524,20240802,199.0,Success,Wallet
2531,704,524,20240901,199.0,Success,Wallet
2532,704,524,20241001,199.0,Success,PayPal
2533,704,524,20241031,199.0,Success,UPI
2534,704,524,20241130,199.0,Success,Wallet
2535,705,525,20240415,149.0,Success,Credit Card
2536,705,525,20240515,149.0,Success,Debit Card
2537,705,525,20240614,149.0,Success,Credit Card
2538,705,525,20240714,149.0,Success,UPI
2539,705,525,20240813,149.0,Success,Debit Card
2540,705,525,20240912,149.0,Success,Wallet
2541,705,525,20241012,149.0,Success,Credit Card
2542,705,525,20241111,149.0,Success,PayPal
2543,706,526,20241128,499.0,Success,PayPal
2544,707,527,20240510,149.0,Success,Wallet
2545,708,528,20231102,199.0,Success,Wallet
2546,708,528,20231202,199.0,Success,Wallet
2547,708,528,20240101,199.0,Success,Wallet
2548,709,528,20240219,149.0,Success,Wallet
2549,709,528,20240320,149.0,Success,Debit Card
2550,709,528,20240419,149.0,Success,UPI
2551,709,528,20240519,149.0,Success,PayPal
2552,709,528,20240618,149.0,Success,Wallet
2553,709,528,20240718,149.0,Success,Debit Card
2554,709,528,20240817,149.0,Success,UPI
2555,709,528,20240916,149.0,Success,PayPal
2556,709,528,20241016,149.0,Success,Credit Card
2557,709,528,20241115,149.0,Success,UPI
2558,710,529,20231023,499.0,Success,Wallet
2559,710,529,20231122,499.0,Success,Credit Card
2560,710,529,20231222,499.0,Success,Credit Card
2561,710,529,20240121,499.0,Success,Debit Card
2562,710,529,20240220,499.0,Success,Credit Card
2563,710,529,20240321,499.0,Success,Credit Card
2564,711,530,20231121,499.0,Success,Wallet
2565,712,531,20231008,149.0,Success,PayPal
2566,713,532,20240124,799.0,Success,UPI
2567,713,532,20240223,799.0,Success,Debit Card
2568,713,532,20240324,799.0,Success,Debit Card
2569,713,532,20240423,799.0,Success,Debit Card
2570,713,532,20240523,799.0,Success,Credit Card
2571,713,532,20240622,799.0,Success,UPI
2572,713,532,20240722,799.0,Success,UPI
2573,713,532,20240821,799.0,Success,PayPal
2574,713,532,20240920,799.0,Success,UPI
2575,713,532,20241020,799.0,Success,Credit Card
2576,713,532,20241119,799.0,Success,Wallet
2577,714,533,20230530,149.0,Success,Credit Card
2578,714,533,20230629,149.0,Success,Debit Card
2579,714,533,20230729,149.0,Success,PayPal
2580,715,533,20230908,799.0,Success,UPI
2581,716,534,20230322,499.0,Success,Wallet
2582,717,535,20240505,-199.0,Refunded,Credit Card
2583,717,535,20240604,199.0,Success,PayPal
2584,717,535,20240704,199.0,Success,Credit Card
2585,717,535,20240803,199.0,Success,Credit Card
2586,717,535,20240902,199.0,Success,Debit Card
2587,717,535,20241002,199.0,Success,UPI
2588,717,535,20241101,199.0,Success,Debit Card
2589,717,535,20241201,199.0,Success,PayPal
2590,718,536,20240729,149.0,Success,UPI
2591,719,537,20240823,199.0,Success,Debit Card
2592,720,538,20240627,799.0,Success,Debit Card
2593,721,539,20240228,499.0,Success,UPI
2594,722,539,20240404,199.0,Success,PayPal
2595,722,539,20240504,199.0,Success,PayPal
2596,722,539,20240603,199.0,Success,UPI
2597,722,539,20240703,199.0,Success,Credit Card
2598,722,539,20240802,199.0,Success,UPI
2599,722,539,20240901,199.0,Success,Debit Card
2600,722,539,20241001,199.0,Success,PayPal
2601,722,539,20241031,199.0,Success,Debit Card
2602,722,539,20241130,199.0,Success,UPI
2603,723,540,20230521,199.0,Success,Credit Card
2604,724,541,20230611,199.0,Success,Debit Card
2605,725,542,20240502,499.0,Success,Debit Card
2606,726,542,20240615,149.0,Success,Credit Card
2607,726,542,20240715,149.0,Success,Credit Card
2608,726,542,20240814,149.0,Success,UPI
2609,726,542,20240913,149.0,Success,UPI
2610,726,542,20241013,149.0,Success,Credit Card
2611,726,542,20241112,149.0,Success,Credit Card
2612,727,543,20231022,199.0,Failed,Credit Card
2613,728,544,20230402,199.0,Success,Wallet
2614,729,545,20230208,-799.0,Refunded,Credit Card
2615,729,545,20230310,799.0,Success,Debit Card
2616,729,545,20230409,799.0,Success,Credit Card
2617,729,545,20230509,799.0,Success,PayPal
2618,729,545,20230608,799.0,Success,Credit Card
2619,729,545,20230708,799.0,Success,PayPal
2620,729,545,20230807,799.0,Success,Credit Card
2621,729,545,20230906,799.0,Success,Debit Card
2622,729,545,20231006,799.0,Success,PayPal
2623,729,545,20231105,799.0,Success,Wallet
2624,729,545,20231205,799.0,Success,Debit Card
2625,729,545,20240104,799.0,Failed,Credit Card
2626,730,546,20230207,499.0,Success,Credit Card
2627,731,547,20231024,499.0,Success,UPI
2628,731,547,20231123,499.0,Success,Debit Card
2629,731,547,20231223,499.0,Success,Debit Card
2630,731,547,20240122,499.0,Success,Credit Card
2631,731,547,20240221,499.0,Success,UPI
2632,731,547,20240322,499.0,Success,UPI
2633,731,547,20240421,499.0,Success,Debit Card
2634,731,547,20240521,499.0,Success,PayPal
2635,731,547,20240620,499.0,Success,PayPal
2636,731,547,20240720,499.0,Success,Debit Card
2637,731,547,20240819,499.0,Success,UPI
2638,731,547,20240918,499.0,Success,Debit Card
2639,732,547,20241023,149.0,Success,Wallet
2640,732,547,20241122,149.0,Success,UPI
2641,733,548,20230420,499.0,Success,Debit Card
2642,733,548,20230520,-499.0,Refunded,UPI
2643,733,548,20230619,499.0,Success,PayPal
2644,734,549,20240710,149.0,Success,Credit Card
2645,734,549,20240809,149.0,Success,Credit Card
2646,734,549,20240908,-149.0,Refunded,PayPal
2647,734,549,20241008,149.0,Success,Credit Card
2648,734,549,20241107,149.0,Success,UPI
2649,735,550,20240531,799.0,Success,Wallet
2650,736,551,20231205,499.0,Success,Wallet
2651,736,551,20240104,499.0,Success,Wallet
2652,736,551,20240203,499.0,Success,UPI
2653,737,551,20240315,149.0,Success,UPI
2654,738,551,20240504,199.0,Success,Debit Card
2655,739,552,20230710,499.0,Success,PayPal
2656,739,552,20230809,499.0,Success,Credit Card
2657,739,552,20230908,499.0,Success,Wallet
2658,739,552,20231008,499.0,Success,UPI
2659,739,552,20231107,499.0,Success,UPI
2660,739,552,20231207,499.0,Success,UPI
2661,739,552,20240106,499.0,Success,Debit Card
2662,739,552,20240205,499.0,Success,PayPal
2663,739,552,20240306,499.0,Success,UPI
2664,739,552,20240405,499.0,Success,Wallet
2665,739,552,20240505,499.0,Success,Debit Card
2666,739,552,20240604,499.0,Success,PayPal
2667,740,553,20240804,499.0,Success,Wallet
2668,740,553,20240903,499.0,Success,Debit Card
2669,740,553,20241003,499.0,Success,Wallet
2670,740,553,20241102,499.0,Failed,UPI
2671,741,554,20241016,799.0,Success,Credit Card
2672,741,554,20241115,799.0,Success,Wallet
2673,742,555,20230330,149.0,Success,Credit Card
2674,742,555,20230429,149.0,Success,UPI
2675,742,555,20230529,-149.0,Refunded,Wallet
2676,743,556,20230524,799.0,Success,Wallet
2677,744,556,20230627,199.0,Success,UPI
2678,745,557,20230925,-199.0,Refunded,Credit Card
2679,745,557,20231025,199.0,Success,Debit Card
2680,745,557,20231124,199.0,Success,Debit Card
2681,746,558,20231204,149.0,Success,Debit Card
2682,746,558,20240103,149.0,Success,Debit Card
2683,746,558,20240202,149.0,Success,UPI
2684,747,558,20240322,199.0,Success,Wallet
2685,747,558,20240421,199.0,Success,UPI
2686,747,558,20240521,199.0,Success,Wallet
2687,747,558,20240620,199.0,Success,Debit Card
2688,747,558,20240720,199.0,Success,UPI
2689,747,558,20240819,199.0,Success,Wallet
2690,748,559,20230925,149.0,Success,Credit Card
2691,748,559,20231025,149.0,Success,Debit Card
2692,748,559,20231124,149.0,Success,UPI
2693,748,559,20231224,149.0,Success,Debit Card
2694,748,559,20240123,149.0,Success,Wallet
2695,748,559,20240222,149.0,Success,Wallet
2696,748,559,20240323,149.0,Success,Credit Card
2697,748,559,20240422,-149.0,Refunded,UPI
2698,748,559,20240522,149.0,Success,Credit Card
2699,748,559,20240621,149.0,Success,PayPal
2700,748,559,20240721,149.0,Success,UPI
2701,748,559,20240820,149.0,Success,Credit Card
2702,749,560,20241114,199.0,Success,PayPal
2703,750,561,20241203,199.0,Success,Wallet
2704,751,562,20231115,199.0,Success,Credit Card
2705,752,563,20231030,149.0,Success,Wallet
2706,752,563,20231129,149.0,Success,PayPal
2707,752,563,20231229,149.0,Success,Debit Card
2708,752,563,20240128,149.0,Success,UPI
2709,752,563,20240227,149.0,Success,UPI
2710,752,563,20240328,149.0,Success,UPI
2711,752,563,20240427,149.0,Success,Debit Card
2712,752,563,20240527,149.0,Success,UPI
2713,752,563,20240626,149.0,Success,Debit Card
2714,752,563,20240726,149.0,Success,UPI
2715,752,563,20240825,-149.0,Refunded,PayPal
2716,752,563,20240924,149.0,Success,PayPal
2717,753,564,20230517,149.0,Success,PayPal
2718,753,564,20230616,149.0,Success,PayPal
2719,753,564,20230716,149.0,Success,UPI
2720,754,565,20240912,799.0,Success,UPI
2721,754,565,20241012,799.0,Success,UPI
2722,754,565,20241111,799.0,Success,Wallet
2723,755,566,20240427,149.0,Success,PayPal
2724,756,566,20240604,149.0,Success,UPI
2725,756,566,20240704,149.0,Success,Wallet
2726,756,566,20240803,149.0,Success,Debit Card
2727,756,566,20240902,149.0,Success,Credit Card
2728,756,566,20241002,149.0,Success,UPI
2729,756,566,20241101,149.0,Success,PayPal
2730,757,566,20241202,199.0,Success,UPI
2731,758,567,20230911,499.0,Success,Credit Card
2732,759,568,20230325,499.0,Success,Credit Card
2733,760,568,20230502,199.0,Success,PayPal
2734,760,568,20230601,199.0,Success,Credit Card
2735,760,568,20230701,199.0,Success,PayPal
2736,760,568,20230731,199.0,Success,Wallet
2737,760,568,20230830,199.0,Success,Wallet
2738,760,568,20230929,199.0,Success,Wallet
2739,761,568,20231114,199.0,Success,Debit Card
2740,761,568,20231214,199.0,Success,PayPal
2741,761,568,20240113,199.0,Success,UPI
2742,761,568,20240212,199.0,Success,Wallet
2743,761,568,20240313,199.0,Success,PayPal
2744,761,568,20240412,199.0,Success,Debit Card
2745,761,568,20240512,199.0,Success,PayPal
2746,761,568,20240611,199.0,Success,UPI
2747,761,568,20240711,199.0,Success,UPI
2748,761,568,20240810,199.0,Success,Debit Card
2749,761,568,20240909,199.0,Success,PayPal
2750,761,568,20241009,199.0,Success,PayPal
2751,762,569,20230321,149.0,Success,Wallet
2752,763,570,20240601,799.0,Success,Debit Card
2753,764,571,20231202,149.0,Success,Wallet
2754,764,571,20240101,149.0,Success,UPI
2755,764,571,20240131,149.0,Success,UPI
2756,764,571,20240301,149.0,Success,PayPal
2757,764,571,20240331,149.0,Success,Credit Card
2758,764,571,20240430,149.0,Success,Wallet
2759,765,572,20240820,799.0,Success,Credit Card
2760,766,572,20240928,799.0,Success,Debit Card
2761,766,572,20241028,799.0,Success,Credit Card
2762,766,572,20241127,799.0,Success,Credit Card
2763,767,573,20230226,149.0,Success,UPI
2764,768,573,20230403,199.0,Success,Credit Card
2765,769,574,20240731,799.0,Success,PayPal
2766,769,574,20240830,799.0,Success,Debit Card
2767,769,574,20240929,799.0,Success,UPI
2768,769,574,20241029,799.0,Success,UPI
2769,769,574,20241128,799.0,Success,UPI
2770,770,575,20231112,149.0,Success,Debit Card
2771,771,575,20231229,199.0,Success,Wallet
2772,771,575,20240128,199.0,Success,PayPal
2773,771,575,20240227,199.0,Success,Credit Card
2774,772,575,20240403,149.0,Success,Credit Card
2775,773,576,20230104,799.0,Success,PayPal
2776,773,576,20230203,799.0,Success,Credit Card
2777,773,576,20230305,799.0,Success,Wallet
2778,773,576,20230404,799.0,Success,Wallet
2779,773,576,20230504,799.0,Success,Debit Card
2780,773,576,20230603,799.0,Success,Debit Card
2781,774,577,20240309,199.0,Success,UPI
2782,775,578,20230303,149.0,Success,PayPal
2783,776,578,20230410,149.0,Success,Credit Card
2784,776,578,20230510,149.0,Success,PayPal
2785,776,578,20230609,149.0,Success,Wallet
2786,776,578,20230709,149.0,Success,Debit Card
2787,776,578,20230808,149.0,Success,PayPal
2788,776,578,20230907,149.0,Success,Debit Card
2789,777,578,20231016,799.0,Success,UPI
2790,777,578,20231115,-799.0,Refunded,Credit Card
2791,777,578,20231215,799.0,Success,PayPal
2792,777,578,20240114,799.0,Success,UPI
2793,777,578,20240213,799.0,Success,Debit Card
2794,777,578,20240314,799.0,Success,Credit Card
2795,777,578,20240413,799.0,Success,PayPal
2796,777,578,20240513,799.0,Success,Credit Card
2797,777,578,20240612,799.0,Success,Debit Card
2798,777,578,20240712,799.0,Success,Debit Card
2799,777,578,20240811,799.0,Success,UPI
2800,777,578,20240910,799.0,Success,Credit Card
2801,778,579,20231021,149.0,Success,Debit Card
2802,778,579,20231120,149.0,Success,Wallet
2803,778,579,20231220,149.0,Success,UPI
2804,778,579,20240119,149.0,Success,Debit Card
2805,778,579,20240218,149.0,Success,Wallet
2806,778,579,20240319,149.0,Failed,Wallet
2807,778,579,20240418,149.0,Success,Wallet
2808,778,579,20240518,149.0,Success,UPI
2809,778,579,20240617,149.0,Success,UPI
2810,778,579,20240717,149.0,Success,Debit Card
2811,778,579,20240816,149.0,Success,PayPal
2812,778,579,20240915,149.0,Success,Wallet
2813,779,579,20241029,199.0,Success,Wallet
2814,779,579,20241128,199.0,Success,UPI
2815,780,580,20241018,499.0,Success,Debit Card
2816,780,580,20241117,499.0,Success,Debit Card
2817,781,581,20240127,199.0,Success,PayPal
2818,781,581,20240226,-199.0,Refunded,Credit Card
2819,781,581,20240327,199.0,Success,PayPal
2820,781,581,20240426,199.0,Success,Wallet
2821,781,581,20240526,199.0,Success,UPI
2822,781,581,20240625,199.0,Success,Wallet
2823,781,581,20240725,199.0,Success,PayPal
2824,781,581,20240824,199.0,Success,UPI
2825,781,581,20240923,199.0,Success,UPI
2826,781,581,20241023,199.0,Success,UPI
2827,781,581,20241122,199.0,Success,Wallet
2828,782,582,20240120,799.0,Success,UPI
2829,782,582,20240219,799.0,Success,Wallet
2830,782,582,20240320,799.0,Success,UPI
2831,782,582,20240419,799.0,Success,PayPal
2832,782,582,20240519,799.0,Success,Wallet
2833,782,582,20240618,799.0,Success,Credit Card
2834,782,582,20240718,799.0,Success,Debit Card
2835,782,582,20240817,799.0,Success,PayPal
2836,782,582,20240916,799.0,Success,Debit Card
2837,782,582,20241016,799.0,Success,Credit Card
2838,782,582,20241115,799.0,Success,PayPal
2839,783,583,20240706,799.0,Success,UPI
2840,784,584,20230702,149.0,Success,Debit Card
2841,784,584,20230801,149.0,Success,PayPal
2842,784,584,20230831,149.0,Success,Credit Card
2843,784,584,20230930,149.0,Success,Wallet
2844,784,584,20231030,149.0,Success,Debit Card
2845,784,584,20231129,149.0,Success,Debit Card
2846,785,585,20230817,499.0,Success,Debit Card
2847,786,585,20231004,149.0,Success,UPI
2848,787,586,20240419,799.0,Success,Credit Card
2849,788,587,20240124,499.0,Success,Debit Card
2850,789,587,20240224,149.0,Success,Debit Card
2851,789,587,20240325,149.0,Success,Wallet
2852,789,587,20240424,149.0,Success,Debit Card
2853,789,587,20240524,149.0,Success,PayPal
2854,789,587,20240623,149.0,Success,Debit Card
2855,789,587,20240723,149.0,Success,PayPal
2856,790,588,20231010,799.0,Success,PayPal
2857,790,588,20231109,799.0,Success,Credit Card
2858,790,588,20231209,799.0,Success,PayPal
2859,790,588,20240108,799.0,Success,PayPal
2860,790,588,20240207,799.0,Success,UPI
2861,790,588,20240308,799.0,Success,Credit Card
2862,791,589,20230426,149.0,Success,UPI
2863,792,590,20230117,499.0,Success,Credit Card
2864,793,590,20230217,149.0,Success,UPI
2865,793,590,20230319,149.0,Failed,PayPal
2866,793,590,20230418,149.0,Success,UPI
2867,793,590,20230518,149.0,Success,UPI
2868,793,590,20230617,149.0,Success,Credit Card
2869,793,590,20230717,149.0,Success,Credit Card
2870,793,590,20230816,-149.0,Refunded,Debit Card
2871,793,590,20230915,149.0,Success,Wallet
2872,793,590,20231015,149.0,Success,PayPal
2873,793,590,20231114,149.0,Success,Debit Card
2874,793,590,20231214,149.0,Success,Wallet
2875,793,590,20240113,149.0,Success,Credit Card
2876,794,591,20230204,199.0,Success,Credit Card
2877,795,592,20230219,799.0,Success,Credit Card
2878,796,592,20230407,199.0,Success,UPI
2879,797,593,20230828,199.0,Success,Credit Card
2880,797,593,20230927,199.0,Success,Debit Card
2881,797,593,20231027,199.0,Success,Debit Card
2882,797,593,20231126,199.0,Success,Wallet
2883,797,593,20231226,199.0,Success,Wallet
2884,797,593,20240125,199.0,Success,Debit Card
2885,798,594,20230227,799.0,Success,Credit Card
2886,798,594,20230329,799.0,Success,PayPal
2887,798,594,20230428,799.0,Success,UPI
2888,798,594,20230528,799.0,Success,UPI
2889,798,594,20230627,799.0,Success,Wallet
2890,798,594,20230727,799.0,Success,UPI
2891,798,594,20230826,799.0,Failed,Debit Card
2892,798,594,20230925,799.0,Success,Wallet
2893,798,594,20231025,799.0,Success,Debit Card
2894,798,594,20231124,799.0,Success,PayPal
2895,798,594,20231224,799.0,Success,PayPal
2896,798,594,20240123,-799.0,Refunded,PayPal
2897,799,594,20240224,149.0,Success,PayPal
2898,799,594,20240325,149.0,Success,UPI
2899,799,594,20240424,149.0,Success,Debit Card
2900,800,595,20240812,149.0,Success,Debit Card
2901,800,595,20240911,149.0,Success,Wallet
2902,800,595,20241011,149.0,Success,Debit Card
2903,801,596,20231125,149.0,Success,UPI
2904,801,596,20231225,149.0,Success,UPI
2905,801,596,20240124,149.0,Success,Debit Card
2906,801,596,20240223,149.0,Success,Debit Card
2907,801,596,20240324,149.0,Success,PayPal
2908,801,596,20240423,149.0,Success,Debit Card
2909,801,596,20240523,149.0,Failed,Debit Card
2910,801,596,20240622,-149.0,Refunded,PayPal
2911,801,596,20240722,149.0,Success,Wallet
2912,801,596,20240821,149.0,Success,Debit Card
2913,801,596,20240920,149.0,Success,Wallet
2914,801,596,20241020,149.0,Success,PayPal
2915,802,597,20241107,199.0,Success,Wallet
2916,803,598,20230304,149.0,Success,Debit Card
2917,803,598,20230403,149.0,Success,Credit Card
2918,803,598,20230503,149.0,Success,UPI
2919,804,598,20230604,499.0,Success,Credit Card
2920,805,599,20230629,199.0,Success,Credit Card
2921,806,600,20230218,799.0,Success,Credit Card
2922,807,601,20240621,499.0,Success,Debit Card
2923,807,601,20240721,499.0,Success,PayPal
2924,807,601,20240820,499.0,Success,Credit Card
2925,807,601,20240919,499.0,Success,PayPal
2926,807,601,20241019,499.0,Success,PayPal
2927,807,601,20241118,499.0,Success,Debit Card
2928,808,602,20231104,199.0,Success,Credit Card
2929,808,602,20231204,199.0,Success,UPI
2930,808,602,20240103,199.0,Success,Debit Card
2931,809,603,20230904,799.0,Success,UPI
2932,810,603,20231017,199.0,Failed,Wallet
2933,810,603,20231116,199.0,Success,PayPal
2934,810,603,20231216,199.0,Success,Wallet
2935,811,604,20240419,499.0,Success,PayPal
2936,812,604,20240605,499.0,Success,UPI
2937,812,604,20240705,499.0,Success,Debit Card
2938,812,604,20240804,499.0,Success,PayPal
2939,813,605,20240724,149.0,Success,Credit Card
2940,814,606,20230728,799.0,Success,UPI
2941,814,606,20230827,799.0,Success,UPI
2942,814,606,20230926,799.0,Success,PayPal
2943,814,606,20231026,799.0,Success,Debit Card
2944,814,606,20231125,799.0,Success,Credit Card
2945,814,606,20231225,799.0,Success,Credit Card
2946,814,606,20240124,799.0,Success,UPI
2947,814,606,20240223,799.0,Success,Debit Card
2948,814,606,20240324,799.0,Success,Credit Card
2949,814,606,20240423,799.0,Success,Wallet
2950,814,606,20240523,799.0,Success,Wallet
2951,814,606,20240622,799.0,Success,Wallet
2952,815,607,20240115,149.0,Failed,Debit Card
2953,816,607,20240301,799.0,Success,Credit Card
2954,817,608,20230222,199.0,Success,Wallet
2955,817,608,20230324,199.0,Success,PayPal
2956,817,608,20230423,199.0,Success,Debit Card
2957,817,608,20230523,199.0,Success,Credit Card
2958,817,608,20230622,199.0,Success,Wallet
2959,817,608,20230722,199.0,Success,UPI
2960,818,609,20230210,149.0,Success,Credit Card
2961,818,609,20230312,149.0,Success,PayPal
2962,818,609,20230411,149.0,Success,Wallet
2963,819,610,20241118,499.0,Success,Debit Card
2964,820,611,20231207,499.0,Success,Debit Card
2965,820,611,20240106,499.0,Success,PayPal
2966,820,611,20240205,499.0,Success,PayPal
2967,820,611,20240306,499.0,Success,Debit Card
2968,820,611,20240405,499.0,Success,Credit Card
2969,820,611,20240505,499.0,Success,Debit Card
2970,820,611,20240604,499.0,Success,Wallet
2971,820,611,20240704,499.0,Success,PayPal
2972,820,611,20240803,499.0,Success,Debit Card
2973,820,611,20240902,499.0,Success,UPI
2974,820,611,20241002,499.0,Success,Credit Card
2975,820,611,20241101,499.0,Success,UPI
2976,821,612,20230714,149.0,Success,Wallet
2977,821,612,20230813,149.0,Success,UPI
2978,821,612,20230912,149.0,Success,Credit Card
2979,821,612,20231012,149.0,Success,Debit Card
2980,821,612,20231111,149.0,Success,PayPal
2981,821,612,20231211,149.0,Success,UPI
2982,822,613,20240505,149.0,Success,Wallet
2983,823,613,20240606,199.0,Success,Credit Card
2984,823,613,20240706,199.0,Success,Wallet
2985,823,613,20240805,199.0,Success,Debit Card
2986,824,614,20240211,799.0,Success,PayPal
2987,824,614,20240312,799.0,Success,Wallet
2988,824,614,20240411,799.0,Success,Credit Card
2989,824,614,20240511,799.0,Success,Credit Card
2990,824,614,20240610,799.0,Success,Wallet
2991,824,614,20240710,799.0,Success,Credit Card
2992,824,614,20240809,799.0,Success,PayPal
2993,824,614,20240908,-799.0,Refunded,Debit Card
2994,824,614,20241008,799.0,Success,Debit Card
2995,824,614,20241107,799.0,Success,Credit Card
2996,825,615,20240125,149.0,Success,Wallet
2997,826,616,20230925,799.0,Success,PayPal
2998,827,616,20231026,799.0,Success,Credit Card
2999,827,616,20231125,799.0,Success,Debit Card
3000,827,616,20231225,799.0,Success,Credit Card
3001,828,617,20230411,199.0,Success,Wallet
3002,829,618,20230728,499.0,Success,Wallet
3003,829,618,20230827,499.0,Success,UPI
3004,829,618,20230926,499.0,Success,UPI
3005,830,619,20230815,199.0,Success,Debit Card
3006,831,620,20240821,149.0,Success,Debit Card
3007,831,620,20240920,149.0,Success,Wallet
3008,831,620,20241020,149.0,Success,UPI
3009,831,620,20241119,149.0,Success,Wallet
3010,832,621,20230720,199.0,Success,PayPal
3011,832,621,20230819,199.0,Success,Credit Card
3012,832,621,20230918,199.0,Success,Debit Card
3013,832,621,20231018,199.0,Success,Debit Card
3014,832,621,20231117,199.0,Success,Debit Card
3015,832,621,20231217,199.0,Success,Credit Card
3016,832,621,20240116,199.0,Success,UPI
3017,832,621,20240215,199.0,Success,Wallet
3018,832,621,20240316,199.0,Success,Wallet
3019,832,621,20240415,199.0,Success,Wallet
3020,832,621,20240515,199.0,Success,PayPal
3021,832,621,20240614,199.0,Failed,UPI
3022,833,621,20240722,199.0,Success,Credit Card
3023,833,621,20240821,199.0,Success,PayPal
3024,833,621,20240920,199.0,Success,UPI
3025,833,621,20241020,199.0,Success,PayPal
3026,833,621,20241119,199.0,Success,Wallet
3027,834,622,20230909,149.0,Success,Credit Card
3028,834,622,20231009,149.0,Success,Debit Card
3029,834,622,20231108,149.0,Success,Debit Card
3030,834,622,20231208,149.0,Success,Debit Card
3031,834,622,20240107,149.0,Success,Credit Card
3032,834,622,20240206,149.0,Success,Wallet
3033,835,622,20240311,199.0,Success,Wallet
3034,835,622,20240410,199.0,Success,Wallet
3035,835,622,20240510,199.0,Success,Credit Card
3036,836,623,20231212,499.0,Success,PayPal
3037,836,623,20240111,499.0,Success,Credit Card
3038,836,623,20240210,499.0,Success,Wallet
3039,837,624,20241019,149.0,Success,UPI
3040,837,624,20241118,149.0,Success,Credit Card
3041,838,625,20231227,499.0,Success,PayPal
3042,838,625,20240126,499.0,Success,UPI
3043,838,625,20240225,499.0,Success,Credit Card
3044,838,625,20240326,499.0,Success,Debit Card
3045,838,625,20240425,499.0,Success,UPI
3046,838,625,20240525,499.0,Success,Credit Card
3047,838,625,20240624,499.0,Failed,Debit Card
3048,838,625,20240724,499.0,Success,Credit Card
3049,838,625,20240823,499.0,Success,Credit Card
3050,838,625,20240922,499.0,Success,PayPal
3051,838,625,20241022,499.0,Failed,Wallet
3052,838,625,20241121,499.0,Success,Wallet
3053,839,626,20230708,149.0,Success,PayPal
3054,839,626,20230807,149.0,Success,PayPal
3055,839,626,20230906,149.0,Success,UPI
3056,839,626,20231006,149.0,Success,Wallet
3057,839,626,20231105,149.0,Success,PayPal
3058,839,626,20231205,149.0,Success,UPI
3059,839,626,20240104,149.0,Success,UPI
3060,839,626,20240203,149.0,Success,Wallet
3061,839,626,20240304,149.0,Success,UPI
3062,839,626,20240403,149.0,Success,Credit Card
3063,839,626,20240503,149.0,Success,Wallet
3064,839,626,20240602,149.0,Success,UPI
3065,840,626,20240704,799.0,Success,Wallet
3066,840,626,20240803,799.0,Success,Credit Card
3067,840,626,20240902,799.0,Success,UPI
3068,841,626,20241012,199.0,Success,UPI
3069,842,627,20240620,199.0,Success,Credit Card
3070,842,627,20240720,199.0,Success,UPI
3071,842,627,20240819,199.0,Success,Wallet
3072,842,627,20240918,199.0,Success,PayPal
3073,842,627,20241018,199.0,Success,Debit Card
3074,842,627,20241117,199.0,Success,Debit Card
3075,843,628,20241115,199.0,Success,PayPal
3076,844,629,20241007,199.0,Success,PayPal
3077,845,630,20230812,149.0,Success,Wallet
3078,846,631,20241015,499.0,Success,UPI
3079,847,632,20241106,199.0,Success,PayPal
3080,848,633,20240226,799.0,Success,Debit Card
3081,849,633,20240414,799.0,Success,PayPal
3082,850,634,20240702,149.0,Success,Debit Card
3083,850,634,20240801,149.0,Success,Wallet
3084,850,634,20240831,149.0,Success,PayPal
3085,850,634,20240930,149.0,Success,UPI
3086,850,634,20241030,149.0,Success,Credit Card
3087,850,634,20241129,149.0,Success,Wallet
3088,851,635,20241121,799.0,Success,Credit Card
3089,852,635,20241230,799.0,Failed,UPI
3090,853,636,20230420,149.0,Success,Debit Card
3091,853,636,20230520,-149.0,Refunded,Credit Card
3092,853,636,20230619,149.0,Success,UPI
3093,854,637,20240926,799.0,Success,Debit Card
3094,854,637,20241026,799.0,Success,Wallet
3095,854,637,20241125,799.0,Success,UPI
3096,855,638,20240211,199.0,Success,UPI
3097,855,638,20240312,199.0,Success,Credit Card
3098,855,638,20240411,-199.0,Refunded,UPI
3099,855,638,20240511,199.0,Success,PayPal
3100,855,638,20240610,199.0,Success,Debit Card
3101,855,638,20240710,199.0,Success,Credit Card
3102,856,638,20240820,-799.0,Refunded,PayPal
3103,856,638,20240919,799.0,Success,PayPal
3104,856,638,20241019,799.0,Success,UPI
3105,856,638,20241118,799.0,Success,Debit Card
3106,857,639,20240801,499.0,Success,UPI
3107,857,639,20240831,499.0,Success,Wallet
3108,857,639,20240930,499.0,Success,Debit Card
3109,857,639,20241030,499.0,Success,Wallet
3110,857,639,20241129,499.0,Success,UPI
3111,858,640,20241201,199.0,Success,Credit Card
3112,859,641,20230202,799.0,Success,PayPal
3113,860,641,20230304,149.0,Success,PayPal
3114,861,642,20240502,799.0,Success,PayPal
3115,862,643,20230326,149.0,Success,UPI
3116,862,643,20230425,149.0,Success,Credit Card
3117,862,643,20230525,149.0,Success,PayPal
3118,862,643,20230624,149.0,Failed,Wallet
3119,862,643,20230724,149.0,Failed,Wallet
3120,862,643,20230823,149.0,Success,PayPal
3121,863,644,20231206,199.0,Success,Wallet
3122,863,644,20240105,199.0,Success,Wallet
3123,863,644,20240204,199.0,Success,UPI
3124,863,644,20240305,199.0,Success,Wallet
3125,863,644,20240404,199.0,Success,UPI
3126,863,644,20240504,199.0,Success,PayPal
3127,864,645,20240624,199.0,Success,UPI
3128,864,645,20240724,199.0,Success,Wallet
3129,864,645,20240823,199.0,Success,Credit Card
3130,865,646,20241209,149.0,Success,Credit Card
3131,866,647,20230318,199.0,Success,Credit Card
3132,867,647,20230503,149.0,Success,PayPal
3133,867,647,20230602,149.0,Success,PayPal
3134,867,647,20230702,149.0,Success,PayPal
3135,867,647,20230801,149.0,Success,Debit Card
3136,867,647,20230831,149.0,Success,PayPal
3137,867,647,20230930,149.0,Success,UPI
3138,868,648,20240731,499.0,Success,Credit Card
3139,869,649,20231119,799.0,Success,Wallet
3140,869,649,20231219,799.0,Success,PayPal
3141,869,649,20240118,799.0,Success,Wallet
3142,869,649,20240217,799.0,Success,Debit Card
3143,869,649,20240318,799.0,Success,Wallet
3144,869,649,20240417,799.0,Success,PayPal
3145,870,650,20241230,149.0,Success,Wallet
3146,871,651,20240731,199.0,Success,Wallet
3147,872,651,20240906,149.0,Success,UPI
3148,872,651,20241006,149.0,Success,Debit Card
3149,872,651,20241105,149.0,Success,PayPal
3150,873,651,20241216,149.0,Success,PayPal
3151,874,652,20241124,499.0,Success,Credit Card
3152,875,653,20230524,799.0,Success,Credit Card
3153,876,654,20231221,799.0,Success,Debit Card
3154,876,654,20240120,799.0,Success,UPI
3155,876,654,20240219,799.0,Success,Wallet
3156,877,655,20230319,799.0,Success,Debit Card
3157,877,655,20230418,799.0,Success,Credit Card
3158,877,655,20230518,799.0,Success,PayPal
3159,878,655,20230627,499.0,Success,UPI
3160,879,655,20230729,199.0,Success,UPI
3161,880,656,20240901,799.0,Success,Wallet
3162,880,656,20241001,799.0,Success,Wallet
3163,880,656,20241031,799.0,Success,Debit Card
3164,880,656,20241130,799.0,Success,UPI
3165,881,657,20241011,199.0,Success,Debit Card
3166,881,657,20241110,199.0,Success,PayPal
3167,882,658,20230822,499.0,Success,Wallet
3168,883,658,20231011,499.0,Success,Credit Card
3169,883,658,20231110,499.0,Success,UPI
3170,883,658,20231210,499.0,Success,PayPal
3171,883,658,20240109,499.0,Success,Credit Card
3172,883,658,20240208,499.0,Success,UPI
3173,883,658,20240309,499.0,Success,Credit Card
3174,884,659,20230710,149.0,Success,PayPal
3175,885,660,20240925,199.0,Success,Wallet
3176,885,660,20241025,199.0,Success,Debit Card
3177,885,660,20241124,199.0,Success,PayPal
3178,886,661,20230326,149.0,Success,UPI
3179,887,662,20241011,499.0,Success,Credit Card
3180,888,663,20230420,499.0,Success,Wallet
3181,888,663,20230520,499.0,Success,PayPal
3182,888,663,20230619,499.0,Success,UPI
3183,889,664,20240104,799.0,Success,PayPal
3184,890,665,20240317,149.0,Success,Wallet
3185,890,665,20240416,149.0,Failed,Debit Card
3186,890,665,20240516,149.0,Success,PayPal
3187,890,665,20240615,149.0,Success,Wallet
3188,890,665,20240715,149.0,Success,Debit Card
3189,890,665,20240814,149.0,Success,Credit Card
3190,891,665,20240929,199.0,Success,Debit Card
3191,891,665,20241029,199.0,Success,Debit Card
3192,891,665,20241128,199.0,Success,PayPal
3193,892,666,20230416,799.0,Success,Debit Card
3194,892,666,20230516,799.0,Success,UPI
3195,892,666,20230615,799.0,Success,PayPal
3196,893,667,20240903,499.0,Success,Credit Card
3197,893,667,20241003,499.0,Success,Debit Card
3198,893,667,20241102,499.0,Success,UPI
3199,894,668,20230113,149.0,Success,PayPal
3200,894,668,20230212,149.0,Success,PayPal
3201,894,668,20230314,149.0,Success,Debit Card
3202,894,668,20230413,149.0,Success,Credit Card
3203,894,668,20230513,149.0,Success,Debit Card
3204,894,668,20230612,149.0,Success,Debit Card
3205,894,668,20230712,149.0,Success,Credit Card
3206,894,668,20230811,149.0,Failed,Credit Card
3207,894,668,20230910,149.0,Success,Wallet
3208,894,668,20231010,149.0,Success,UPI
3209,894,668,20231109,149.0,Success,PayPal
3210,894,668,20231209,149.0,Success,Wallet
3211,895,669,20240726,199.0,Success,Wallet
3212,896,670,20240125,499.0,Success,UPI
3213,896,670,20240224,499.0,Success,Wallet
3214,896,670,20240325,499.0,Success,Credit Card
3215,896,670,20240424,499.0,Success,UPI
3216,896,670,20240524,499.0,Success,Debit Card
3217,896,670,20240623,499.0,Success,Debit Card
3218,896,670,20240723,499.0,Success,UPI
3219,896,670,20240822,499.0,Success,Debit Card
3220,896,670,20240921,499.0,Success,UPI
3221,896,670,20241021,499.0,Success,PayPal
3222,896,670,20241120,499.0,Success,PayPal
3223,897,671,20240519,799.0,Success,Credit Card
3224,897,671,20240618,799.0,Success,Credit Card
3225,897,671,20240718,799.0,Success,Wallet
3226,897,671,20240817,799.0,Success,Wallet
3227,897,671,20240916,799.0,Success,Credit Card
3228,897,671,20241016,799.0,Success,UPI
3229,897,671,20241115,799.0,Success,PayPal
3230,898,672,20240307,149.0,Success,Wallet
3231,898,672,20240406,149.0,Success,Debit Card
3232,898,672,20240506,149.0,Success,PayPal
3233,898,672,20240605,149.0,Success,Wallet
3234,898,672,20240705,149.0,Success,Credit Card
3235,898,672,20240804,149.0,Success,Debit Card
3236,898,672,20240903,149.0,Success,Credit Card
3237,898,672,20241003,149.0,Success,Debit Card
3238,898,672,20241102,149.0,Success,UPI
3239,899,673,20230915,199.0,Success,Credit Card
3240,899,673,20231015,199.0,Success,Debit Card
3241,899,673,20231114,199.0,Success,PayPal
3242,900,674,20240923,499.0,Success,UPI
3243,900,674,20241023,499.0,Success,Debit Card
3244,900,674,20241122,499.0,Success,Debit Card
3245,901,675,20230107,799.0,Success,Wallet
3246,901,675,20230206,799.0,Success,Wallet
3247,901,675,20230308,799.0,Success,UPI
3248,901,675,20230407,799.0,Success,PayPal
3249,901,675,20230507,799.0,Success,Wallet
3250,901,675,20230606,799.0,Success,UPI
3251,902,676,20231204,149.0,Success,Wallet
3252,902,676,20240103,149.0,Success,Wallet
3253,902,676,20240202,149.0,Success,PayPal
3254,903,677,20241028,499.0,Success,PayPal
3255,903,677,20241127,499.0,Success,Credit Card
3256,904,678,20241212,499.0,Success,PayPal
3257,905,679,20240212,149.0,Success,Credit Card
3258,906,679,20240318,-499.0,Refunded,PayPal
3259,907,680,20240517,499.0,Success,Credit Card
3260,908,681,20231015,499.0,Success,Credit Card
3261,909,682,20230724,149.0,Success,PayPal
3262,909,682,20230823,149.0,Success,UPI
3263,909,682,20230922,149.0,Success,PayPal
3264,909,682,20231022,149.0,Success,Credit Card
3265,909,682,20231121,149.0,Success,UPI
3266,909,682,20231221,149.0,Success,Debit Card
3267,910,682,20240123,199.0,Success,Debit Card
3268,911,682,20240313,149.0,Success,PayPal
3269,911,682,20240412,149.0,Success,Credit Card
3270,911,682,20240512,149.0,Failed,Credit Card
3271,911,682,20240611,149.0,Success,UPI
3272,911,682,20240711,149.0,Success,Wallet
3273,911,682,20240810,149.0,Success,Credit Card
3274,912,683,20240717,799.0,Success,PayPal
3275,912,683,20240816,799.0,Success,UPI
3276,912,683,20240915,799.0,Success,UPI
3277,912,683,20241015,799.0,Success,Debit Card
3278,912,683,20241114,799.0,Success,PayPal
3279,913,684,20241226,799.0,Success,Wallet
3280,914,685,20241210,199.0,Success,PayPal
3281,915,686,20240223,499.0,Success,Credit Card
3282,916,687,20230905,799.0,Failed,PayPal
3283,917,687,20231011,199.0,Success,Debit Card
3284,917,687,20231110,199.0,Success,Wallet
3285,917,687,20231210,199.0,Success,PayPal
3286,917,687,20240109,199.0,Success,PayPal
3287,917,687,20240208,199.0,Success,Debit Card
3288,917,687,20240309,199.0,Success,Credit Card
3289,918,688,20240122,199.0,Success,UPI
3290,918,688,20240221,199.0,Success,PayPal
3291,918,688,20240322,199.0,Success,PayPal
3292,919,689,20240819,149.0,Success,UPI
3293,919,689,20240918,149.0,Success,Credit Card
3294,919,689,20241018,149.0,Success,UPI
3295,919,689,20241117,149.0,Success,UPI
3296,920,690,20241209,199.0,Success,UPI
3297,921,691,20240104,149.0,Success,Wallet
3298,921,691,20240203,149.0,Success,PayPal
3299,921,691,20240304,149.0,Success,PayPal
3300,922,692,20241015,799.0,Success,Credit Card
3301,922,692,20241114,799.0,Success,Wallet
3302,923,693,20241111,799.0,Success,Debit Card
3303,924,694,20240730,149.0,Success,UPI
3304,924,694,20240829,149.0,Success,Wallet
3305,924,694,20240928,149.0,Success,PayPal
3306,924,694,20241028,149.0,Success,UPI
3307,924,694,20241127,149.0,Success,Credit Card
3308,925,695,20231206,799.0,Success,UPI
3309,925,695,20240105,799.0,Success,Debit Card
3310,925,695,20240204,-799.0,Refunded,PayPal
3311,925,695,20240305,799.0,Success,Wallet
3312,925,695,20240404,799.0,Success,UPI
3313,925,695,20240504,799.0,Success,Debit Card
3314,925,695,20240603,799.0,Success,Credit Card
3315,925,695,20240703,799.0,Success,UPI
3316,925,695,20240802,799.0,Success,Credit Card
3317,925,695,20240901,799.0,Success,Wallet
3318,925,695,20241001,799.0,Success,Wallet
3319,925,695,20241031,799.0,Success,Wallet
3320,926,695,20241216,199.0,Success,PayPal
3321,927,696,20230816,149.0,Success,Debit Card
3322,927,696,20230915,149.0,Success,PayPal
3323,927,696,20231015,149.0,Success,Debit Card
3324,927,696,20231114,149.0,Success,UPI
3325,927,696,20231214,149.0,Success,Wallet
3326,927,696,20240113,149.0,Success,Debit Card
3327,927,696,20240212,149.0,Success,Credit Card
3328,927,696,20240313,149.0,Success,Debit Card
3329,927,696,20240412,149.0,Success,Debit Card
3330,927,696,20240512,149.0,Success,Debit Card
3331,927,696,20240611,149.0,Success,Debit Card
3332,927,696,20240711,149.0,Success,Wallet
3333,928,697,20241205,149.0,Success,Wallet
3334,929,698,20240419,199.0,Success,Wallet
3335,929,698,20240519,199.0,Success,Debit Card
3336,929,698,20240618,199.0,Success,Credit Card
3337,929,698,20240718,199.0,Failed,UPI
3338,929,698,20240817,199.0,Success,Wallet
3339,929,698,20240916,199.0,Success,Credit Card
3340,929,698,20241016,199.0,Success,Credit Card
3341,929,698,20241115,199.0,Success,PayPal
3342,930,699,20231220,199.0,Success,Credit Card
3343,930,699,20240119,199.0,Success,Debit Card
3344,930,699,20240218,199.0,Failed,Debit Card
3345,930,699,20240319,199.0,Success,Credit Card
3346,930,699,20240418,199.0,Success,UPI
3347,930,699,20240518,199.0,Success,UPI
3348,931,700,20230329,149.0,Success,Wallet
3349,931,700,20230428,149.0,Success,UPI
3350,931,700,20230528,149.0,Success,UPI
3351,931,700,20230627,149.0,Success,PayPal
3352,931,700,20230727,149.0,Success,PayPal
3353,931,700,20230826,149.0,Success,PayPal
3354,931,700,20230925,149.0,Success,Credit Card
3355,931,700,20231025,149.0,Success,UPI
3356,931,700,20231124,149.0,Success,UPI
3357,931,700,20231224,149.0,Success,Credit Card
3358,931,700,20240123,149.0,Success,PayPal
3359,931,700,20240222,149.0,Success,PayPal
3360,932,700,20240323,799.0,Success,PayPal
3361,932,700,20240422,799.0,Success,Credit Card
3362,932,700,20240522,799.0,Success,UPI
3363,932,700,20240621,799.0,Success,UPI
3364,932,700,20240721,799.0,Success,PayPal
3365,932,700,20240820,799.0,Success,Wallet
3366,932,700,20240919,799.0,Success,Wallet
3367,932,700,20241019,799.0,Success,Debit Card
3368,932,700,20241118,799.0,Failed,Wallet
3369,933,701,20231223,149.0,Success,Credit Card
3370,933,701,20240122,149.0,Success,Credit Card
3371,933,701,20240221,149.0,Success,PayPal
3372,933,701,20240322,149.0,Success,UPI
3373,933,701,20240421,149.0,Success,UPI
3374,933,701,20240521,-149.0,Refunded,PayPal
3375,934,702,20240617,499.0,Success,PayPal
3376,934,702,20240717,499.0,Success,PayPal
3377,934,702,20240816,499.0,Success,PayPal
3378,934,702,20240915,499.0,Success,PayPal
3379,934,702,20241015,499.0,Success,UPI
3380,934,702,20241114,499.0,Success,PayPal
3381,935,703,20241214,149.0,Success,PayPal
3382,936,704,20241228,149.0,Success,PayPal
3383,937,705,20230422,799.0,Success,PayPal
3384,938,706,20230907,799.0,Success,UPI
3385,938,706,20231007,799.0,Success,PayPal
3386,938,706,20231106,799.0,Success,PayPal
3387,938,706,20231206,799.0,Success,Credit Card
3388,938,706,20240105,799.0,Success,Wallet
3389,938,706,20240204,799.0,Success,UPI
3390,938,706,20240305,799.0,Success,Debit Card
3391,938,706,20240404,799.0,Success,Credit Card
3392,938,706,20240504,799.0,Success,Wallet
3393,938,706,20240603,799.0,Success,UPI
3394,938,706,20240703,799.0,Success,Debit Card
3395,938,706,20240802,799.0,Success,Wallet
3396,939,707,20240727,799.0,Success,PayPal
3397,940,708,20240219,149.0,Success,UPI
3398,940,708,20240320,149.0,Success,UPI
3399,940,708,20240419,149.0,Success,UPI
3400,940,708,20240519,149.0,Success,Debit Card
3401,940,708,20240618,149.0,Success,Credit Card
3402,940,708,20240718,149.0,Success,PayPal
3403,940,708,20240817,149.0,Success,UPI
3404,940,708,20240916,149.0,Success,Credit Card
3405,940,708,20241016,149.0,Success,UPI
3406,940,708,20241115,149.0,Success,Wallet
3407,941,709,20240318,199.0,Success,Wallet
3408,941,709,20240417,199.0,Success,Wallet
3409,941,709,20240517,199.0,Success,Wallet
3410,941,709,20240616,199.0,Success,PayPal
3411,941,709,20240716,199.0,Success,Wallet
3412,941,709,20240815,199.0,Success,Debit Card
3413,941,709,20240914,-199.0,Refunded,Wallet
3414,941,709,20241014,199.0,Success,Wallet
3415,941,709,20241113,199.0,Success,Wallet
3416,942,710,20230722,499.0,Success,PayPal
3417,942,710,20230821,499.0,Success,Debit Card
3418,942,710,20230920,499.0,Success,PayPal
3419,943,710,20231107,149.0,Success,UPI
3420,944,711,20241222,149.0,Success,UPI
3421,945,712,20230306,799.0,Success,UPI
3422,945,712,20230405,799.0,Success,Debit Card
3423,945,712,20230505,799.0,Success,Debit Card
3424,946,713,20230711,799.0,Success,Credit Card
3425,946,713,20230810,799.0,Success,PayPal
3426,946,713,20230909,799.0,Success,Credit Card
3427,947,714,20230926,499.0,Success,Wallet
3428,948,715,20241016,149.0,Success,UPI
3429,949,716,20240824,199.0,Success,Credit Card
3430,949,716,20240923,199.0,Success,PayPal
3431,949,716,20241023,199.0,Success,Wallet
3432,949,716,20241122,199.0,Success,Debit Card
3433,950,717,20240924,149.0,Success,Wallet
3434,950,717,20241024,149.0,Success,Wallet
3435,950,717,20241123,149.0,Success,PayPal
3436,951,718,20231101,499.0,Success,Debit Card
3437,952,718,20231209,149.0,Success,Wallet
3438,953,719,20231117,799.0,Success,PayPal
3439,953,719,20231217,799.0,Success,UPI
3440,953,719,20240116,799.0,Success,Credit Card
3441,954,720,20240118,499.0,Success,Credit Card
3442,955,721,20240902,199.0,Success,PayPal
3443,956,721,20241004,149.0,Success,PayPal
3444,956,721,20241103,149.0,Success,Debit Card
3445,957,722,20240513,199.0,Success,UPI
3446,957,722,20240612,199.0,Success,PayPal
3447,957,722,20240712,199.0,Success,PayPal
3448,957,722,20240811,199.0,Success,Debit Card
3449,957,722,20240910,-199.0,Refunded,Wallet
3450,957,722,20241010,199.0,Success,Credit Card
3451,958,723,20230627,199.0,Success,Debit Card
3452,959,724,20230711,499.0,Success,Debit Card
3453,959,724,20230810,499.0,Success,Credit Card
3454,959,724,20230909,499.0,Success,UPI
3455,959,724,20231009,499.0,Success,Debit Card
3456,959,724,20231108,499.0,Success,Credit Card
3457,959,724,20231208,499.0,Success,Debit Card
3458,960,725,20240103,799.0,Success,Credit Card
3459,961,726,20240129,799.0,Success,Wallet
3460,962,727,20241202,199.0,Success,Debit Card
3461,963,728,20240515,199.0,Success,Wallet
3462,963,728,20240614,199.0,Success,Debit Card
3463,963,728,20240714,199.0,Success,Debit Card
3464,963,728,20240813,199.0,Success,Credit Card
3465,963,728,20240912,199.0,Success,Credit Card
3466,963,728,20241012,199.0,Success,Credit Card
3467,964,728,20241124,799.0,Success,Credit Card
3468,965,729,20230814,199.0,Success,Wallet
3469,965,729,20230913,199.0,Success,UPI
3470,965,729,20231013,199.0,Success,Credit Card
3471,965,729,20231112,199.0,Success,PayPal
3472,965,729,20231212,199.0,Success,UPI
3473,965,729,20240111,199.0,Success,UPI
3474,965,729,20240210,199.0,Success,Wallet
3475,965,729,20240311,199.0,Success,Wallet
3476,965,729,20240410,199.0,Success,UPI
3477,965,729,20240510,199.0,Success,UPI
3478,965,729,20240609,199.0,Success,Wallet
3479,965,729,20240709,199.0,Success,PayPal
3480,966,730,20231023,799.0,Success,UPI
3481,967,731,20240522,149.0,Success,UPI
3482,967,731,20240621,149.0,Success,Debit Card
3483,967,731,20240721,149.0,Success,UPI
3484,967,731,20240820,149.0,Success,UPI
3485,967,731,20240919,149.0,Success,Debit Card
3486,967,731,20241019,149.0,Success,Wallet
3487,968,731,20241206,499.0,Success,PayPal
3488,969,732,20231002,149.0,Success,Credit Card
3489,970,733,20230212,499.0,Success,UPI
3490,970,733,20230314,499.0,Success,Credit Card
3491,970,733,20230413,499.0,Success,UPI
3492,970,733,20230513,499.0,Success,Debit Card
3493,970,733,20230612,499.0,Success,PayPal
3494,970,733,20230712,499.0,Success,Wallet
3495,971,734,20240311,499.0,Success,PayPal
3496,972,735,20230911,149.0,Success,UPI
3497,973,736,20230927,499.0,Success,UPI
3498,973,736,20231027,499.0,Success,PayPal
3499,973,736,20231126,499.0,Success,Wallet
3500,974,736,20240111,499.0,Success,Debit Card
3501,974,736,20240210,499.0,Success,UPI
3502,974,736,20240311,499.0,Success,Credit Card
3503,975,737,20230501,199.0,Success,PayPal
3504,975,737,20230531,199.0,Success,Wallet
3505,975,737,20230630,199.0,Success,Wallet
3506,975,737,20230730,199.0,Success,Debit Card
3507,975,737,20230829,199.0,Success,Wallet
3508,975,737,20230928,199.0,Success,PayPal
3509,976,737,20231114,149.0,Success,Credit Card
3510,977,738,20241206,499.0,Success,Debit Card
3511,978,739,20240314,499.0,Success,UPI
3512,978,739,20240413,499.0,Success,UPI
3513,978,739,20240513,499.0,Success,PayPal
3514,978,739,20240612,499.0,Success,PayPal
3515,978,739,20240712,499.0,Success,Wallet
3516,978,739,20240811,499.0,Success,PayPal
3517,978,739,20240910,499.0,Success,Debit Card
3518,978,739,20241010,499.0,Success,Debit Card
3519,978,739,20241109,499.0,Success,Wallet
3520,979,740,20230731,149.0,Success,Wallet
3521,979,740,20230830,149.0,Success,UPI
3522,979,740,20230929,149.0,Success,Wallet
3523,980,741,20240903,799.0,Success,PayPal
3524,980,741,20241003,799.0,Success,UPI
3525,980,741,20241102,799.0,Success,Credit Card
3526,981,742,20231027,149.0,Success,PayPal
3527,981,742,20231126,149.0,Failed,Wallet
3528,981,742,20231226,149.0,Success,Debit Card
3529,982,742,20240204,799.0,Success,UPI
3530,983,742,20240317,499.0,Success,PayPal
3531,984,743,20240610,199.0,Success,Credit Card
3532,984,743,20240710,199.0,Success,Credit Card
3533,984,743,20240809,199.0,Success,Wallet
3534,984,743,20240908,199.0,Failed,Wallet
3535,984,743,20241008,199.0,Success,Wallet
3536,984,743,20241107,199.0,Success,Credit Card
3537,985,744,20240226,199.0,Success,PayPal
3538,986,745,20230510,199.0,Success,Debit Card
3539,987,745,20230611,199.0,Success,UPI
3540,987,745,20230711,199.0,Success,PayPal
3541,987,745,20230810,199.0,Success,Wallet
3542,987,745,20230909,199.0,Success,UPI
3543,987,745,20231009,199.0,Success,PayPal
3544,987,745,20231108,199.0,Failed,PayPal
3545,988,746,20241229,199.0,Success,Debit Card
3546,989,747,20241123,149.0,Success,Wallet
3547,990,748,20231003,499.0,Success,Debit Card
3548,991,749,20241010,799.0,Success,PayPal
3549,991,749,20241109,799.0,Success,Wallet
3550,992,750,20241212,199.0,Success,UPI
3551,993,751,20240818,149.0,Success,Debit Card
3552,993,751,20240917,149.0,Success,PayPal
3553,993,751,20241017,149.0,Success,Wallet
3554,994,752,20230406,199.0,Success,UPI
3555,995,752,20230519,199.0,Success,Credit Card
3556,996,752,20230628,499.0,Success,PayPal
3557,997,753,20241215,799.0,Success,Wallet
3558,998,754,20240212,799.0,Success,PayPal
3559,999,754,20240314,149.0,Success,Debit Card
3560,1000,754,20240419,499.0,Success,PayPal
3561,1000,754,20240519,499.0,Success,PayPal
3562,1000,754,20240618,499.0,Success,Wallet
3563,1000,754,20240718,499.0,Success,Wallet
3564,1000,754,20240817,-499.0,Refunded,Credit Card
3565,1000,754,20240916,499.0,Success,Credit Card
3566,1001,755,20240521,799.0,Success,Credit Card
3567,1002,756,20240714,199.0,Success,Debit Card
3568,1003,756,20240822,499.0,Success,PayPal
3569,1003,756,20240921,499.0,Success,Credit Card
3570,1003,756,20241021,499.0,Success,Wallet
3571,1004,757,20231218,199.0,Success,Credit Card
3572,1005,758,20241003,149.0,Success,Wallet
3573,1006,758,20241111,199.0,Success,UPI
3574,1007,759,20230611,199.0,Success,Debit Card
3575,1008,760,20240314,499.0,Success,Credit Card
3576,1008,760,20240413,499.0,Success,Debit Card
3577,1008,760,20240513,499.0,Success,Wallet
3578,1008,760,20240612,499.0,Success,PayPal
3579,1008,760,20240712,499.0,Success,Debit Card
3580,1008,760,20240811,499.0,Success,Credit Card
3581,1008,760,20240910,499.0,Success,Debit Card
3582,1008,760,20241010,499.0,Failed,Credit Card
3583,1008,760,20241109,499.0,Success,UPI
3584,1009,761,20241027,799.0,Success,Credit Card
3585,1009,761,20241126,799.0,Success,Wallet
3586,1010,762,20231008,799.0,Success,Credit Card
3587,1010,762,20231107,799.0,Success,UPI
3588,1010,762,20231207,799.0,Success,UPI
3589,1010,762,20240106,799.0,Success,PayPal
3590,1010,762,20240205,799.0,Success,Debit Card
3591,1010,762,20240306,799.0,Success,UPI
3592,1011,763,20240116,199.0,Success,UPI
3593,1012,764,20240210,199.0,Success,PayPal
3594,1013,764,20240325,149.0,Success,Debit Card
3595,1013,764,20240424,149.0,Failed,Debit Card
3596,1013,764,20240524,149.0,Success,Credit Card
3597,1014,764,20240630,149.0,Success,Credit Card
3598,1014,764,20240730,149.0,Success,PayPal
3599,1014,764,20240829,149.0,Success,UPI
3600,1014,764,20240928,149.0,Success,PayPal
3601,1014,764,20241028,149.0,Success,PayPal
3602,1014,764,20241127,149.0,Success,Debit Card
3603,1015,765,20230828,499.0,Success,Debit Card
3604,1015,765,20230927,499.0,Success,Wallet
3605,1015,765,20231027,499.0,Success,Debit Card
3606,1015,765,20231126,499.0,Success,UPI
3607,1015,765,20231226,499.0,Success,Credit Card
3608,1015,765,20240125,499.0,Success,Wallet
3609,1015,765,20240224,499.0,Success,Debit Card
3610,1015,765,20240325,499.0,Success,UPI
3611,1015,765,20240424,499.0,Success,Debit Card
3612,1015,765,20240524,499.0,Success,Debit Card
3613,1015,765,20240623,499.0,Success,PayPal
3614,1015,765,20240723,499.0,Success,Debit Card
3615,1016,766,20230102,499.0,Success,UPI
3616,1017,767,20230820,799.0,Success,Debit Card
3617,1017,767,20230919,799.0,Success,Wallet
3618,1017,767,20231019,799.0,Success,Credit Card
3619,1018,768,20241213,199.0,Success,UPI
3620,1019,769,20240308,799.0,Success,Credit Card
3621,1019,769,20240407,799.0,Success,Debit Card
3622,1019,769,20240507,-799.0,Refunded,Credit Card
3623,1020,770,20240128,149.0,Success,PayPal
3624,1020,770,20240227,149.0,Success,UPI
3625,1020,770,20240328,149.0,Success,UPI
3626,1020,770,20240427,149.0,Success,Wallet
3627,1020,770,20240527,149.0,Success,Wallet
3628,1020,770,20240626,149.0,Success,UPI
3629,1020,770,20240726,149.0,Failed,Credit Card
3630,1020,770,20240825,149.0,Success,UPI
3631,1020,770,20240924,149.0,Success,Debit Card
3632,1020,770,20241024,149.0,Success,Credit Card
3633,1020,770,20241123,149.0,Success,Debit Card
3634,1021,771,20231117,499.0,Success,UPI
3635,1021,771,20231217,499.0,Success,Wallet
3636,1021,771,20240116,499.0,Success,UPI
3637,1021,771,20240215,499.0,Success,Debit Card
3638,1021,771,20240316,499.0,Failed,UPI
3639,1021,771,20240415,499.0,Success,Credit Card
3640,1021,771,20240515,499.0,Success,PayPal
3641,1021,771,20240614,499.0,Success,UPI
3642,1021,771,20240714,499.0,Success,UPI
3643,1021,771,20240813,499.0,Success,Credit Card
3644,1021,771,20240912,499.0,Success,Wallet
3645,1021,771,20241012,499.0,Success,Debit Card
3646,1022,772,20230517,799.0,Success,Debit Card
3647,1022,772,20230616,799.0,Success,Debit Card
3648,1022,772,20230716,799.0,Success,Wallet
3649,1023,773,20240627,-199.0,Refunded,Credit Card
3650,1023,773,20240727,199.0,Success,Wallet
3651,1023,773,20240826,199.0,Success,Wallet
3652,1023,773,20240925,199.0,Success,Wallet
3653,1023,773,20241025,199.0,Success,PayPal
3654,1023,773,20241124,199.0,Success,Credit Card
3655,1024,774,20240326,199.0,Success,Debit Card
3656,1024,774,20240425,199.0,Success,UPI
3657,1024,774,20240525,199.0,Success,UPI
3658,1024,774,20240624,199.0,Failed,Credit Card
3659,1024,774,20240724,199.0,Success,UPI
3660,1024,774,20240823,-199.0,Refunded,Debit Card
3661,1024,774,20240922,199.0,Success,Credit Card
3662,1024,774,20241022,199.0,Success,Credit Card
3663,1024,774,20241121,199.0,Success,Wallet
3664,1025,775,20230605,499.0,Success,Credit Card
3665,1026,776,20230811,149.0,Success,PayPal
3666,1027,777,20230507,799.0,Failed,PayPal
3667,1027,777,20230606,799.0,Success,Credit Card
3668,1027,777,20230706,799.0,Success,Wallet
3669,1028,778,20240315,799.0,Success,Debit Card
3670,1028,778,20240414,799.0,Success,Debit Card
3671,1028,778,20240514,799.0,Success,UPI
3672,1028,778,20240613,799.0,Success,Debit Card
3673,1028,778,20240713,799.0,Success,Debit Card
3674,1028,778,20240812,799.0,Success,PayPal
3675,1028,778,20240911,799.0,Success,PayPal
3676,1028,778,20241011,799.0,Success,Debit Card
3677,1028,778,20241110,799.0,Success,PayPal
3678,1029,779,20241022,149.0,Success,PayPal
3679,1029,779,20241121,149.0,Success,UPI
3680,1030,780,20240914,499.0,Success,UPI
3681,1030,780,20241014,499.0,Success,UPI
3682,1030,780,20241113,499.0,Success,PayPal
3683,1031,781,20241105,499.0,Success,PayPal
3684,1032,782,20230713,149.0,Success,Credit Card
3685,1033,783,20230903,149.0,Success,PayPal
3686,1033,783,20231003,149.0,Success,Debit Card
3687,1033,783,20231102,149.0,Success,PayPal
3688,1034,783,20231207,199.0,Success,UPI
3689,1034,783,20240106,199.0,Failed,PayPal
3690,1034,783,20240205,199.0,Success,Debit Card
3691,1035,784,20241015,499.0,Success,UPI
3692,1036,784,20241117,199.0,Success,UPI
3693,1037,785,20230113,199.0,Success,UPI
3694,1038,786,20240805,499.0,Success,Wallet
3695,1039,787,20240427,199.0,Success,Credit Card
3696,1039,787,20240527,199.0,Success,UPI
3697,1039,787,20240626,199.0,Success,PayPal
3698,1040,788,20230926,149.0,Success,Credit Card
3699,1041,789,20240212,199.0,Success,Debit Card
3700,1041,789,20240313,199.0,Success,PayPal
3701,1041,789,20240412,199.0,Success,PayPal
3702,1041,789,20240512,199.0,Success,PayPal
3703,1041,789,20240611,199.0,Success,Credit Card
3704,1041,789,20240711,199.0,Success,UPI
3705,1041,789,20240810,199.0,Success,Debit Card
3706,1041,789,20240909,199.0,Success,Wallet
3707,1041,789,20241009,199.0,Success,Debit Card
3708,1041,789,20241108,199.0,Success,Wallet
3709,1042,790,20240301,149.0,Success,Debit Card
3710,1042,790,20240331,149.0,Success,Wallet
3711,1042,790,20240430,149.0,Success,UPI
3712,1042,790,20240530,149.0,Success,Debit Card
3713,1042,790,20240629,149.0,Success,PayPal
3714,1042,790,20240729,149.0,Success,Credit Card
3715,1043,791,20240703,199.0,Success,Debit Card
3716,1044,792,20231114,149.0,Success,Credit Card
3717,1044,792,20231214,149.0,Success,UPI
3718,1044,792,20240113,149.0,Success,Credit Card
3719,1044,792,20240212,149.0,Success,Credit Card
3720,1044,792,20240313,149.0,Success,Debit Card
3721,1044,792,20240412,149.0,Success,UPI
3722,1044,792,20240512,149.0,Success,Debit Card
3723,1044,792,20240611,149.0,Success,Debit Card
3724,1044,792,20240711,149.0,Success,Wallet
3725,1044,792,20240810,149.0,Success,Credit Card
3726,1044,792,20240909,149.0,Success,PayPal
3727,1044,792,20241009,149.0,Success,Debit Card
3728,1045,793,20230609,-199.0,Refunded,PayPal
3729,1045,793,20230709,199.0,Success,Wallet
3730,1045,793,20230808,199.0,Success,Wallet
3731,1045,793,20230907,199.0,Success,Wallet
3732,1045,793,20231007,199.0,Success,UPI
3733,1045,793,20231106,199.0,Success,Wallet
3734,1045,793,20231206,199.0,Success,Debit Card
3735,1045,793,20240105,199.0,Success,UPI
3736,1045,793,20240204,199.0,Success,PayPal
3737,1045,793,20240305,199.0,Success,PayPal
3738,1045,793,20240404,199.0,Success,Debit Card
3739,1045,793,20240504,199.0,Success,Debit Card
3740,1046,794,20241027,149.0,Success,Wallet
3741,1047,794,20241204,799.0,Success,Credit Card
3742,1048,795,20240323,499.0,Success,Debit Card
3743,1049,796,20230908,-199.0,Refunded,Wallet
3744,1050,796,20231027,799.0,Success,Wallet
3745,1050,796,20231126,799.0,Success,Credit Card
3746,1050,796,20231226,799.0,Success,Debit Card
3747,1050,796,20240125,799.0,Success,PayPal
3748,1050,796,20240224,799.0,Success,Credit Card
3749,1050,796,20240325,799.0,Success,Wallet
3750,1050,796,20240424,799.0,Success,Credit Card
3751,1050,796,20240524,799.0,Success,Debit Card
3752,1050,796,20240623,799.0,Success,PayPal
3753,1050,796,20240723,799.0,Success,UPI
3754,1050,796,20240822,799.0,Success,Wallet
3755,1050,796,20240921,799.0,Success,Debit Card
3756,1051,797,20240918,199.0,Success,Wallet
3757,1051,797,20241018,199.0,Success,UPI
3758,1051,797,20241117,199.0,Success,UPI
3759,1052,798,20241104,499.0,Success,PayPal
3760,1053,799,20230521,199.0,Success,Credit Card
3761,1053,799,20230620,199.0,Success,UPI
3762,1053,799,20230720,199.0,Success,Debit Card
3763,1053,799,20230819,199.0,Success,Credit Card
3764,1053,799,20230918,199.0,Success,Credit Card
3765,1053,799,20231018,199.0,Success,PayPal
3766,1054,800,20231222,499.0,Success,Debit Card
3767,1055,800,20240210,199.0,Success,Debit Card
3768,1056,801,20230923,499.0,Success,Credit Card
3769,1057,802,20231003,149.0,Success,PayPal
3770,1057,802,20231102,149.0,Failed,UPI
3771,1057,802,20231202,149.0,Success,Wallet
3772,1058,803,20230131,499.0,Success,Credit Card
3773,1058,803,20230302,499.0,Success,Credit Card
3774,1058,803,20230401,499.0,Success,Credit Card
3775,1059,803,20230502,499.0,Success,UPI
3776,1059,803,20230601,499.0,Success,UPI
3777,1059,803,20230701,499.0,Success,Debit Card
3778,1059,803,20230731,499.0,Success,PayPal
3779,1059,803,20230830,499.0,Success,UPI
3780,1059,803,20230929,499.0,Success,Debit Card
3781,1059,803,20231029,499.0,Success,PayPal
3782,1059,803,20231128,499.0,Success,UPI
3783,1059,803,20231228,499.0,Success,UPI
3784,1059,803,20240127,499.0,Success,UPI
3785,1059,803,20240226,499.0,Success,Debit Card
3786,1059,803,20240327,499.0,Success,Debit Card
3787,1060,804,20230307,799.0,Success,Wallet
3788,1060,804,20230406,799.0,Failed,PayPal
3789,1060,804,20230506,799.0,Success,Wallet
3790,1060,804,20230605,799.0,Success,Credit Card
3791,1060,804,20230705,799.0,Success,UPI
3792,1060,804,20230804,799.0,Success,Debit Card
3793,1061,805,20230320,499.0,Success,Debit Card
3794,1061,805,20230419,499.0,Success,Credit Card
3795,1061,805,20230519,499.0,Success,Credit Card
3796,1061,805,20230618,499.0,Success,PayPal
3797,1061,805,20230718,499.0,Success,Debit Card
3798,1061,805,20230817,499.0,Success,Debit Card
3799,1062,805,20230927,149.0,Success,PayPal
3800,1062,805,20231027,149.0,Success,PayPal
3801,1062,805,20231126,149.0,Success,Wallet
3802,1062,805,20231226,-149.0,Refunded,Debit Card
3803,1062,805,20240125,149.0,Success,UPI
3804,1062,805,20240224,149.0,Success,Debit Card
3805,1062,805,20240325,149.0,Success,PayPal
3806,1062,805,20240424,149.0,Success,Wallet
3807,1062,805,20240524,149.0,Success,Credit Card
3808,1062,805,20240623,149.0,Success,Wallet
3809,1062,805,20240723,149.0,Success,PayPal
3810,1062,805,20240822,149.0,Success,Wallet
3811,1063,806,20240526,199.0,Success,UPI
3812,1064,807,20230416,149.0,Success,PayPal
3813,1064,807,20230516,149.0,Success,Credit Card
3814,1064,807,20230615,149.0,Success,Credit Card
3815,1065,807,20230803,199.0,Success,Wallet
3816,1066,808,20240605,199.0,Success,Debit Card
3817,1067,809,20230908,149.0,Success,Debit Card
3818,1068,809,20231010,499.0,Success,Wallet
3819,1069,810,20230603,799.0,Success,UPI
3820,1069,810,20230703,799.0,Success,Debit Card
3821,1069,810,20230802,799.0,Success,Credit Card
3822,1069,810,20230901,799.0,Success,Credit Card
3823,1069,810,20231001,799.0,Success,Credit Card
3824,1069,810,20231031,799.0,Success,Wallet
3825,1070,810,20231211,149.0,Success,Credit Card
3826,1070,810,20240110,149.0,Success,Credit Card
3827,1070,810,20240209,149.0,Success,PayPal
3828,1070,810,20240310,149.0,Success,Debit Card
3829,1070,810,20240409,149.0,Success,Debit Card
3830,1070,810,20240509,149.0,Success,UPI
3831,1071,810,20240609,149.0,Success,Wallet
3832,1072,811,20240720,149.0,Success,PayPal
3833,1072,811,20240819,149.0,Success,PayPal
3834,1072,811,20240918,149.0,Success,PayPal
3835,1073,812,20231126,799.0,Success,UPI
3836,1074,812,20240108,149.0,Success,UPI
3837,1075,813,20231005,499.0,Success,PayPal
3838,1075,813,20231104,499.0,Success,UPI
3839,1075,813,20231204,499.0,Success,Wallet
3840,1075,813,20240103,499.0,Success,PayPal
3841,1075,813,20240202,499.0,Success,Credit Card
3842,1075,813,20240303,499.0,Success,PayPal
3843,1075,813,20240402,499.0,Success,Debit Card
3844,1075,813,20240502,499.0,Success,Wallet
3845,1075,813,20240601,499.0,Success,UPI
3846,1075,813,20240701,499.0,Success,PayPal
3847,1075,813,20240731,499.0,Success,Credit Card
3848,1075,813,20240830,499.0,Success,Debit Card
3849,1076,813,20240929,799.0,Success,UPI
3850,1076,813,20241029,799.0,Success,UPI
3851,1076,813,20241128,799.0,Success,PayPal
3852,1077,814,20241120,499.0,Success,Debit Card
3853,1078,815,20230217,199.0,Success,Debit Card
3854,1078,815,20230319,199.0,Success,Debit Card
3855,1078,815,20230418,199.0,Success,UPI
3856,1079,816,20231017,499.0,Success,PayPal
3857,1079,816,20231116,499.0,Success,UPI
3858,1079,816,20231216,499.0,Success,PayPal
3859,1080,817,20230109,799.0,Success,Wallet
3860,1081,817,20230224,199.0,Success,UPI
3861,1081,817,20230326,199.0,Success,Credit Card
3862,1081,817,20230425,199.0,Success,UPI
3863,1081,817,20230525,199.0,Success,UPI
3864,1081,817,20230624,199.0,Success,PayPal
3865,1081,817,20230724,199.0,Success,Debit Card
3866,1081,817,20230823,199.0,Success,UPI
3867,1081,817,20230922,199.0,Success,Credit Card
3868,1081,817,20231022,199.0,Success,PayPal
3869,1081,817,20231121,199.0,Success,UPI
3870,1081,817,20231221,199.0,Success,PayPal
3871,1081,817,20240120,199.0,Failed,Debit Card
3872,1082,817,20240309,199.0,Success,UPI
3873,1082,817,20240408,199.0,Success,Credit Card
3874,1082,817,20240508,199.0,Success,Wallet
3875,1082,817,20240607,199.0,Failed,UPI
3876,1082,817,20240707,199.0,Success,Credit Card
3877,1082,817,20240806,199.0,Success,PayPal
3878,1082,817,20240905,199.0,Success,PayPal
3879,1082,817,20241005,199.0,Success,Wallet
3880,1082,817,20241104,199.0,Success,PayPal
3881,1083,818,20231108,799.0,Success,UPI
3882,1084,818,20231226,149.0,Success,Wallet
3883,1084,818,20240125,149.0,Success,UPI
3884,1084,818,20240224,149.0,Success,Wallet
3885,1085,819,20240828,799.0,Success,PayPal
3886,1085,819,20240927,799.0,Success,UPI
3887,1085,819,20241027,799.0,Success,PayPal
3888,1085,819,20241126,799.0,Success,Credit Card
3889,1086,820,20240713,199.0,Success,Credit Card
3890,1086,820,20240812,199.0,Success,Debit Card
3891,1086,820,20240911,199.0,Success,Debit Card
3892,1087,821,20230125,499.0,Success,PayPal
3893,1088,822,20241211,799.0,Success,UPI
3894,1089,823,20241104,799.0,Success,Debit Card
3895,1090,824,20230417,799.0,Success,Debit Card
3896,1090,824,20230517,799.0,Success,Wallet
3897,1090,824,20230616,799.0,Success,PayPal
3898,1090,824,20230716,799.0,Success,UPI
3899,1090,824,20230815,799.0,Failed,Wallet
3900,1090,824,20230914,799.0,Success,UPI
3901,1091,825,20240518,799.0,Success,Debit Card
3902,1092,826,20231014,149.0,Success,Credit Card
3903,1092,826,20231113,149.0,Success,Credit Card
3904,1092,826,20231213,149.0,Success,Wallet
3905,1093,827,20240616,149.0,Success,Debit Card
3906,1094,827,20240720,199.0,Failed,Debit Card
3907,1095,828,20230328,799.0,Success,Debit Card
3908,1095,828,20230427,799.0,Success,UPI
3909,1095,828,20230527,799.0,Success,Credit Card
3910,1095,828,20230626,799.0,Success,UPI
3911,1095,828,20230726,799.0,Success,UPI
3912,1095,828,20230825,799.0,Success,UPI
3913,1095,828,20230924,799.0,Success,PayPal
3914,1095,828,20231024,-799.0,Refunded,Wallet
3915,1095,828,20231123,799.0,Failed,UPI
3916,1095,828,20231223,799.0,Failed,Debit Card
3917,1095,828,20240122,799.0,Success,PayPal
3918,1095,828,20240221,-799.0,Refunded,Debit Card
3919,1096,828,20240331,199.0,Success,Debit Card
3920,1096,828,20240430,199.0,Success,PayPal
3921,1096,828,20240530,199.0,Success,PayPal
3922,1097,828,20240711,499.0,Success,PayPal
3923,1097,828,20240810,499.0,Failed,Credit Card
3924,1097,828,20240909,499.0,Success,UPI
3925,1098,829,20240208,149.0,Success,Credit Card
3926,1098,829,20240309,149.0,Success,UPI
3927,1098,829,20240408,149.0,Success,Debit Card
3928,1099,829,20240513,199.0,Success,PayPal
3929,1100,830,20241109,199.0,Success,UPI
3930,1101,831,20231119,799.0,Success,Debit Card
3931,1102,832,20231122,499.0,Success,Credit Card
3932,1103,833,20230727,199.0,Success,Debit Card
3933,1103,833,20230826,199.0,Success,Wallet
3934,1103,833,20230925,199.0,Success,PayPal
3935,1104,834,20230609,199.0,Success,Credit Card
3936,1104,834,20230709,199.0,Success,Wallet
3937,1104,834,20230808,199.0,Success,Credit Card
3938,1104,834,20230907,199.0,Success,Debit Card
3939,1104,834,20231007,199.0,Success,PayPal
3940,1104,834,20231106,199.0,Success,Debit Card
3941,1105,834,20231213,149.0,Success,Debit Card
3942,1106,835,20240221,199.0,Success,Wallet
3943,1106,835,20240322,199.0,Success,Wallet
3944,1106,835,20240421,199.0,Success,Debit Card
3945,1106,835,20240521,199.0,Success,Credit Card
3946,1106,835,20240620,199.0,Success,Credit Card
3947,1106,835,20240720,199.0,Success,Wallet
3948,1107,835,20240830,499.0,Success,Debit Card
3949,1108,835,20241001,799.0,Success,UPI
3950,1108,835,20241031,799.0,Success,Debit Card
3951,1108,835,20241130,799.0,Success,UPI
3952,1109,836,20230801,799.0,Success,Debit Card
3953,1109,836,20230831,799.0,Success,Wallet
3954,1109,836,20230930,799.0,Success,Debit Card
3955,1110,836,20231110,799.0,Failed,Debit Card
3956,1111,837,20230503,799.0,Success,Wallet
3957,1111,837,20230602,799.0,Success,UPI
3958,1111,837,20230702,799.0,Success,Credit Card
3959,1112,837,20230821,149.0,Failed,Credit Card
3960,1113,838,20241222,199.0,Success,UPI
3961,1114,839,20231202,499.0,Success,Wallet
3962,1114,839,20240101,499.0,Success,PayPal
3963,1114,839,20240131,499.0,Success,Debit Card
3964,1114,839,20240301,499.0,Success,Wallet
3965,1114,839,20240331,499.0,Success,UPI
3966,1114,839,20240430,499.0,Success,Credit Card
3967,1115,840,20231231,149.0,Success,PayPal
3968,1115,840,20240130,149.0,Success,PayPal
3969,1115,840,20240229,-149.0,Refunded,Wallet
3970,1116,841,20230924,199.0,Success,UPI
3971,1116,841,20231024,199.0,Success,Debit Card
3972,1116,841,20231123,199.0,Success,Wallet
3973,1117,842,20240408,799.0,Success,Credit Card
3974,1118,843,20240418,199.0,Success,Wallet
3975,1118,843,20240518,199.0,Success,PayPal
3976,1118,843,20240617,199.0,Success,Wallet
3977,1119,843,20240802,199.0,Success,Debit Card
3978,1120,844,20230113,499.0,Success,UPI
3979,1121,845,20230514,199.0,Success,PayPal
3980,1121,845,20230613,199.0,Success,PayPal
3981,1121,845,20230713,199.0,Success,PayPal
3982,1121,845,20230812,199.0,Success,Wallet
3983,1121,845,20230911,199.0,Success,Credit Card
3984,1121,845,20231011,199.0,Success,Credit Card
3985,1122,846,20241007,199.0,Success,PayPal
3986,1123,847,20230318,199.0,Success,Wallet
3987,1123,847,20230417,199.0,Success,Debit Card
3988,1123,847,20230517,199.0,Success,UPI
3989,1123,847,20230616,199.0,Success,UPI
3990,1123,847,20230716,-199.0,Refunded,PayPal
3991,1123,847,20230815,199.0,Success,PayPal
3992,1124,848,20241023,199.0,Success,PayPal
3993,1125,849,20231206,149.0,Success,PayPal
3994,1126,850,20230622,499.0,Success,Wallet
3995,1126,850,20230722,499.0,Success,UPI
3996,1126,850,20230821,499.0,Success,Wallet
3997,1126,850,20230920,499.0,Success,Debit Card
3998,1126,850,20231020,499.0,Success,PayPal
3999,1126,850,20231119,499.0,Success,Credit Card
4000,1126,850,20231219,499.0,Success,Wallet
4001,1126,850,20240118,499.0,Success,UPI
4002,1126,850,20240217,499.0,Success,Debit Card
4003,1126,850,20240318,499.0,Success,Wallet
4004,1126,850,20240417,499.0,Success,PayPal
4005,1126,850,20240517,499.0,Success,Wallet
4006,1127,851,20240523,799.0,Success,Debit Card
4007,1128,851,20240711,799.0,Success,UPI
4008,1129,852,20231229,149.0,Success,Credit Card
4009,1130,853,20240401,499.0,Success,Wallet
4010,1131,854,20230909,799.0,Success,UPI
4011,1132,854,20231022,149.0,Success,UPI
4012,1133,855,20240717,149.0,Success,Wallet
4013,1134,855,20240902,149.0,Success,Debit Card
4014,1135,856,20230521,199.0,Success,UPI
4015,1135,856,20230620,199.0,Success,PayPal
4016,1135,856,20230720,199.0,Success,Debit Card
4017,1135,856,20230819,199.0,Success,Wallet
4018,1135,856,20230918,199.0,Success,PayPal
4019,1135,856,20231018,199.0,Success,Debit Card
4020,1135,856,20231117,199.0,Success,PayPal
4021,1135,856,20231217,199.0,Success,PayPal
4022,1135,856,20240116,199.0,Success,Wallet
4023,1135,856,20240215,199.0,Success,Debit Card
4024,1135,856,20240316,199.0,Success,Debit Card
4025,1135,856,20240415,199.0,Success,Debit Card
4026,1136,856,20240521,149.0,Success,UPI
4027,1137,857,20240622,199.0,Success,PayPal
4028,1137,857,20240722,199.0,Success,Debit Card
4029,1137,857,20240821,199.0,Success,PayPal
4030,1138,858,20230120,499.0,Success,Debit Card
4031,1138,858,20230219,499.0,Success,UPI
4032,1138,858,20230321,499.0,Success,PayPal
4033,1138,858,20230420,499.0,Success,Wallet
4034,1138,858,20230520,499.0,Success,Wallet
4035,1138,858,20230619,-499.0,Refunded,Debit Card
4036,1138,858,20230719,499.0,Success,PayPal
4037,1138,858,20230818,499.0,Success,Credit Card
4038,1138,858,20230917,499.0,Success,UPI
4039,1138,858,20231017,499.0,Success,PayPal
4040,1138,858,20231116,499.0,Failed,Debit Card
4041,1138,858,20231216,499.0,Success,Debit Card
4042,1139,859,20240711,199.0,Success,Debit Card
4043,1139,859,20240810,199.0,Success,UPI
4044,1139,859,20240909,199.0,Success,UPI
4045,1139,859,20241009,199.0,Success,PayPal
4046,1139,859,20241108,199.0,Failed,PayPal
4047,1140,860,20231126,799.0,Success,PayPal
4048,1140,860,20231226,799.0,Success,Credit Card
4049,1140,860,20240125,799.0,Success,Credit Card
4050,1140,860,20240224,799.0,Success,UPI
4051,1140,860,20240325,799.0,Success,Credit Card
4052,1140,860,20240424,799.0,Success,UPI
4053,1140,860,20240524,-799.0,Refunded,Wallet
4054,1140,860,20240623,799.0,Success,PayPal
4055,1140,860,20240723,799.0,Success,Credit Card
4056,1140,860,20240822,799.0,Success,Wallet
4057,1140,860,20240921,799.0,Success,Credit Card
4058,1140,860,20241021,799.0,Failed,PayPal
4059,1141,861,20240903,499.0,Success,Wallet
4060,1141,861,20241003,499.0,Success,PayPal
4061,1141,861,20241102,499.0,Success,Debit Card
4062,1142,861,20241210,499.0,Success,Wallet
4063,1143,862,20231015,499.0,Success,Wallet
4064,1144,863,20240102,199.0,Success,PayPal
4065,1145,864,20230413,799.0,Success,Wallet
4066,1145,864,20230513,799.0,Success,Wallet
4067,1145,864,20230612,799.0,Failed,PayPal
4068,1145,864,20230712,799.0,Success,Wallet
4069,1145,864,20230811,799.0,Success,Debit Card
4070,1145,864,20230910,799.0,Success,UPI
4071,1145,864,20231010,799.0,Success,UPI
4072,1145,864,20231109,799.0,Success,Wallet
4073,1145,864,20231209,799.0,Success,UPI
4074,1145,864,20240108,799.0,Success,Credit Card
4075,1145,864,20240207,799.0,Success,Debit Card
4076,1145,864,20240308,799.0,Success,Wallet
4077,1146,865,20230227,499.0,Success,UPI
4078,1147,866,20240202,499.0,Success,Credit Card
4079,1147,866,20240303,499.0,Success,Wallet
4080,1147,866,20240402,499.0,Success,PayPal
4081,1147,866,20240502,499.0,Success,Wallet
4082,1147,866,20240601,499.0,Success,UPI
4083,1147,866,20240701,499.0,Success,PayPal
4084,1147,866,20240731,499.0,Success,Credit Card
4085,1147,866,20240830,499.0,Success,Debit Card
4086,1147,866,20240929,499.0,Success,UPI
4087,1147,866,20241029,499.0,Success,UPI
4088,1147,866,20241128,499.0,Failed,Credit Card
4089,1148,867,20230627,199.0,Success,Wallet
4090,1148,867,20230727,199.0,Success,Wallet
4091,1148,867,20230826,199.0,Success,Debit Card
4092,1148,867,20230925,199.0,Success,Debit Card
4093,1148,867,20231025,199.0,Success,Credit Card
4094,1148,867,20231124,199.0,Success,Wallet
4095,1149,867,20240113,-149.0,Refunded,Debit Card
4096,1150,868,20241215,149.0,Success,Wallet
4097,1151,869,20241218,199.0,Failed,Credit Card
4098,1152,870,20240730,799.0,Success,Credit Card
4099,1153,871,20240519,199.0,Success,PayPal
4100,1154,872,20230403,799.0,Success,Wallet
4101,1154,872,20230503,799.0,Success,Debit Card
4102,1154,872,20230602,799.0,Success,UPI
4103,1154,872,20230702,799.0,Success,PayPal
4104,1154,872,20230801,799.0,Failed,PayPal
4105,1154,872,20230831,799.0,Success,Wallet
4106,1155,873,20240623,199.0,Success,Credit Card
4107,1155,873,20240723,199.0,Success,Debit Card
4108,1155,873,20240822,199.0,Success,Debit Card
4109,1156,874,20230726,799.0,Success,PayPal
4110,1156,874,20230825,799.0,Success,PayPal
4111,1156,874,20230924,799.0,Success,Wallet
4112,1157,874,20231026,499.0,Success,Debit Card
4113,1158,874,20231208,799.0,Success,Wallet
4114,1159,875,20231128,199.0,Success,Wallet
4115,1159,875,20231228,199.0,Success,Credit Card
4116,1159,875,20240127,199.0,Success,Credit Card
4117,1159,875,20240226,199.0,Success,Debit Card
4118,1159,875,20240327,199.0,Success,Debit Card
4119,1159,875,20240426,199.0,Success,Credit Card
4120,1159,875,20240526,199.0,Success,Credit Card
4121,1159,875,20240625,199.0,Success,PayPal
4122,1159,875,20240725,199.0,Success,Debit Card
4123,1159,875,20240824,199.0,Success,Credit Card
4124,1159,875,20240923,-199.0,Refunded,Wallet
4125,1159,875,20241023,199.0,Success,UPI
4126,1160,876,20230526,499.0,Success,Debit Card
4127,1160,876,20230625,499.0,Success,Credit Card
4128,1160,876,20230725,499.0,Success,Credit Card
4129,1160,876,20230824,499.0,Success,Debit Card
4130,1160,876,20230923,499.0,Success,Debit Card
4131,1160,876,20231023,499.0,Success,Wallet
4132,1160,876,20231122,499.0,Success,Credit Card
4133,1160,876,20231222,499.0,Success,UPI
4134,1160,876,20240121,499.0,Success,Debit Card
4135,1160,876,20240220,499.0,Success,Debit Card
4136,1160,876,20240321,499.0,Success,Credit Card
4137,1160,876,20240420,499.0,Success,Debit Card
4138,1161,876,20240606,149.0,Success,Debit Card
4139,1161,876,20240706,149.0,Success,PayPal
4140,1161,876,20240805,149.0,Success,Debit Card
4141,1162,877,20230316,499.0,Success,Credit Card
4142,1163,878,20240823,199.0,Success,UPI
4143,1163,878,20240922,199.0,Success,Credit Card
4144,1163,878,20241022,199.0,Success,Wallet
4145,1163,878,20241121,199.0,Success,Wallet
4146,1164,879,20230611,199.0,Success,Debit Card
4147,1165,880,20240513,149.0,Success,Credit Card
4148,1165,880,20240612,149.0,Success,Debit Card
4149,1165,880,20240712,149.0,Success,PayPal
4150,1165,880,20240811,149.0,Success,Credit Card
4151,1165,880,20240910,149.0,Success,Debit Card
4152,1165,880,20241010,149.0,Success,Debit Card
4153,1166,881,20240729,199.0,Success,Credit Card
4154,1166,881,20240828,199.0,Success,Wallet
4155,1166,881,20240927,199.0,Success,Wallet
4156,1166,881,20241027,199.0,Success,PayPal
4157,1166,881,20241126,199.0,Success,PayPal
4158,1167,882,20240101,499.0,Success,Debit Card
4159,1168,883,20240123,-199.0,Refunded,Credit Card
4160,1168,883,20240222,199.0,Success,Credit Card
4161,1168,883,20240323,199.0,Success,Debit Card
4162,1168,883,20240422,199.0,Success,Wallet
4163,1168,883,20240522,199.0,Success,UPI
4164,1168,883,20240621,199.0,Success,Wallet
4165,1168,883,20240721,199.0,Success,Credit Card
4166,1168,883,20240820,-199.0,Refunded,Debit Card
4167,1168,883,20240919,199.0,Success,Credit Card
4168,1168,883,20241019,199.0,Success,PayPal
4169,1168,883,20241118,199.0,Success,PayPal
4170,1169,884,20230701,499.0,Success,UPI
4171,1169,884,20230731,499.0,Success,PayPal
4172,1169,884,20230830,499.0,Success,Wallet
4173,1169,884,20230929,499.0,Success,Credit Card
4174,1169,884,20231029,499.0,Success,Credit Card
4175,1169,884,20231128,499.0,Success,Credit Card
4176,1170,884,20231228,149.0,Success,Credit Card
4177,1170,884,20240127,149.0,Success,Wallet
4178,1170,884,20240226,149.0,Success,Credit Card
4179,1171,885,20240809,149.0,Success,PayPal
4180,1171,885,20240908,149.0,Success,PayPal
4181,1171,885,20241008,149.0,Success,UPI
4182,1171,885,20241107,149.0,Success,Debit Card
4183,1172,886,20240804,499.0,Success,Debit Card
4184,1172,886,20240903,499.0,Success,UPI
4185,1172,886,20241003,499.0,Success,UPI
4186,1172,886,20241102,499.0,Success,Wallet
4187,1173,887,20240918,499.0,Success,Debit Card
4188,1174,888,20240523,799.0,Success,UPI
4189,1174,888,20240622,799.0,Success,Debit Card
4190,1174,888,20240722,799.0,Success,Wallet
4191,1175,888,20240906,799.0,Success,PayPal
4192,1176,889,20231222,-199.0,Refunded,Credit Card
4193,1176,889,20240121,199.0,Success,UPI
4194,1176,889,20240220,199.0,Success,Credit Card
4195,1177,889,20240401,149.0,Success,UPI
4196,1177,889,20240501,149.0,Success,UPI
4197,1177,889,20240531,149.0,Failed,PayPal
4198,1177,889,20240630,149.0,Success,UPI
4199,1177,889,20240730,149.0,Success,PayPal
4200,1177,889,20240829,149.0,Success,Wallet
4201,1178,890,20230401,799.0,Success,Credit Card
4202,1178,890,20230501,799.0,Success,Credit Card
4203,1178,890,20230531,799.0,Success,PayPal
4204,1178,890,20230630,799.0,Success,Credit Card
4205,1178,890,20230730,799.0,Success,Wallet
4206,1178,890,20230829,799.0,Success,PayPal
4207,1179,890,20230929,199.0,Success,Credit Card
4208,1180,890,20231115,149.0,Success,Debit Card
4209,1180,890,20231215,149.0,Success,PayPal
4210,1180,890,20240114,149.0,Success,Debit Card
4211,1180,890,20240213,149.0,Success,Wallet
4212,1180,890,20240314,149.0,Success,Debit Card
4213,1180,890,20240413,149.0,Success,Credit Card
4214,1181,891,20231210,149.0,Success,UPI
4215,1181,891,20240109,149.0,Success,Credit Card
4216,1181,891,20240208,149.0,Success,Credit Card
4217,1181,891,20240309,149.0,Success,Wallet
4218,1181,891,20240408,149.0,Success,Debit Card
4219,1181,891,20240508,149.0,Success,Wallet
4220,1181,891,20240607,149.0,Success,Credit Card
4221,1181,891,20240707,149.0,Success,Wallet
4222,1181,891,20240806,149.0,Success,Debit Card
4223,1181,891,20240905,149.0,Success,UPI
4224,1181,891,20241005,149.0,Success,Wallet
4225,1181,891,20241104,149.0,Success,Credit Card
4226,1182,892,20241210,149.0,Success,Debit Card
4227,1183,893,20230102,799.0,Success,Debit Card
4228,1183,893,20230201,799.0,Success,Debit Card
4229,1183,893,20230303,799.0,Success,Credit Card
4230,1184,894,20230620,499.0,Success,PayPal
4231,1184,894,20230720,499.0,Success,Credit Card
4232,1184,894,20230819,499.0,Success,Credit Card
4233,1184,894,20230918,499.0,Success,UPI
4234,1184,894,20231018,499.0,Success,Wallet
4235,1184,894,20231117,499.0,Success,Debit Card
4236,1185,895,20240713,149.0,Success,Debit Card
4237,1185,895,20240812,149.0,Success,UPI
4238,1185,895,20240911,149.0,Success,Credit Card
4239,1185,895,20241011,149.0,Success,Wallet
4240,1185,895,20241110,149.0,Success,Debit Card
4241,1186,896,20240814,149.0,Success,Debit Card
4242,1187,896,20241003,799.0,Success,UPI
4243,1188,896,20241114,499.0,Success,Debit Card
4244,1189,897,20240407,149.0,Success,PayPal
4245,1190,898,20230121,499.0,Success,PayPal
4246,1190,898,20230220,499.0,Success,Debit Card
4247,1190,898,20230322,499.0,Success,UPI
4248,1190,898,20230421,499.0,Success,Debit Card
4249,1190,898,20230521,499.0,Success,Credit Card
4250,1190,898,20230620,499.0,Success,Debit Card
4251,1191,899,20231217,499.0,Success,Credit Card
4252,1192,900,20230318,799.0,Success,Debit Card
4253,1192,900,20230417,799.0,Success,Credit Card
4254,1192,900,20230517,799.0,Success,Credit Card
4255,1192,900,20230616,799.0,Success,PayPal
4256,1192,900,20230716,799.0,Success,PayPal
4257,1192,900,20230815,799.0,Success,Wallet
4258,1192,900,20230914,799.0,Success,UPI
4259,1192,900,20231014,799.0,Success,UPI
4260,1192,900,20231113,799.0,Success,Debit Card
4261,1192,900,20231213,799.0,Success,Wallet
4262,1192,900,20240112,799.0,Success,Debit Card
4263,1192,900,20240211,799.0,Success,Debit Card
4264,1193,901,20231213,499.0,Success,PayPal
4265,1193,901,20240112,499.0,Success,PayPal
4266,1193,901,20240211,499.0,Success,Credit Card
4267,1194,902,20241222,499.0,Success,Credit Card
4268,1195,903,20240913,199.0,Success,Credit Card
4269,1195,903,20241013,199.0,Success,PayPal
4270,1195,903,20241112,199.0,Success,PayPal
4271,1196,904,20230730,499.0,Success,Wallet
4272,1196,904,20230829,499.0,Success,Credit Card
4273,1196,904,20230928,499.0,Success,Credit Card
4274,1196,904,20231028,499.0,Success,PayPal
4275,1196,904,20231127,499.0,Success,PayPal
4276,1196,904,20231227,499.0,Success,Wallet
4277,1196,904,20240126,499.0,Success,PayPal
4278,1196,904,20240225,499.0,Success,Debit Card
4279,1196,904,20240326,499.0,Success,Wallet
4280,1196,904,20240425,499.0,Success,Credit Card
4281,1196,904,20240525,499.0,Success,Debit Card
4282,1196,904,20240624,499.0,Success,UPI
4283,1197,905,20240707,799.0,Success,Credit Card
4284,1198,906,20230409,799.0,Success,UPI
4285,1199,906,20230526,499.0,Success,Debit Card
4286,1200,907,20240517,149.0,Success,Wallet
4287,1201,908,20230331,799.0,Success,PayPal
4288,1202,909,20240506,149.0,Success,UPI
4289,1203,909,20240610,199.0,Success,Debit Card
4290,1203,909,20240710,199.0,Success,PayPal
4291,1203,909,20240809,199.0,Success,PayPal
4292,1203,909,20240908,199.0,Success,Debit Card
4293,1203,909,20241008,199.0,Success,Credit Card
4294,1203,909,20241107,199.0,Success,Debit Card
4295,1204,910,20241015,799.0,Success,Debit Card
4296,1205,910,20241127,799.0,Success,Credit Card
4297,1206,911,20230429,199.0,Success,Wallet
4298,1207,912,20241107,799.0,Success,Wallet
4299,1208,913,20230709,499.0,Failed,UPI
4300,1208,913,20230808,499.0,Success,Credit Card
4301,1208,913,20230907,499.0,Success,PayPal
4302,1208,913,20231007,-499.0,Refunded,UPI
4303,1208,913,20231106,499.0,Success,Debit Card
4304,1208,913,20231206,499.0,Success,Credit Card
4305,1208,913,20240105,499.0,Success,UPI
4306,1208,913,20240204,499.0,Success,Credit Card
4307,1208,913,20240305,499.0,Success,UPI
4308,1208,913,20240404,499.0,Success,Debit Card
4309,1208,913,20240504,499.0,Success,Credit Card
4310,1208,913,20240603,499.0,Success,Wallet
4311,1209,913,20240703,499.0,Success,Wallet
4312,1209,913,20240802,499.0,Success,UPI
4313,1209,913,20240901,499.0,Success,Credit Card
4314,1210,914,20240401,799.0,Success,Credit Card
4315,1210,914,20240501,799.0,Success,UPI
4316,1210,914,20240531,799.0,Success,Credit Card
4317,1210,914,20240630,799.0,Success,PayPal
4318,1210,914,20240730,799.0,Success,UPI
4319,1210,914,20240829,799.0,Success,UPI
4320,1211,914,20241014,149.0,Success,Credit Card
4321,1212,915,20230820,199.0,Success,Wallet
4322,1212,915,20230919,199.0,Success,UPI
4323,1212,915,20231019,199.0,Success,Wallet
4324,1212,915,20231118,199.0,Success,UPI
4325,1212,915,20231218,199.0,Success,Debit Card
4326,1212,915,20240117,199.0,Success,Wallet
4327,1212,915,20240216,199.0,Success,UPI
4328,1212,915,20240317,199.0,Success,PayPal
4329,1212,915,20240416,199.0,Success,PayPal
4330,1212,915,20240516,199.0,Success,PayPal
4331,1212,915,20240615,199.0,Success,Credit Card
4332,1212,915,20240715,199.0,Success,Debit Card
4333,1213,916,20241214,499.0,Success,PayPal
4334,1214,917,20240708,499.0,Success,Wallet
4335,1214,917,20240807,499.0,Success,UPI
4336,1214,917,20240906,499.0,Success,PayPal
4337,1215,918,20240720,199.0,Success,PayPal
4338,1216,919,20240304,799.0,Success,Wallet
4339,1217,920,20240809,199.0,Success,PayPal
4340,1218,921,20230205,149.0,Success,Credit Card
4341,1219,922,20240808,149.0,Success,Credit Card
4342,1219,922,20240907,149.0,Success,Wallet
4343,1219,922,20241007,149.0,Success,Debit Card
4344,1219,922,20241106,149.0,Success,Credit Card
4345,1220,923,20240404,199.0,Success,PayPal
4346,1221,924,20230805,799.0,Success,PayPal
4347,1222,924,20230912,149.0,Success,UPI
4348,1222,924,20231012,149.0,Success,UPI
4349,1222,924,20231111,149.0,Success,Credit Card
4350,1222,924,20231211,149.0,Success,UPI
4351,1222,924,20240110,149.0,Success,Wallet
4352,1222,924,20240209,149.0,Success,Debit Card
4353,1222,924,20240310,149.0,Success,UPI
4354,1222,924,20240409,149.0,Success,UPI
4355,1222,924,20240509,-149.0,Refunded,Credit Card
4356,1222,924,20240608,149.0,Success,Credit Card
4357,1222,924,20240708,149.0,Success,PayPal
4358,1222,924,20240807,149.0,Success,Debit Card
4359,1223,925,20241130,199.0,Success,PayPal
4360,1224,926,20230601,199.0,Success,Debit Card
4361,1224,926,20230701,199.0,Success,PayPal
4362,1224,926,20230731,199.0,Success,Wallet
4363,1224,926,20230830,199.0,Success,PayPal
4364,1224,926,20230929,199.0,Success,Debit Card
4365,1224,926,20231029,199.0,Success,Debit Card
4366,1225,927,20230310,199.0,Success,Wallet
4367,1226,927,20230420,199.0,Success,Debit Card
4368,1227,928,20231130,499.0,Success,Wallet
4369,1227,928,20231230,499.0,Success,Credit Card
4370,1227,928,20240129,499.0,Failed,Credit Card
4371,1227,928,20240228,499.0,Success,Wallet
4372,1227,928,20240329,499.0,Success,Debit Card
4373,1227,928,20240428,499.0,Success,Debit Card
4374,1228,928,20240602,499.0,Success,Credit Card
4375,1229,929,20230113,-199.0,Refunded,UPI
4376,1230,930,20240305,499.0,Success,Credit Card
4377,1231,931,20240825,499.0,Success,Credit Card
4378,1231,931,20240924,499.0,Success,Debit Card
4379,1231,931,20241024,499.0,Success,Credit Card
4380,1232,932,20230419,149.0,Success,Debit Card
4381,1232,932,20230519,149.0,Success,UPI
4382,1232,932,20230618,149.0,Success,Credit Card
4383,1232,932,20230718,149.0,Success,PayPal
4384,1232,932,20230817,149.0,Success,Debit Card
4385,1232,932,20230916,149.0,Success,PayPal
4386,1233,932,20231016,149.0,Success,Wallet
4387,1233,932,20231115,149.0,Failed,Credit Card
4388,1233,932,20231215,149.0,Success,Credit Card
4389,1233,932,20240114,149.0,Success,Wallet
4390,1233,932,20240213,149.0,Success,Wallet
4391,1233,932,20240314,149.0,Success,Credit Card
4392,1234,932,20240428,799.0,Success,UPI
4393,1234,932,20240528,799.0,Success,Credit Card
4394,1234,932,20240627,799.0,Success,Debit Card
4395,1235,933,20240702,799.0,Success,UPI
4396,1236,934,20241101,799.0,Success,Credit Card
4397,1236,934,20241201,799.0,Success,PayPal
4398,1237,935,20230626,499.0,Success,UPI
4399,1238,935,20230804,149.0,Success,Credit Card
4400,1239,936,20241128,199.0,Success,Credit Card
4401,1240,937,20231206,799.0,Failed,PayPal
4402,1241,938,20231003,799.0,Success,UPI
4403,1241,938,20231102,799.0,Success,PayPal
4404,1241,938,20231202,799.0,Success,Credit Card
4405,1241,938,20240101,799.0,Success,Credit Card
4406,1241,938,20240131,799.0,Success,PayPal
4407,1241,938,20240301,799.0,Success,Credit Card
4408,1241,938,20240331,799.0,Success,PayPal
4409,1241,938,20240430,799.0,Success,UPI
4410,1241,938,20240530,799.0,Success,Wallet
4411,1241,938,20240629,799.0,Success,UPI
4412,1241,938,20240729,799.0,Success,PayPal
4413,1241,938,20240828,799.0,Success,Wallet
4414,1242,938,20240930,149.0,Success,PayPal
4415,1242,938,20241030,149.0,Success,Wallet
4416,1242,938,20241129,149.0,Success,Wallet
4417,1243,939,20231107,499.0,Success,PayPal
4418,1243,939,20231207,499.0,Success,Debit Card
4419,1243,939,20240106,499.0,Success,Credit Card
4420,1244,940,20241213,149.0,Success,Debit Card
4421,1245,941,20230518,499.0,Success,UPI
4422,1245,941,20230617,499.0,Success,Credit Card
4423,1245,941,20230717,499.0,Success,PayPal
4424,1246,941,20230818,499.0,Success,Wallet
4425,1247,942,20231125,799.0,Success,Credit Card
4426,1247,942,20231225,799.0,Success,UPI
4427,1247,942,20240124,799.0,Success,UPI
4428,1247,942,20240223,799.0,Success,Wallet
4429,1247,942,20240324,799.0,Success,Credit Card
4430,1247,942,20240423,-799.0,Refunded,Debit Card
4431,1248,943,20230402,499.0,Success,Wallet
4432,1249,944,20240221,199.0,Success,Wallet
4433,1250,944,20240324,199.0,Success,Credit Card
4434,1251,945,20240118,499.0,Success,Wallet
4435,1251,945,20240217,499.0,Success,Credit Card
4436,1251,945,20240318,499.0,Success,Credit Card
4437,1252,945,20240504,149.0,Success,Credit Card
4438,1252,945,20240603,-149.0,Refunded,UPI
4439,1252,945,20240703,149.0,Success,UPI
4440,1252,945,20240802,149.0,Success,PayPal
4441,1252,945,20240901,149.0,Success,PayPal
4442,1252,945,20241001,149.0,Failed,PayPal
4443,1252,945,20241031,149.0,Success,PayPal
4444,1252,945,20241130,149.0,Success,PayPal
4445,1253,946,20231115,149.0,Success,PayPal
4446,1254,947,20240620,499.0,Success,Credit Card
4447,1254,947,20240720,499.0,Success,Wallet
4448,1254,947,20240819,499.0,Success,UPI
4449,1254,947,20240918,499.0,Success,Debit Card
4450,1254,947,20241018,499.0,Success,UPI
4451,1254,947,20241117,499.0,Success,Wallet
4452,1255,948,20230725,799.0,Success,PayPal
4453,1255,948,20230824,799.0,Failed,Credit Card
4454,1255,948,20230923,-799.0,Refunded,Credit Card
4455,1256,949,20240105,149.0,Success,PayPal
4456,1257,949,20240208,149.0,Failed,Credit Card
4457,1257,949,20240309,149.0,Success,Wallet
4458,1257,949,20240408,149.0,Success,Debit Card
4459,1257,949,20240508,149.0,Success,Credit Card
4460,1257,949,20240607,149.0,Success,PayPal
4461,1257,949,20240707,149.0,Success,PayPal
4462,1258,950,20240420,149.0,Success,UPI
4463,1259,950,20240531,799.0,Success,UPI
4464,1260,951,20241128,799.0,Success,Credit Card
4465,1261,952,20240401,499.0,Success,PayPal
4466,1262,952,20240507,499.0,Success,PayPal
4467,1262,952,20240606,499.0,Success,Credit Card
4468,1262,952,20240706,-499.0,Refunded,Debit Card
4469,1263,953,20240718,799.0,Success,Debit Card
4470,1263,953,20240817,799.0,Failed,Debit Card
4471,1263,953,20240916,799.0,Success,Wallet
4472,1263,953,20241016,799.0,Success,Credit Card
4473,1263,953,20241115,799.0,Success,UPI
4474,1264,954,20230922,799.0,Success,UPI
4475,1265,954,20231022,499.0,Success,Debit Card
4476,1266,955,20230129,799.0,Success,UPI
4477,1267,956,20230808,149.0,Success,PayPal
4478,1267,956,20230907,149.0,Success,Wallet
4479,1267,956,20231007,149.0,Success,Debit Card
4480,1267,956,20231106,149.0,Success,PayPal
4481,1267,956,20231206,149.0,Success,PayPal
4482,1267,956,20240105,149.0,Success,Debit Card
4483,1268,957,20231003,499.0,Success,UPI
4484,1269,958,20241129,149.0,Success,Debit Card
4485,1270,959,20230627,799.0,Success,Debit Card
4486,1271,959,20230807,499.0,Success,Credit Card
4487,1272,960,20240914,199.0,Success,Wallet
4488,1273,961,20231009,799.0,Success,UPI
4489,1273,961,20231108,799.0,Success,Wallet
4490,1273,961,20231208,799.0,Success,Debit Card
4491,1273,961,20240107,-799.0,Refunded,Wallet
4492,1273,961,20240206,-799.0,Refunded,UPI
4493,1273,961,20240307,799.0,Success,Wallet
4494,1273,961,20240406,799.0,Success,Wallet
4495,1273,961,20240506,799.0,Failed,Wallet
4496,1273,961,20240605,799.0,Success,PayPal
4497,1273,961,20240705,799.0,Success,Debit Card
4498,1273,961,20240804,799.0,Success,UPI
4499,1273,961,20240903,799.0,Success,Wallet
4500,1274,962,20240415,799.0,Success,PayPal
4501,1275,963,20240617,799.0,Success,Debit Card
4502,1275,963,20240717,799.0,Success,PayPal
4503,1275,963,20240816,799.0,Success,Debit Card
4504,1276,964,20240607,499.0,Success,Wallet
4505,1276,964,20240707,499.0,Success,Wallet
4506,1276,964,20240806,499.0,Success,Debit Card
4507,1276,964,20240905,499.0,Success,Debit Card
4508,1276,964,20241005,-499.0,Refunded,UPI
4509,1276,964,20241104,499.0,Success,PayPal
4510,1277,964,20241208,149.0,Success,Credit Card
4511,1278,965,20240728,199.0,Success,Debit Card
4512,1278,965,20240827,199.0,Success,UPI
4513,1278,965,20240926,199.0,Success,Credit Card
4514,1278,965,20241026,199.0,Success,Wallet
4515,1278,965,20241125,199.0,Success,Debit Card
4516,1279,966,20241201,799.0,Success,Wallet
4517,1280,967,20231011,799.0,Success,Wallet
4518,1281,968,20241102,-199.0,Refunded,PayPal
4519,1282,969,20230712,199.0,Success,PayPal
4520,1283,969,20230815,199.0,Success,Debit Card
4521,1284,969,20230925,799.0,Success,Wallet
4522,1284,969,20231025,799.0,Success,Wallet
4523,1284,969,20231124,799.0,Success,UPI
4524,1284,969,20231224,799.0,Success,PayPal
4525,1284,969,20240123,799.0,Success,UPI
4526,1284,969,20240222,799.0,Success,Wallet
4527,1284,969,20240323,799.0,Success,UPI
4528,1284,969,20240422,799.0,Failed,UPI
4529,1284,969,20240522,799.0,Success,Debit Card
4530,1284,969,20240621,799.0,Success,PayPal
4531,1284,969,20240721,799.0,Success,Debit Card
4532,1284,969,20240820,799.0,Success,Wallet
4533,1285,970,20230228,499.0,Success,Wallet
4534,1285,970,20230330,499.0,Success,Debit Card
4535,1285,970,20230429,499.0,Success,UPI
4536,1285,970,20230529,499.0,Success,PayPal
4537,1285,970,20230628,499.0,Success,UPI
4538,1285,970,20230728,-499.0,Refunded,Debit Card
4539,1286,970,20230913,149.0,Success,Debit Card
4540,1286,970,20231013,149.0,Success,Wallet
4541,1286,970,20231112,149.0,Failed,Credit Card
4542,1286,970,20231212,149.0,Success,Wallet
4543,1286,970,20240111,149.0,Success,Wallet
4544,1286,970,20240210,149.0,Success,PayPal
4545,1287,970,20240311,199.0,Success,PayPal
4546,1287,970,20240410,199.0,Success,PayPal
4547,1287,970,20240510,199.0,Success,Debit Card
4548,1287,970,20240609,199.0,Success,Debit Card
4549,1287,970,20240709,-199.0,Refunded,PayPal
4550,1287,970,20240808,199.0,Success,Debit Card
4551,1287,970,20240907,199.0,Success,UPI
4552,1287,970,20241007,199.0,Success,Debit Card
4553,1287,970,20241106,199.0,Success,Debit Card
4554,1288,971,20230524,199.0,Success,UPI
4555,1288,971,20230623,199.0,Success,Credit Card
4556,1288,971,20230723,199.0,Success,PayPal
4557,1288,971,20230822,199.0,Success,Debit Card
4558,1288,971,20230921,199.0,Success,Credit Card
4559,1288,971,20231021,199.0,Success,Credit Card
4560,1289,971,20231129,499.0,Success,PayPal
4561,1290,972,20231030,149.0,Success,PayPal
4562,1290,972,20231129,149.0,Failed,Debit Card
4563,1290,972,20231229,149.0,Success,Debit Card
4564,1290,972,20240128,-149.0,Refunded,UPI
4565,1290,972,20240227,-149.0,Refunded,Credit Card
4566,1290,972,20240328,-149.0,Refunded,Credit Card
4567,1291,972,20240512,499.0,Success,UPI
4568,1291,972,20240611,499.0,Failed,Debit Card
4569,1291,972,20240711,499.0,Success,Credit Card
4570,1292,972,20240822,149.0,Success,UPI
4571,1292,972,20240921,149.0,Success,PayPal
4572,1292,972,20241021,149.0,Success,Debit Card
4573,1293,973,20230206,199.0,Success,UPI
4574,1293,973,20230308,199.0,Success,UPI
4575,1293,973,20230407,199.0,Success,Debit Card
4576,1293,973,20230507,199.0,Success,PayPal
4577,1293,973,20230606,199.0,Success,Debit Card
4578,1293,973,20230706,199.0,Success,PayPal
4579,1293,973,20230805,199.0,Success,Debit Card
4580,1293,973,20230904,199.0,Success,Wallet
4581,1293,973,20231004,199.0,Success,Wallet
4582,1293,973,20231103,199.0,Failed,PayPal
4583,1293,973,20231203,199.0,Success,Debit Card
4584,1293,973,20240102,199.0,Success,Debit Card
4585,1294,973,20240205,499.0,Success,Debit Card
4586,1294,973,20240306,499.0,Success,UPI
4587,1294,973,20240405,499.0,Success,PayPal
4588,1295,974,20230714,149.0,Success,Credit Card
4589,1296,974,20230819,499.0,Success,UPI
4590,1297,975,20240701,799.0,Success,UPI
4591,1297,975,20240731,799.0,Success,UPI
4592,1297,975,20240830,799.0,Success,UPI
4593,1297,975,20240929,799.0,Success,UPI
4594,1297,975,20241029,799.0,Success,Credit Card
4595,1297,975,20241128,799.0,Success,UPI
4596,1298,976,20241118,-149.0,Refunded,Debit Card
4597,1299,977,20241104,199.0,Success,UPI
4598,1300,978,20230512,799.0,Success,UPI
4599,1300,978,20230611,799.0,Success,Debit Card
4600,1300,978,20230711,799.0,Success,Credit Card
4601,1300,978,20230810,799.0,Success,Credit Card
4602,1300,978,20230909,799.0,Success,Credit Card
4603,1300,978,20231009,799.0,Success,PayPal
4604,1300,978,20231108,799.0,Success,UPI
4605,1300,978,20231208,799.0,Success,UPI
4606,1300,978,20240107,799.0,Success,Wallet
4607,1300,978,20240206,799.0,Success,UPI
4608,1300,978,20240307,799.0,Success,UPI
4609,1300,978,20240406,799.0,Success,Wallet
4610,1301,979,20230707,499.0,Success,UPI
4611,1302,980,20230816,149.0,Success,PayPal
4612,1302,980,20230915,149.0,Success,UPI
4613,1302,980,20231015,149.0,Failed,Debit Card
4614,1302,980,20231114,149.0,Success,Credit Card
4615,1302,980,20231214,149.0,Success,Wallet
4616,1302,980,20240113,149.0,Success,Wallet
4617,1303,981,20240306,199.0,Success,UPI
4618,1304,982,20240419,799.0,Success,Debit Card
4619,1305,983,20240820,199.0,Success,UPI
4620,1305,983,20240919,199.0,Success,PayPal
4621,1305,983,20241019,199.0,Success,Debit Card
4622,1306,984,20230719,799.0,Success,Wallet
4623,1307,985,20240626,199.0,Success,Credit Card
4624,1307,985,20240726,199.0,Success,UPI
4625,1307,985,20240825,199.0,Success,Credit Card
4626,1308,985,20240929,149.0,Success,Debit Card
4627,1308,985,20241029,149.0,Success,Wallet
4628,1308,985,20241128,149.0,Success,Credit Card
4629,1309,986,20230604,199.0,Success,Credit Card
4630,1310,986,20230721,149.0,Success,PayPal
4631,1311,987,20240806,499.0,Success,UPI
4632,1312,987,20240911,149.0,Success,PayPal
4633,1313,988,20230704,799.0,Success,Wallet
4634,1314,989,20230701,499.0,Success,Debit Card
4635,1314,989,20230731,499.0,Success,UPI
4636,1314,989,20230830,499.0,Success,PayPal
4637,1314,989,20230929,499.0,Success,UPI
4638,1314,989,20231029,499.0,Success,Debit Card
4639,1314,989,20231128,499.0,Success,Wallet
4640,1315,990,20231008,799.0,Success,Wallet
4641,1316,991,20230612,-499.0,Refunded,Wallet
4642,1317,991,20230731,499.0,Success,PayPal
4643,1318,992,20230513,799.0,Success,Debit Card
4644,1319,993,20240315,149.0,Success,UPI
4645,1319,993,20240414,149.0,Success,PayPal
4646,1319,993,20240514,149.0,Success,Debit Card
4647,1320,994,20230724,149.0,Success,UPI
4648,1320,994,20230823,149.0,Success,Debit Card
4649,1320,994,20230922,149.0,Success,Wallet
4650,1320,994,20231022,149.0,Success,Wallet
4651,1320,994,20231121,149.0,Success,Wallet
4652,1320,994,20231221,149.0,Success,PayPal
4653,1321,994,20240123,199.0,Success,UPI
4654,1321,994,20240222,199.0,Success,Wallet
4655,1321,994,20240323,199.0,Success,Credit Card
4656,1321,994,20240422,199.0,Success,UPI
4657,1321,994,20240522,199.0,Success,Debit Card
4658,1321,994,20240621,199.0,Success,Credit Card
4659,1322,995,20231126,499.0,Success,Credit Card
4660,1323,996,20241003,199.0,Success,PayPal
4661,1323,996,20241102,199.0,Success,UPI
4662,1324,997,20231219,149.0,Success,Credit Card
4663,1324,997,20240118,149.0,Success,UPI
4664,1324,997,20240217,149.0,Success,UPI
4665,1324,997,20240318,149.0,Success,Credit Card
4666,1324,997,20240417,149.0,Success,Wallet
4667,1324,997,20240517,149.0,Success,Debit Card
4668,1324,997,20240616,149.0,Success,UPI
4669,1324,997,20240716,149.0,Success,PayPal
4670,1324,997,20240815,149.0,Success,Wallet
4671,1324,997,20240914,149.0,Success,Debit Card
4672,1324,997,20241014,149.0,Success,Debit Card
4673,1324,997,20241113,149.0,Success,Credit Card
4674,1325,998,20240825,199.0,Success,UPI
4675,1325,998,20240924,199.0,Success,PayPal
4676,1325,998,20241024,199.0,Success,Wallet
4677,1326,999,20231102,499.0,Success,Debit Card
4678,1326,999,20231202,499.0,Success,UPI
4679,1326,999,20240101,499.0,Success,UPI
4680,1326,999,20240131,499.0,Success,Debit Card
4681,1326,999,20240301,499.0,Success,Credit Card
4682,1326,999,20240331,499.0,Success,Credit Card
4683,1326,999,20240430,499.0,Success,Wallet
4684,1326,999,20240530,499.0,Success,Credit Card
4685,1326,999,20240629,499.0,Success,Debit Card
4686,1326,999,20240729,499.0,Success,UPI
4687,1326,999,20240828,499.0,Success,PayPal
4688,1326,999,20240927,499.0,Success,UPI
4689,1327,1000,20240620,499.0,Success,Debit Card
4690,1328,1001,20230518,149.0,Success,PayPal
4691,1328,1001,20230617,149.0,Success,Wallet
4692,1328,1001,20230717,149.0,Success,PayPal
4693,1328,1001,20230816,149.0,Success,Debit Card
4694,1328,1001,20230915,149.0,Success,UPI
4695,1328,1001,20231015,149.0,Success,Debit Card
4696,1329,1001,20231126,149.0,Success,Credit Card
4697,1330,1002,20230712,499.0,Success,Credit Card
4698,1330,1002,20230811,499.0,Success,UPI
4699,1330,1002,20230910,499.0,Success,PayPal
4700,1331,1002,20231019,499.0,Success,Credit Card
4701,1331,1002,20231118,499.0,Success,PayPal
4702,1331,1002,20231218,499.0,Success,PayPal
4703,1332,1003,20240218,199.0,Success,Wallet
4704,1332,1003,20240319,199.0,Success,PayPal
4705,1332,1003,20240418,199.0,Success,Credit Card
4706,1332,1003,20240518,199.0,Success,Credit Card
4707,1332,1003,20240617,199.0,Success,PayPal
4708,1332,1003,20240717,199.0,Success,Wallet
4709,1333,1004,20230515,199.0,Success,PayPal
4710,1333,1004,20230614,199.0,Success,Debit Card
4711,1333,1004,20230714,199.0,Success,PayPal
4712,1333,1004,20230813,199.0,Success,UPI
4713,1333,1004,20230912,199.0,Success,Wallet
4714,1333,1004,20231012,199.0,Success,Credit Card
4715,1334,1004,20231126,499.0,Success,Debit Card
4716,1334,1004,20231226,499.0,Success,Credit Card
4717,1334,1004,20240125,499.0,Success,Wallet
4718,1334,1004,20240224,499.0,Failed,PayPal
4719,1334,1004,20240325,499.0,Success,Wallet
4720,1334,1004,20240424,499.0,Success,Credit Card
4721,1334,1004,20240524,499.0,Success,PayPal
4722,1334,1004,20240623,499.0,Success,UPI
4723,1334,1004,20240723,499.0,Success,Credit Card
4724,1334,1004,20240822,499.0,Success,PayPal
4725,1334,1004,20240921,499.0,Success,Credit Card
4726,1334,1004,20241021,499.0,Success,UPI
4727,1335,1005,20230623,199.0,Success,PayPal
4728,1335,1005,20230723,199.0,Success,Credit Card
4729,1335,1005,20230822,199.0,Success,UPI
4730,1335,1005,20230921,-199.0,Refunded,Wallet
4731,1335,1005,20231021,199.0,Success,Credit Card
4732,1335,1005,20231120,199.0,Success,Credit Card
4733,1336,1006,20230208,199.0,Failed,Credit Card
4734,1336,1006,20230310,199.0,Success,Debit Card
4735,1336,1006,20230409,199.0,Success,UPI
4736,1336,1006,20230509,199.0,Success,Credit Card
4737,1336,1006,20230608,199.0,Success,Debit Card
4738,1336,1006,20230708,-199.0,Refunded,Debit Card
4739,1336,1006,20230807,199.0,Success,Credit Card
4740,1336,1006,20230906,199.0,Success,PayPal
4741,1336,1006,20231006,199.0,Success,Credit Card
4742,1336,1006,20231105,199.0,Success,Credit Card
4743,1336,1006,20231205,199.0,Success,UPI
4744,1336,1006,20240104,199.0,Success,Credit Card
4745,1337,1007,20240701,799.0,Success,Debit Card
4746,1337,1007,20240731,799.0,Success,PayPal
4747,1337,1007,20240830,799.0,Success,Debit Card
4748,1337,1007,20240929,799.0,Success,Wallet
4749,1337,1007,20241029,799.0,Success,Wallet
4750,1337,1007,20241128,799.0,Success,Wallet
4751,1338,1008,20241108,799.0,Success,PayPal
4752,1339,1009,20241207,799.0,Success,Wallet
4753,1340,1010,20240714,799.0,Success,Debit Card
4754,1341,1011,20241212,199.0,Success,Debit Card
4755,1342,1012,20241108,499.0,Failed,Credit Card
4756,1343,1013,20240912,499.0,Success,Debit Card
4757,1344,1014,20230418,149.0,Success,Credit Card
4758,1345,1014,20230519,149.0,Success,Wallet
4759,1345,1014,20230618,-149.0,Refunded,PayPal
4760,1345,1014,20230718,149.0,Success,Credit Card
4761,1345,1014,20230817,149.0,Success,UPI
4762,1345,1014,20230916,149.0,Success,Wallet
4763,1345,1014,20231016,149.0,Success,Wallet
4764,1346,1014,20231204,199.0,Success,UPI
4765,1347,1015,20230427,799.0,Success,Debit Card
4766,1347,1015,20230527,799.0,Success,UPI
4767,1347,1015,20230626,799.0,Success,Credit Card
4768,1348,1016,20230927,499.0,Success,PayPal
4769,1349,1017,20240224,499.0,Success,Wallet
4770,1349,1017,20240325,499.0,Success,PayPal
4771,1349,1017,20240424,499.0,Success,PayPal
4772,1349,1017,20240524,499.0,Success,Wallet
4773,1349,1017,20240623,499.0,Success,Wallet
4774,1349,1017,20240723,499.0,Success,PayPal
4775,1349,1017,20240822,499.0,Success,Wallet
4776,1349,1017,20240921,499.0,Success,UPI
4777,1349,1017,20241021,499.0,Success,Debit Card
4778,1349,1017,20241120,499.0,Success,Credit Card
4779,1350,1018,20230801,799.0,Success,Credit Card
4780,1351,1019,20230103,199.0,Success,Credit Card
4781,1352,1020,20240810,199.0,Success,UPI
4782,1353,1021,20240607,149.0,Success,Credit Card
4783,1354,1022,20230920,799.0,Success,UPI
4784,1355,1023,20231031,799.0,Success,UPI
4785,1355,1023,20231130,799.0,Success,Debit Card
4786,1355,1023,20231230,799.0,Success,UPI
4787,1355,1023,20240129,799.0,Success,PayPal
4788,1355,1023,20240228,799.0,Success,Credit Card
4789,1355,1023,20240329,799.0,Success,PayPal
4790,1355,1023,20240428,799.0,Success,Debit Card
4791,1355,1023,20240528,-799.0,Refunded,PayPal
4792,1355,1023,20240627,799.0,Success,Debit Card
4793,1355,1023,20240727,799.0,Success,Debit Card
4794,1355,1023,20240826,799.0,Success,Wallet
4795,1355,1023,20240925,799.0,Success,PayPal
4796,1356,1024,20230628,149.0,Success,Credit Card
4797,1356,1024,20230728,149.0,Success,UPI
4798,1356,1024,20230827,149.0,Success,Wallet
4799,1356,1024,20230926,149.0,Success,UPI
4800,1356,1024,20231026,149.0,Success,Debit Card
4801,1356,1024,20231125,149.0,Success,Wallet
4802,1357,1024,20240110,149.0,Success,UPI
4803,1358,1024,20240225,149.0,Success,Wallet
4804,1359,1025,20241124,199.0,Success,Wallet
4805,1360,1025,20241230,149.0,Success,UPI
4806,1361,1026,20230216,799.0,Success,PayPal
4807,1361,1026,20230318,799.0,Success,UPI
4808,1361,1026,20230417,799.0,Success,PayPal
4809,1362,1027,20230624,199.0,Success,PayPal
4810,1362,1027,20230724,199.0,Success,Debit Card
4811,1362,1027,20230823,199.0,Success,PayPal
4812,1362,1027,20230922,199.0,Success,Wallet
4813,1362,1027,20231022,199.0,Success,Wallet
4814,1362,1027,20231121,199.0,Success,Debit Card
4815,1363,1027,20231231,149.0,Success,Wallet
4816,1363,1027,20240130,149.0,Success,Debit Card
4817,1363,1027,20240229,149.0,Success,Credit Card
4818,1363,1027,20240330,149.0,Failed,UPI
4819,1363,1027,20240429,149.0,Success,UPI
4820,1363,1027,20240529,149.0,Success,PayPal
4821,1363,1027,20240628,149.0,Success,PayPal
4822,1363,1027,20240728,149.0,Success,Wallet
4823,1363,1027,20240827,149.0,Success,PayPal
4824,1363,1027,20240926,149.0,Success,Wallet
4825,1363,1027,20241026,149.0,Success,Wallet
4826,1363,1027,20241125,149.0,Success,Debit Card
4827,1364,1028,20240928,499.0,Success,PayPal
4828,1364,1028,20241028,499.0,Success,PayPal
4829,1364,1028,20241127,499.0,Success,PayPal
4830,1365,1029,20231217,499.0,Success,Credit Card
4831,1366,1030,20240412,149.0,Success,PayPal
4832,1367,1031,20240504,499.0,Success,UPI
4833,1368,1032,20230426,799.0,Success,Credit Card
4834,1368,1032,20230526,799.0,Success,Credit Card
4835,1368,1032,20230625,799.0,Success,UPI
4836,1368,1032,20230725,799.0,Success,Wallet
4837,1368,1032,20230824,799.0,Success,Debit Card
4838,1368,1032,20230923,799.0,Success,Wallet
4839,1369,1032,20231031,149.0,Success,UPI
4840,1369,1032,20231130,149.0,Success,Wallet
4841,1369,1032,20231230,149.0,Success,Credit Card
4842,1370,1033,20230613,799.0,Success,UPI
4843,1370,1033,20230713,-799.0,Refunded,Credit Card
4844,1370,1033,20230812,799.0,Success,UPI
4845,1371,1034,20240805,499.0,Success,Debit Card
4846,1372,1034,20240911,499.0,Success,Wallet
4847,1372,1034,20241011,499.0,Success,Credit Card
4848,1372,1034,20241110,499.0,Success,Debit Card
4849,1373,1034,20241212,499.0,Success,UPI
4850,1374,1035,20240103,499.0,Success,PayPal
4851,1374,1035,20240202,-499.0,Refunded,Credit Card
4852,1374,1035,20240303,499.0,Success,Debit Card
4853,1374,1035,20240402,499.0,Success,Wallet
4854,1374,1035,20240502,499.0,Success,UPI
4855,1374,1035,20240601,499.0,Success,Wallet
4856,1374,1035,20240701,499.0,Success,PayPal
4857,1374,1035,20240731,499.0,Success,Wallet
4858,1374,1035,20240830,499.0,Success,PayPal
4859,1374,1035,20240929,499.0,Success,PayPal
4860,1374,1035,20241029,499.0,Success,Credit Card
4861,1374,1035,20241128,499.0,Success,Wallet
4862,1375,1036,20230514,199.0,Success,PayPal
4863,1376,1037,20240226,499.0,Success,Debit Card
4864,1376,1037,20240327,499.0,Success,UPI
4865,1376,1037,20240426,499.0,Success,UPI
4866,1376,1037,20240526,499.0,Success,PayPal
4867,1376,1037,20240625,499.0,Success,PayPal
4868,1376,1037,20240725,499.0,Success,Credit Card
4869,1377,1038,20231118,499.0,Success,PayPal
4870,1377,1038,20231218,499.0,Success,UPI
4871,1377,1038,20240117,499.0,Success,Credit Card
4872,1377,1038,20240216,499.0,Success,Debit Card
4873,1377,1038,20240317,499.0,Success,Credit Card
4874,1377,1038,20240416,499.0,Success,Credit Card
4875,1377,1038,20240516,499.0,Success,Credit Card
4876,1377,1038,20240615,499.0,Success,Wallet
4877,1377,1038,20240715,499.0,Success,UPI
4878,1377,1038,20240814,499.0,Success,Debit Card
4879,1377,1038,20240913,499.0,Success,PayPal
4880,1377,1038,20241013,499.0,Success,Debit Card
4881,1378,1039,20240813,799.0,Success,Debit Card
4882,1379,1039,20240921,499.0,Success,PayPal
4883,1379,1039,20241021,499.0,Success,UPI
4884,1379,1039,20241120,499.0,Success,UPI
4885,1380,1040,20241116,799.0,Success,Credit Card
4886,1381,1041,20240925,149.0,Success,Wallet
4887,1382,1042,20240508,199.0,Success,Credit Card
4888,1382,1042,20240607,199.0,Success,Debit Card
4889,1382,1042,20240707,199.0,Success,UPI
4890,1383,1042,20240808,799.0,Success,UPI
4891,1383,1042,20240907,799.0,Success,Wallet
4892,1383,1042,20241007,799.0,Failed,UPI
4893,1383,1042,20241106,799.0,Success,Credit Card
4894,1384,1043,20230602,149.0,Success,Wallet
4895,1385,1043,20230722,499.0,Success,UPI
4896,1385,1043,20230821,499.0,Success,Wallet
4897,1385,1043,20230920,499.0,Success,Debit Card
4898,1386,1044,20230112,799.0,Success,UPI
4899,1387,1045,20240425,799.0,Success,PayPal
4900,1387,1045,20240525,799.0,Success,UPI
4901,1387,1045,20240624,799.0,Success,Debit Card
4902,1387,1045,20240724,799.0,Success,UPI
4903,1387,1045,20240823,799.0,Success,Debit Card
4904,1387,1045,20240922,799.0,Success,UPI
4905,1387,1045,20241022,799.0,Success,Debit Card
4906,1387,1045,20241121,799.0,Success,PayPal
4907,1388,1046,20240518,149.0,Failed,PayPal
4908,1389,1047,20230221,149.0,Success,Wallet
4909,1389,1047,20230323,149.0,Success,UPI
4910,1389,1047,20230422,149.0,Success,Credit Card
4911,1389,1047,20230522,149.0,Success,PayPal
4912,1389,1047,20230621,149.0,Success,PayPal
4913,1389,1047,20230721,149.0,Success,UPI
4914,1389,1047,20230820,149.0,Success,UPI
4915,1389,1047,20230919,149.0,Success,PayPal
4916,1389,1047,20231019,149.0,Success,Debit Card
4917,1389,1047,20231118,149.0,Success,PayPal
4918,1389,1047,20231218,149.0,Success,UPI
4919,1389,1047,20240117,149.0,Success,Wallet
4920,1390,1048,20240217,499.0,Success,UPI
4921,1390,1048,20240318,499.0,Success,Debit Card
4922,1390,1048,20240417,499.0,Success,UPI
4923,1390,1048,20240517,499.0,Success,Credit Card
4924,1390,1048,20240616,499.0,Success,Debit Card
4925,1390,1048,20240716,499.0,Success,Debit Card
4926,1391,1049,20240809,499.0,Failed,UPI
4927,1391,1049,20240908,499.0,Success,Wallet
4928,1391,1049,20241008,499.0,Success,UPI
4929,1391,1049,20241107,499.0,Success,PayPal
4930,1392,1050,20231120,149.0,Success,PayPal
4931,1392,1050,20231220,149.0,Success,Wallet
4932,1392,1050,20240119,149.0,Success,Credit Card
4933,1392,1050,20240218,149.0,Success,Credit Card
4934,1392,1050,20240319,149.0,Success,PayPal
4935,1392,1050,20240418,149.0,Success,UPI
4936,1392,1050,20240518,149.0,Success,Debit Card
4937,1392,1050,20240617,149.0,Success,Debit Card
4938,1392,1050,20240717,149.0,Success,PayPal
4939,1392,1050,20240816,149.0,Success,Wallet
4940,1392,1050,20240915,149.0,Success,Debit Card
4941,1392,1050,20241015,149.0,Success,Wallet
4942,1393,1051,20230119,199.0,Success,UPI
4943,1393,1051,20230218,199.0,Success,Wallet
4944,1393,1051,20230320,199.0,Success,PayPal
4945,1394,1051,20230504,149.0,Success,UPI
4946,1395,1052,20240716,799.0,Success,Debit Card
4947,1396,1052,20240824,149.0,Success,Debit Card
4948,1396,1052,20240923,149.0,Success,Wallet
4949,1396,1052,20241023,149.0,Success,PayPal
4950,1397,1053,20240925,499.0,Success,PayPal
4951,1397,1053,20241025,499.0,Failed,UPI
4952,1397,1053,20241124,499.0,Success,Wallet
4953,1398,1054,20230731,199.0,Success,Wallet
4954,1398,1054,20230830,199.0,Success,Wallet
4955,1398,1054,20230929,199.0,Success,Credit Card
4956,1398,1054,20231029,199.0,Success,Debit Card
4957,1398,1054,20231128,199.0,Success,Credit Card
4958,1398,1054,20231228,199.0,Success,Debit Card
4959,1398,1054,20240127,199.0,Success,Wallet
4960,1398,1054,20240226,199.0,Success,UPI
4961,1398,1054,20240327,199.0,Success,UPI
4962,1398,1054,20240426,199.0,Success,Credit Card
4963,1398,1054,20240526,199.0,Success,PayPal
4964,1398,1054,20240625,199.0,Success,Credit Card
4965,1399,1055,20240108,149.0,Success,Credit Card
4966,1400,1056,20231206,149.0,Success,Wallet
4967,1400,1056,20240105,149.0,Success,UPI
4968,1400,1056,20240204,149.0,Success,Credit Card
4969,1400,1056,20240305,149.0,Success,UPI
4970,1400,1056,20240404,149.0,Success,Wallet
4971,1400,1056,20240504,149.0,Success,Credit Card
4972,1401,1057,20241103,199.0,Success,Debit Card
4973,1402,1058,20241105,799.0,Success,UPI
4974,1403,1059,20241010,199.0,Success,Debit Card
4975,1403,1059,20241109,199.0,Success,PayPal
4976,1404,1060,20230419,199.0,Success,Wallet
4977,1405,1061,20240224,199.0,Success,UPI
4978,1405,1061,20240325,199.0,Success,PayPal
4979,1405,1061,20240424,199.0,Success,UPI
4980,1405,1061,20240524,199.0,Success,Debit Card
4981,1405,1061,20240623,199.0,Success,Wallet
4982,1405,1061,20240723,199.0,Success,UPI
4983,1405,1061,20240822,199.0,Success,Credit Card
4984,1405,1061,20240921,199.0,Success,Debit Card
4985,1405,1061,20241021,199.0,Success,Wallet
4986,1405,1061,20241120,199.0,Success,PayPal
4987,1406,1062,20230504,499.0,Success,PayPal
4988,1407,1063,20230715,799.0,Success,Debit Card
4989,1407,1063,20230814,799.0,Success,UPI
4990,1407,1063,20230913,799.0,Success,Debit Card
4991,1408,1063,20231022,149.0,Success,Wallet
4992,1408,1063,20231121,149.0,Success,UPI
4993,1408,1063,20231221,149.0,Success,PayPal
4994,1409,1064,20230217,799.0,Success,Credit Card
4995,1409,1064,20230319,799.0,Failed,UPI
4996,1409,1064,20230418,799.0,Success,Debit Card
4997,1409,1064,20230518,799.0,Failed,PayPal
4998,1409,1064,20230617,799.0,Success,Debit Card
4999,1409,1064,20230717,799.0,Success,Credit Card
5000,1409,1064,20230816,799.0,Success,UPI
5001,1409,1064,20230915,-799.0,Refunded,Credit Card
5002,1409,1064,20231015,799.0,Success,Wallet
5003,1409,1064,20231114,799.0,Success,UPI
5004,1409,1064,20231214,799.0,Success,Debit Card
5005,1409,1064,20240113,799.0,Success,Credit Card
5006,1410,1064,20240302,149.0,Success,PayPal
5007,1410,1064,20240401,149.0,Success,Debit Card
5008,1410,1064,20240501,149.0,Failed,Debit Card
5009,1410,1064,20240531,149.0,Success,UPI
5010,1410,1064,20240630,149.0,Success,PayPal
5011,1410,1064,20240730,149.0,Success,Credit Card
5012,1410,1064,20240829,149.0,Success,Credit Card
5013,1410,1064,20240928,149.0,Success,Wallet
5014,1410,1064,20241028,149.0,Success,Wallet
5015,1410,1064,20241127,149.0,Success,PayPal
5016,1411,1065,20240406,799.0,Success,Wallet
5017,1411,1065,20240506,799.0,Success,PayPal
5018,1411,1065,20240605,799.0,Success,Debit Card
5019,1411,1065,20240705,799.0,Success,PayPal
5020,1411,1065,20240804,-799.0,Refunded,Debit Card
5021,1411,1065,20240903,799.0,Success,Wallet
5022,1412,1066,20230518,199.0,Success,Debit Card
5023,1413,1067,20240720,149.0,Success,PayPal
5024,1413,1067,20240819,149.0,Success,UPI
5025,1413,1067,20240918,149.0,Success,Wallet
5026,1413,1067,20241018,149.0,Success,Debit Card
5027,1413,1067,20241117,149.0,Success,Debit Card
5028,1414,1068,20240604,199.0,Success,Wallet
5029,1415,1069,20230512,199.0,Success,Credit Card
5030,1415,1069,20230611,199.0,Success,UPI
5031,1415,1069,20230711,199.0,Success,Credit Card
5032,1415,1069,20230810,199.0,Success,Wallet
5033,1415,1069,20230909,199.0,Success,Credit Card
5034,1415,1069,20231009,199.0,Success,PayPal
5035,1416,1070,20231126,799.0,Success,Credit Card
5036,1416,1070,20231226,799.0,Success,PayPal
5037,1416,1070,20240125,799.0,Success,Credit Card
5038,1417,1071,20240915,499.0,Success,Debit Card
5039,1417,1071,20241015,499.0,Success,Debit Card
5040,1417,1071,20241114,499.0,Success,Debit Card
5041,1418,1072,20231218,149.0,Success,Credit Card
5042,1418,1072,20240117,149.0,Success,Wallet
5043,1418,1072,20240216,149.0,Success,UPI
5044,1418,1072,20240317,149.0,Success,UPI
5045,1418,1072,20240416,149.0,Success,UPI
5046,1418,1072,20240516,149.0,Success,Credit Card
5047,1418,1072,20240615,149.0,Success,Wallet
5048,1418,1072,20240715,149.0,Success,UPI
5049,1418,1072,20240814,149.0,Success,Debit Card
5050,1418,1072,20240913,149.0,Success,PayPal
5051,1418,1072,20241013,149.0,Success,PayPal
5052,1418,1072,20241112,149.0,Success,Credit Card
5053,1419,1073,20240227,199.0,Success,Debit Card
5054,1420,1073,20240407,149.0,Success,Credit Card
5055,1420,1073,20240507,149.0,Success,Wallet
5056,1420,1073,20240606,149.0,Success,Debit Card
5057,1420,1073,20240706,149.0,Success,Credit Card
5058,1420,1073,20240805,-149.0,Refunded,Debit Card
5059,1420,1073,20240904,149.0,Success,PayPal
5060,1420,1073,20241004,149.0,Success,Wallet
5061,1420,1073,20241103,149.0,Success,Wallet
5062,1421,1074,20231103,149.0,Success,Credit Card
5063,1421,1074,20231203,149.0,Success,Debit Card
5064,1421,1074,20240102,149.0,Success,Credit Card
5065,1421,1074,20240201,149.0,Success,Credit Card
5066,1421,1074,20240302,149.0,Success,Wallet
5067,1421,1074,20240401,149.0,Success,Debit Card
5068,1421,1074,20240501,149.0,Success,PayPal
5069,1421,1074,20240531,149.0,Success,PayPal
5070,1421,1074,20240630,149.0,Success,PayPal
5071,1421,1074,20240730,149.0,Success,PayPal
5072,1421,1074,20240829,149.0,Success,PayPal
5073,1421,1074,20240928,149.0,Success,PayPal
5074,1422,1075,20240720,499.0,Success,PayPal
5075,1423,1076,20231025,799.0,Success,Debit Card
5076,1424,1077,20241228,499.0,Success,PayPal
5077,1425,1078,20240709,799.0,Success,UPI
5078,1425,1078,20240808,799.0,Success,PayPal
5079,1425,1078,20240907,799.0,Success,PayPal
5080,1425,1078,20241007,799.0,Failed,UPI
5081,1425,1078,20241106,799.0,Success,UPI
5082,1426,1079,20231227,199.0,Success,UPI
5083,1426,1079,20240126,199.0,Success,UPI
5084,1426,1079,20240225,199.0,Success,UPI
5085,1427,1080,20241114,199.0,Success,Wallet
5086,1428,1081,20240630,499.0,Success,Credit Card
5087,1428,1081,20240730,-499.0,Refunded,Debit Card
5088,1428,1081,20240829,499.0,Success,UPI
5089,1428,1081,20240928,499.0,Success,Wallet
5090,1428,1081,20241028,499.0,Success,Credit Card
5091,1428,1081,20241127,499.0,Success,Wallet
5092,1429,1082,20230114,799.0,Success,UPI
5093,1430,1082,20230223,799.0,Success,UPI
5094,1431,1083,20230224,799.0,Success,Debit Card
5095,1431,1083,20230326,799.0,Success,UPI
5096,1431,1083,20230425,799.0,Success,Credit Card
5097,1431,1083,20230525,799.0,Success,Credit Card
5098,1431,1083,20230624,799.0,Success,Credit Card
5099,1431,1083,20230724,799.0,Success,Debit Card
5100,1431,1083,20230823,799.0,Success,PayPal
5101,1431,1083,20230922,799.0,Success,Wallet
5102,1431,1083,20231022,799.0,Success,Debit Card
5103,1431,1083,20231121,799.0,Success,Wallet
5104,1431,1083,20231221,799.0,Success,UPI
5105,1431,1083,20240120,799.0,Failed,UPI
5106,1432,1083,20240306,199.0,Success,Debit Card
5107,1433,1083,20240406,499.0,Success,Debit Card
5108,1433,1083,20240506,499.0,Success,Credit Card
5109,1433,1083,20240605,499.0,Success,Wallet
5110,1434,1084,20230614,-799.0,Refunded,Wallet
5111,1434,1084,20230714,799.0,Success,Debit Card
5112,1434,1084,20230813,799.0,Success,Debit Card
5113,1434,1084,20230912,799.0,Success,Debit Card
5114,1434,1084,20231012,799.0,Success,Debit Card
5115,1434,1084,20231111,799.0,Success,Credit Card
5116,1434,1084,20231211,799.0,Success,Debit Card
5117,1434,1084,20240110,799.0,Success,UPI
5118,1434,1084,20240209,799.0,Success,Credit Card
5119,1434,1084,20240310,799.0,Success,UPI
5120,1434,1084,20240409,799.0,Success,Wallet
5121,1434,1084,20240509,799.0,Success,UPI
5122,1435,1085,20230305,499.0,Success,UPI
5123,1435,1085,20230404,499.0,Success,Credit Card
5124,1435,1085,20230504,499.0,Success,PayPal
5125,1435,1085,20230603,499.0,Success,Credit Card
5126,1435,1085,20230703,499.0,Success,Debit Card
5127,1435,1085,20230802,499.0,Success,PayPal
5128,1436,1086,20240708,149.0,Success,UPI
5129,1436,1086,20240807,149.0,Success,Credit Card
5130,1436,1086,20240906,149.0,Success,PayPal
5131,1436,1086,20241006,149.0,Success,Debit Card
5132,1436,1086,20241105,149.0,Success,PayPal
5133,1437,1087,20240922,-199.0,Refunded,Credit Card
5134,1438,1087,20241108,799.0,Success,PayPal
5135,1439,1088,20241024,149.0,Success,PayPal
5136,1440,1089,20241213,499.0,Success,UPI
5137,1441,1090,20240126,199.0,Success,Credit Card
5138,1442,1091,20241202,199.0,Success,UPI
5139,1443,1092,20230915,149.0,Success,Credit Card
5140,1444,1093,20240329,149.0,Success,UPI
5141,1444,1093,20240428,149.0,Success,UPI
5142,1444,1093,20240528,149.0,Success,Wallet
5143,1444,1093,20240627,149.0,Success,PayPal
5144,1444,1093,20240727,149.0,Success,PayPal
5145,1444,1093,20240826,149.0,Success,Debit Card
5146,1445,1093,20241005,499.0,Success,Credit Card
5147,1445,1093,20241104,499.0,Success,PayPal
5148,1446,1094,20241025,149.0,Success,UPI
5149,1446,1094,20241124,149.0,Success,Wallet
5150,1447,1095,20240909,199.0,Success,Debit Card
5151,1448,1096,20231029,799.0,Success,UPI
5152,1449,1097,20230711,199.0,Success,Debit Card
5153,1449,1097,20230810,199.0,Success,PayPal
5154,1449,1097,20230909,199.0,Success,Wallet
5155,1450,1098,20230211,199.0,Success,PayPal
5156,1451,1099,20230614,499.0,Success,Debit Card
5157,1451,1099,20230714,499.0,Success,Credit Card
5158,1451,1099,20230813,499.0,Success,Debit Card
5159,1451,1099,20230912,499.0,Success,Wallet
5160,1451,1099,20231012,499.0,Success,UPI
5161,1451,1099,20231111,499.0,Success,Credit Card
5162,1452,1099,20231224,499.0,Success,PayPal
5163,1452,1099,20240123,499.0,Success,Wallet
5164,1452,1099,20240222,499.0,Success,UPI
5165,1452,1099,20240323,499.0,Success,PayPal
5166,1452,1099,20240422,499.0,Success,Debit Card
5167,1452,1099,20240522,499.0,Success,UPI
5168,1452,1099,20240621,499.0,Success,Debit Card
5169,1452,1099,20240721,499.0,Success,Credit Card
5170,1452,1099,20240820,499.0,Success,Debit Card
5171,1452,1099,20240919,499.0,Success,Debit Card
5172,1452,1099,20241019,499.0,Success,UPI
5173,1452,1099,20241118,499.0,Failed,Wallet
5174,1453,1100,20240422,799.0,Success,Wallet
5175,1453,1100,20240522,799.0,Success,Debit Card
5176,1453,1100,20240621,799.0,Failed,PayPal
5177,1453,1100,20240721,799.0,Success,PayPal
5178,1453,1100,20240820,799.0,Success,Credit Card
5179,1453,1100,20240919,799.0,Success,Debit Card
5180,1454,1101,20231127,199.0,Success,UPI
5181,1454,1101,20231227,199.0,Success,Wallet
5182,1454,1101,20240126,199.0,Success,Debit Card
5183,1454,1101,20240225,199.0,Success,Wallet
5184,1454,1101,20240326,199.0,Success,UPI
5185,1454,1101,20240425,199.0,Success,Wallet
5186,1454,1101,20240525,199.0,Success,Wallet
5187,1454,1101,20240624,199.0,Success,Wallet
5188,1454,1101,20240724,199.0,Success,Credit Card
5189,1454,1101,20240823,199.0,Failed,Wallet
5190,1454,1101,20240922,199.0,Success,Wallet
5191,1454,1101,20241022,199.0,Success,UPI
5192,1455,1102,20240922,149.0,Success,Wallet
5193,1455,1102,20241022,149.0,Success,UPI
5194,1455,1102,20241121,149.0,Success,Credit Card
5195,1456,1103,20240717,199.0,Success,PayPal
5196,1456,1103,20240816,199.0,Success,UPI
5197,1456,1103,20240915,199.0,Success,Wallet
5198,1456,1103,20241015,199.0,Failed,Wallet
5199,1456,1103,20241114,199.0,Success,Credit Card
5200,1457,1104,20240622,799.0,Success,Wallet
5201,1457,1104,20240722,799.0,Success,UPI
5202,1457,1104,20240821,-799.0,Refunded,UPI
5203,1457,1104,20240920,799.0,Success,PayPal
5204,1457,1104,20241020,799.0,Success,UPI
5205,1457,1104,20241119,799.0,Success,UPI
5206,1458,1105,20240601,799.0,Success,PayPal
5207,1459,1106,20230405,149.0,Success,UPI
5208,1460,1107,20231206,499.0,Success,UPI
5209,1461,1108,20240925,199.0,Success,Debit Card
5210,1462,1108,20241102,199.0,Success,Debit Card
5211,1463,1108,20241208,199.0,Success,Wallet
5212,1464,1109,20241026,799.0,Success,Credit Card
5213,1464,1109,20241125,799.0,Success,Credit Card
5214,1465,1110,20230904,799.0,Success,UPI
5215,1465,1110,20231004,799.0,Success,Credit Card
5216,1465,1110,20231103,799.0,Success,UPI
5217,1465,1110,20231203,799.0,Success,Debit Card
5218,1465,1110,20240102,799.0,Success,UPI
5219,1465,1110,20240201,799.0,Success,Debit Card
5220,1466,1111,20230210,499.0,Success,Wallet
5221,1467,1112,20230427,799.0,Success,PayPal
5222,1468,1112,20230616,149.0,Success,PayPal
5223,1469,1113,20230126,799.0,Success,Wallet
5224,1470,1114,20240604,499.0,Success,UPI
5225,1471,1115,20241029,799.0,Success,UPI
5226,1471,1115,20241128,799.0,Success,UPI
5227,1472,1116,20230409,199.0,Success,PayPal
5228,1473,1116,20230524,799.0,Success,Credit Card
5229,1474,1117,20240630,499.0,Success,Credit Card
5230,1474,1117,20240730,499.0,Success,Wallet
5231,1474,1117,20240829,499.0,Success,Wallet
5232,1474,1117,20240928,499.0,Success,PayPal
5233,1474,1117,20241028,499.0,Success,PayPal
5234,1474,1117,20241127,499.0,Success,Wallet
5235,1475,1118,20241006,149.0,Success,UPI
5236,1475,1118,20241105,149.0,Success,Credit Card
5237,1476,1119,20230417,499.0,Success,Credit Card
5238,1477,1120,20240321,199.0,Success,UPI
5239,1477,1120,20240420,199.0,Success,PayPal
5240,1477,1120,20240520,199.0,Success,PayPal
5241,1477,1120,20240619,199.0,Success,Credit Card
5242,1477,1120,20240719,199.0,Success,Wallet
5243,1477,1120,20240818,199.0,Success,Debit Card
5244,1477,1120,20240917,199.0,Success,PayPal
5245,1477,1120,20241017,199.0,Success,PayPal
5246,1477,1120,20241116,199.0,Success,Debit Card
5247,1478,1121,20241203,149.0,Success,UPI
5248,1479,1122,20230208,149.0,Success,Credit Card
5249,1480,1123,20230915,799.0,Success,Debit Card
5250,1481,1124,20230922,499.0,Success,Wallet
5251,1482,1124,20231025,199.0,Success,Credit Card
5252,1483,1125,20240319,149.0,Success,Credit Card
5253,1484,1126,20240701,149.0,Failed,UPI
5254,1485,1127,20240822,799.0,Success,Credit Card
5255,1486,1127,20241004,499.0,Success,PayPal
5256,1487,1128,20240529,199.0,Success,PayPal
5257,1488,1128,20240713,799.0,Success,Credit Card
5258,1489,1129,20240913,199.0,Success,PayPal
5259,1490,1130,20240126,199.0,Success,Debit Card
5260,1491,1131,20230610,499.0,Success,UPI
5261,1492,1132,20240712,199.0,Success,PayPal
5262,1492,1132,20240811,199.0,Success,Credit Card
5263,1492,1132,20240910,199.0,Success,Debit Card
5264,1492,1132,20241010,199.0,Failed,Credit Card
5265,1492,1132,20241109,199.0,Success,PayPal
5266,1493,1133,20241124,149.0,Success,Credit Card
5267,1494,1134,20230112,799.0,Success,Debit Card
5268,1494,1134,20230211,799.0,Success,UPI
5269,1494,1134,20230313,799.0,Success,Credit Card
5270,1495,1135,20230212,199.0,Success,PayPal
5271,1495,1135,20230314,199.0,Success,Wallet
5272,1495,1135,20230413,199.0,Success,Wallet
5273,1495,1135,20230513,199.0,Success,Debit Card
5274,1495,1135,20230612,199.0,Success,Credit Card
5275,1495,1135,20230712,199.0,Success,PayPal
5276,1495,1135,20230811,199.0,Success,UPI
5277,1495,1135,20230910,199.0,Success,UPI
5278,1495,1135,20231010,199.0,Success,PayPal
5279,1495,1135,20231109,199.0,Success,UPI
5280,1495,1135,20231209,199.0,Success,Debit Card
5281,1495,1135,20240108,199.0,Success,PayPal
5282,1496,1135,20240209,149.0,Success,UPI
5283,1497,1135,20240319,499.0,Success,UPI
5284,1497,1135,20240418,499.0,Success,Debit Card
5285,1497,1135,20240518,499.0,Success,Wallet
5286,1497,1135,20240617,499.0,Success,Debit Card
5287,1497,1135,20240717,499.0,Success,Debit Card
5288,1497,1135,20240816,499.0,Success,Wallet
5289,1498,1136,20240714,799.0,Success,PayPal
5290,1499,1136,20240817,199.0,Success,PayPal
5291,1499,1136,20240916,199.0,Success,Wallet
5292,1499,1136,20241016,199.0,Success,UPI
5293,1499,1136,20241115,199.0,Success,Credit Card
5294,1500,1137,20231219,799.0,Success,UPI
5295,1501,1137,20240118,799.0,Success,Credit Card
5296,1501,1137,20240217,799.0,Success,PayPal
5297,1501,1137,20240318,799.0,Success,PayPal
5298,1502,1138,20240608,499.0,Success,Wallet
5299,1502,1138,20240708,499.0,Success,Wallet
5300,1502,1138,20240807,499.0,Success,Credit Card
5301,1502,1138,20240906,499.0,Success,UPI
5302,1502,1138,20241006,499.0,Failed,UPI
5303,1502,1138,20241105,499.0,Success,PayPal
5304,1503,1139,20230916,149.0,Success,Credit Card
5305,1503,1139,20231016,149.0,Success,UPI
5306,1503,1139,20231115,149.0,Success,UPI
5307,1504,1140,20240803,149.0,Success,PayPal
5308,1505,1140,20240921,799.0,Success,PayPal
5309,1505,1140,20241021,799.0,Success,Credit Card
5310,1505,1140,20241120,799.0,Success,PayPal
5311,1506,1141,20240716,799.0,Success,PayPal
5312,1506,1141,20240815,799.0,Success,Wallet
5313,1506,1141,20240914,799.0,Success,Wallet
5314,1507,1142,20241118,799.0,Success,UPI
5315,1508,1143,20240817,199.0,Success,Credit Card
5316,1508,1143,20240916,199.0,Success,Wallet
5317,1508,1143,20241016,199.0,Success,Debit Card
5318,1509,1144,20241118,499.0,Success,PayPal
5319,1510,1145,20230313,799.0,Success,Debit Card
5320,1510,1145,20230412,799.0,Success,PayPal
5321,1510,1145,20230512,799.0,Success,UPI
5322,1510,1145,20230611,799.0,Success,PayPal
5323,1510,1145,20230711,799.0,Success,Credit Card
5324,1510,1145,20230810,799.0,Success,UPI
5325,1510,1145,20230909,799.0,Success,Wallet
5326,1510,1145,20231009,799.0,Success,UPI
5327,1510,1145,20231108,799.0,Success,UPI
5328,1510,1145,20231208,799.0,Success,Credit Card
5329,1510,1145,20240107,799.0,Success,PayPal
5330,1510,1145,20240206,799.0,Success,Credit Card
5331,1511,1145,20240320,799.0,Success,Credit Card
5332,1511,1145,20240419,799.0,Success,Debit Card
5333,1511,1145,20240519,799.0,Success,Debit Card
5334,1511,1145,20240618,799.0,Success,Wallet
5335,1511,1145,20240718,799.0,Success,UPI
5336,1511,1145,20240817,799.0,Success,PayPal
5337,1512,1146,20240923,149.0,Success,Debit Card
5338,1513,1147,20240802,799.0,Success,Debit Card
5339,1513,1147,20240901,799.0,Success,Debit Card
5340,1513,1147,20241001,799.0,Success,UPI
5341,1514,1147,20241031,499.0,Success,UPI
5342,1514,1147,20241130,499.0,Success,Credit Card
5343,1515,1148,20240314,199.0,Success,Wallet
5344,1515,1148,20240413,199.0,Success,Debit Card
5345,1515,1148,20240513,199.0,Success,UPI
5346,1515,1148,20240612,199.0,Success,PayPal
5347,1515,1148,20240712,199.0,Success,Wallet
5348,1515,1148,20240811,199.0,Success,PayPal
5349,1515,1148,20240910,199.0,Success,Credit Card
5350,1515,1148,20241010,199.0,Success,Wallet
5351,1515,1148,20241109,199.0,Success,Debit Card
5352,1516,1149,20230815,499.0,Success,Credit Card
5353,1517,1150,20240104,499.0,Success,Debit Card
5354,1517,1150,20240203,499.0,Success,PayPal
5355,1517,1150,20240304,499.0,Success,Wallet
5356,1517,1150,20240403,499.0,Success,PayPal
5357,1517,1150,20240503,499.0,Success,UPI
5358,1517,1150,20240602,499.0,Success,Wallet
5359,1518,1150,20240722,499.0,Success,PayPal
5360,1519,1151,20240506,799.0,Success,Wallet
5361,1519,1151,20240605,799.0,Success,PayPal
5362,1519,1151,20240705,799.0,Success,Wallet
5363,1519,1151,20240804,799.0,Success,UPI
5364,1519,1151,20240903,799.0,Success,Wallet
5365,1519,1151,20241003,799.0,Success,PayPal
5366,1519,1151,20241102,799.0,Success,Wallet
5367,1520,1152,20240513,199.0,Success,Wallet
5368,1520,1152,20240612,199.0,Failed,Wallet
5369,1520,1152,20240712,199.0,Failed,PayPal
5370,1520,1152,20240811,199.0,Success,Debit Card
5371,1520,1152,20240910,199.0,Success,Credit Card
5372,1520,1152,20241010,199.0,Success,Wallet
5373,1520,1152,20241109,199.0,Success,PayPal
5374,1521,1153,20230325,149.0,Success,Debit Card
5375,1521,1153,20230424,149.0,Success,Credit Card
5376,1521,1153,20230524,149.0,Success,UPI
5377,1522,1154,20240705,499.0,Success,Debit Card
5378,1523,1154,20240810,149.0,Success,PayPal
5379,1524,1155,20230320,199.0,Success,Credit Card
5380,1525,1155,20230419,199.0,Success,UPI
5381,1526,1156,20240603,149.0,Success,Debit Card
5382,1526,1156,20240703,149.0,Success,PayPal
5383,1526,1156,20240802,149.0,Success,Wallet
5384,1526,1156,20240901,149.0,Success,Debit Card
5385,1526,1156,20241001,149.0,Success,Debit Card
5386,1526,1156,20241031,149.0,Success,UPI
5387,1527,1156,20241203,199.0,Success,Wallet
5388,1528,1157,20240219,199.0,Success,Credit Card
5389,1529,1158,20230924,199.0,Success,PayPal
5390,1529,1158,20231024,199.0,Success,UPI
5391,1529,1158,20231123,199.0,Success,Debit Card
5392,1529,1158,20231223,199.0,Success,Debit Card
5393,1529,1158,20240122,199.0,Success,Credit Card
5394,1529,1158,20240221,199.0,Success,Credit Card
5395,1530,1158,20240411,499.0,Success,Debit Card
5396,1531,1158,20240526,499.0,Success,PayPal
5397,1531,1158,20240625,499.0,Success,UPI
5398,1531,1158,20240725,499.0,Success,PayPal
5399,1531,1158,20240824,499.0,Success,Wallet
5400,1531,1158,20240923,499.0,Success,Credit Card
5401,1531,1158,20241023,499.0,Success,Credit Card
5402,1532,1159,20241031,149.0,Success,PayPal
5403,1532,1159,20241130,149.0,Success,PayPal
5404,1533,1160,20240826,799.0,Success,Debit Card
5405,1533,1160,20240925,799.0,Success,Credit Card
5406,1533,1160,20241025,799.0,Success,Wallet
5407,1534,1161,20240528,149.0,Success,Credit Card
5408,1534,1161,20240627,149.0,Success,Wallet
5409,1534,1161,20240727,149.0,Success,Wallet
5410,1534,1161,20240826,149.0,Success,PayPal
5411,1534,1161,20240925,149.0,Success,Debit Card
5412,1534,1161,20241025,149.0,Success,PayPal
5413,1535,1161,20241206,499.0,Success,Credit Card
5414,1536,1162,20230111,799.0,Success,Wallet
5415,1537,1163,20240920,149.0,Success,UPI
5416,1538,1164,20240401,799.0,Success,UPI
5417,1539,1165,20241106,-799.0,Refunded,Debit Card
5418,1540,1166,20240103,499.0,Success,PayPal
5419,1541,1167,20230306,199.0,Success,Credit Card
5420,1541,1167,20230405,199.0,Success,PayPal
5421,1541,1167,20230505,199.0,Success,Debit Card
5422,1542,1167,20230611,799.0,Success,Debit Card
5423,1542,1167,20230711,799.0,Success,Debit Card
5424,1542,1167,20230810,799.0,Success,Credit Card
5425,1542,1167,20230909,799.0,Success,PayPal
5426,1542,1167,20231009,799.0,Success,Debit Card
5427,1542,1167,20231108,799.0,Success,UPI
5428,1543,1168,20230731,799.0,Success,PayPal
5429,1543,1168,20230830,799.0,Success,PayPal
5430,1543,1168,20230929,799.0,Failed,Debit Card
5431,1544,1169,20240425,149.0,Success,UPI
5432,1544,1169,20240525,149.0,Success,PayPal
5433,1544,1169,20240624,149.0,Success,PayPal
5434,1544,1169,20240724,149.0,Success,UPI
5435,1544,1169,20240823,149.0,Success,PayPal
5436,1544,1169,20240922,149.0,Success,Wallet
5437,1545,1170,20241026,499.0,Success,UPI
5438,1546,1171,20241010,499.0,Success,Debit Card
5439,1546,1171,20241109,499.0,Success,Wallet
5440,1547,1172,20240711,499.0,Success,Wallet
5441,1548,1173,20240110,199.0,Success,UPI
5442,1549,1174,20240613,799.0,Success,Credit Card
5443,1549,1174,20240713,799.0,Success,Credit Card
5444,1549,1174,20240812,799.0,Success,UPI
5445,1549,1174,20240911,799.0,Success,Credit Card
5446,1549,1174,20241011,799.0,Failed,Credit Card
5447,1549,1174,20241110,799.0,Success,Debit Card
5448,1550,1175,20240612,499.0,Success,Debit Card
5449,1550,1175,20240712,499.0,Success,PayPal
5450,1550,1175,20240811,499.0,Success,Debit Card
5451,1550,1175,20240910,499.0,Success,Credit Card
5452,1550,1175,20241010,499.0,Success,Debit Card
5453,1550,1175,20241109,499.0,Success,Debit Card
5454,1551,1176,20240513,149.0,Success,UPI
5455,1551,1176,20240612,149.0,Success,Wallet
5456,1551,1176,20240712,149.0,Success,Debit Card
5457,1552,1176,20240818,799.0,Success,PayPal
5458,1552,1176,20240917,799.0,Success,UPI
5459,1552,1176,20241017,799.0,Success,PayPal
5460,1552,1176,20241116,799.0,Success,Debit Card
5461,1553,1177,20230523,199.0,Success,UPI
5462,1553,1177,20230622,199.0,Success,Debit Card
5463,1553,1177,20230722,199.0,Success,Debit Card
5464,1553,1177,20230821,199.0,Success,UPI
5465,1553,1177,20230920,199.0,Success,PayPal
5466,1553,1177,20231020,199.0,Failed,Credit Card
5467,1553,1177,20231119,199.0,Success,Credit Card
5468,1553,1177,20231219,199.0,Success,Wallet
5469,1553,1177,20240118,199.0,Success,Wallet
5470,1553,1177,20240217,199.0,Success,Debit Card
5471,1553,1177,20240318,199.0,Success,Credit Card
5472,1553,1177,20240417,199.0,Success,Debit Card
5473,1554,1178,20241020,199.0,Success,Wallet
5474,1554,1178,20241119,199.0,Success,Credit Card
5475,1555,1179,20240106,199.0,Success,PayPal
5476,1556,1180,20230824,-199.0,Refunded,Wallet
5477,1556,1180,20230923,199.0,Success,UPI
5478,1556,1180,20231023,199.0,Success,Wallet
5479,1557,1181,20240508,199.0,Success,PayPal
5480,1558,1181,20240612,499.0,Success,Debit Card
5481,1559,1182,20230615,499.0,Success,Credit Card
5482,1559,1182,20230715,499.0,Success,Wallet
5483,1559,1182,20230814,499.0,Success,UPI
5484,1559,1182,20230913,499.0,Success,Debit Card
5485,1559,1182,20231013,499.0,Success,Credit Card
5486,1559,1182,20231112,499.0,Success,Credit Card
5487,1559,1182,20231212,499.0,Success,Credit Card
5488,1559,1182,20240111,499.0,Success,Debit Card
5489,1559,1182,20240210,499.0,Success,Wallet
5490,1559,1182,20240311,499.0,Success,Credit Card
5491,1559,1182,20240410,499.0,Success,PayPal
5492,1559,1182,20240510,499.0,Success,PayPal
5493,1560,1182,20240613,149.0,Success,Wallet
5494,1561,1183,20230214,149.0,Success,Credit Card
5495,1562,1184,20241006,799.0,Success,Debit Card
5496,1563,1185,20230227,499.0,Success,PayPal
5497,1563,1185,20230329,499.0,Success,PayPal
5498,1563,1185,20230428,499.0,Success,PayPal
5499,1564,1186,20240220,499.0,Success,PayPal
5500,1565,1187,20241108,799.0,Success,Debit Card
5501,1566,1188,20240913,199.0,Success,PayPal
5502,1566,1188,20241013,199.0,Success,Wallet
5503,1566,1188,20241112,199.0,Success,UPI
5504,1567,1188,20241223,149.0,Success,PayPal
5505,1568,1189,20240225,799.0,Success,Debit Card
5506,1569,1190,20230706,499.0,Success,Wallet
5507,1570,1190,20230808,499.0,Success,Credit Card
5508,1570,1190,20230907,499.0,Success,Debit Card
5509,1570,1190,20231007,499.0,Success,Debit Card
5510,1570,1190,20231106,499.0,Success,PayPal
5511,1570,1190,20231206,499.0,Success,UPI
5512,1570,1190,20240105,499.0,Success,Wallet
5513,1571,1191,20241203,199.0,Success,Wallet
5514,1572,1192,20230312,799.0,Success,UPI
5515,1572,1192,20230411,799.0,Success,UPI
5516,1572,1192,20230511,799.0,Success,Credit Card
5517,1572,1192,20230610,799.0,Success,Debit Card
5518,1572,1192,20230710,799.0,Success,Debit Card
5519,1572,1192,20230809,799.0,Success,PayPal
5520,1573,1193,20230117,-199.0,Refunded,Wallet
5521,1573,1193,20230216,199.0,Success,Credit Card
5522,1573,1193,20230318,199.0,Success,Debit Card
5523,1573,1193,20230417,199.0,Success,Wallet
5524,1573,1193,20230517,199.0,Success,UPI
5525,1573,1193,20230616,199.0,Success,Credit Card
5526,1573,1193,20230716,199.0,Success,Debit Card
5527,1573,1193,20230815,199.0,Success,PayPal
5528,1573,1193,20230914,199.0,Success,UPI
5529,1573,1193,20231014,199.0,Success,Debit Card
5530,1573,1193,20231113,199.0,Success,UPI
5531,1573,1193,20231213,199.0,Success,Debit Card
5532,1574,1194,20241201,149.0,Success,Credit Card
5533,1575,1195,20230701,799.0,Success,Debit Card
5534,1575,1195,20230731,799.0,Success,Debit Card
5535,1575,1195,20230830,799.0,Success,UPI
5536,1575,1195,20230929,799.0,Success,UPI
5537,1575,1195,20231029,799.0,Success,Debit Card
5538,1575,1195,20231128,799.0,Success,PayPal
5539,1576,1195,20231230,499.0,Success,UPI
5540,1576,1195,20240129,499.0,Success,PayPal
5541,1576,1195,20240228,499.0,Success,PayPal
5542,1576,1195,20240329,499.0,Success,Credit Card
5543,1576,1195,20240428,499.0,Success,Wallet
5544,1576,1195,20240528,499.0,Success,UPI
5545,1576,1195,20240627,499.0,Success,Credit Card
5546,1576,1195,20240727,499.0,Success,Debit Card
5547,1576,1195,20240826,499.0,Success,Credit Card
5548,1576,1195,20240925,499.0,Success,UPI
5549,1576,1195,20241025,499.0,Success,PayPal
5550,1576,1195,20241124,499.0,Success,Wallet
5551,1577,1196,20240628,149.0,Success,PayPal
5552,1578,1197,20241106,149.0,Success,Wallet
5553,1579,1198,20230102,799.0,Success,Credit Card
5554,1580,1198,20230210,149.0,Success,PayPal
5555,1580,1198,20230312,149.0,Success,Credit Card
5556,1580,1198,20230411,149.0,Success,Debit Card
5557,1580,1198,20230511,149.0,Success,PayPal
5558,1580,1198,20230610,149.0,Success,UPI
5559,1580,1198,20230710,149.0,Success,Debit Card
5560,1581,1199,20240115,199.0,Success,UPI
5561,1581,1199,20240214,199.0,Success,Wallet
5562,1581,1199,20240315,199.0,Success,UPI
5563,1582,1200,20240508,799.0,Success,Wallet
5564,1583,1201,20241214,799.0,Success,Wallet
5565,1584,1202,20240503,199.0,Success,Credit Card
5566,1584,1202,20240602,-199.0,Refunded,Wallet
5567,1584,1202,20240702,199.0,Success,UPI
5568,1584,1202,20240801,199.0,Success,Debit Card
5569,1584,1202,20240831,199.0,Success,Wallet
5570,1584,1202,20240930,199.0,Success,Wallet
5571,1584,1202,20241030,199.0,Success,Debit Card
5572,1584,1202,20241129,199.0,Success,Wallet
5573,1585,1203,20240904,199.0,Success,Wallet
5574,1585,1203,20241004,199.0,Success,Debit Card
5575,1585,1203,20241103,199.0,Success,Credit Card
5576,1586,1204,20241227,199.0,Success,Credit Card
5577,1587,1205,20230501,799.0,Success,UPI
5578,1587,1205,20230531,799.0,Success,Credit Card
5579,1587,1205,20230630,799.0,Success,UPI
5580,1587,1205,20230730,799.0,Success,Wallet
5581,1587,1205,20230829,799.0,Success,PayPal
5582,1587,1205,20230928,799.0,Success,PayPal
5583,1587,1205,20231028,799.0,Success,PayPal
5584,1587,1205,20231127,799.0,Success,PayPal
5585,1587,1205,20231227,799.0,Success,UPI
5586,1587,1205,20240126,799.0,Failed,Wallet
5587,1587,1205,20240225,-799.0,Refunded,Credit Card
5588,1587,1205,20240326,799.0,Success,Debit Card
5589,1588,1206,20241205,499.0,Success,PayPal
5590,1589,1207,20240312,149.0,Success,Credit Card
5591,1589,1207,20240411,149.0,Success,PayPal
5592,1589,1207,20240511,149.0,Success,UPI
5593,1589,1207,20240610,149.0,Success,PayPal
5594,1589,1207,20240710,149.0,Success,PayPal
5595,1589,1207,20240809,149.0,Success,UPI
5596,1589,1207,20240908,149.0,Success,Debit Card
5597,1589,1207,20241008,149.0,Success,Wallet
5598,1589,1207,20241107,149.0,Success,Debit Card
5599,1590,1208,20240702,199.0,Success,Debit Card
5600,1590,1208,20240801,199.0,Success,PayPal
5601,1590,1208,20240831,199.0,Success,Credit Card
5602,1591,1209,20241127,499.0,Success,Wallet
5603,1592,1210,20240724,799.0,Success,UPI
5604,1593,1211,20240510,499.0,Success,UPI
5605,1594,1212,20241223,149.0,Success,Wallet
5606,1595,1213,20241106,199.0,Success,Credit Card
5607,1596,1214,20241217,-499.0,Refunded,Debit Card
5608,1597,1215,20231213,199.0,Success,Wallet
5609,1597,1215,20240112,199.0,Success,UPI
5610,1597,1215,20240211,-199.0,Refunded,Wallet
5611,1597,1215,20240312,199.0,Success,UPI
5612,1597,1215,20240411,199.0,Success,Wallet
5613,1597,1215,20240511,199.0,Success,UPI
5614,1597,1215,20240610,199.0,Success,Debit Card
5615,1597,1215,20240710,199.0,Success,UPI
5616,1597,1215,20240809,199.0,Success,UPI
5617,1597,1215,20240908,199.0,Success,PayPal
5618,1597,1215,20241008,199.0,Success,PayPal
5619,1597,1215,20241107,199.0,Success,PayPal
5620,1598,1216,20230223,199.0,Success,PayPal
5621,1599,1217,20230404,499.0,Success,Credit Card
5622,1599,1217,20230504,499.0,Success,Debit Card
5623,1599,1217,20230603,499.0,Success,Wallet
5624,1600,1218,20230401,499.0,Success,Wallet
5625,1601,1218,20230516,199.0,Success,PayPal
5626,1601,1218,20230615,199.0,Success,UPI
5627,1601,1218,20230715,199.0,Success,UPI
5628,1601,1218,20230814,199.0,Success,Credit Card
5629,1601,1218,20230913,199.0,Success,Credit Card
5630,1601,1218,20231013,199.0,Success,Wallet
5631,1601,1218,20231112,199.0,Success,Credit Card
5632,1601,1218,20231212,199.0,Success,UPI
5633,1601,1218,20240111,199.0,Success,Wallet
5634,1601,1218,20240210,199.0,Success,UPI
5635,1601,1218,20240311,199.0,Success,PayPal
5636,1601,1218,20240410,199.0,Success,PayPal
5637,1602,1218,20240530,149.0,Success,Wallet
5638,1603,1219,20240915,149.0,Success,Debit Card
5639,1604,1219,20241026,199.0,Success,Debit Card
5640,1604,1219,20241125,199.0,Success,Debit Card
5641,1605,1220,20240215,149.0,Success,Wallet
5642,1605,1220,20240316,149.0,Success,UPI
5643,1605,1220,20240415,149.0,Success,Wallet
5644,1605,1220,20240515,149.0,Success,Debit Card
5645,1605,1220,20240614,149.0,Success,PayPal
5646,1605,1220,20240714,149.0,Success,Credit Card
5647,1605,1220,20240813,149.0,Success,Credit Card
5648,1605,1220,20240912,149.0,Success,Wallet
5649,1605,1220,20241012,149.0,Success,UPI
5650,1605,1220,20241111,149.0,Success,Credit Card
5651,1606,1221,20240903,199.0,Success,Debit Card
5652,1607,1221,20241017,799.0,Success,PayPal
5653,1608,1221,20241121,199.0,Success,Credit Card
5654,1609,1222,20241017,149.0,Success,PayPal
5655,1609,1222,20241116,149.0,Success,PayPal
5656,1610,1223,20241103,499.0,Success,Credit Card
5657,1611,1224,20240905,149.0,Success,Wallet
5658,1612,1225,20230623,199.0,Success,UPI
5659,1612,1225,20230723,199.0,Success,Debit Card
5660,1612,1225,20230822,199.0,Success,PayPal
5661,1612,1225,20230921,199.0,Success,Credit Card
5662,1612,1225,20231021,199.0,Success,Wallet
5663,1612,1225,20231120,199.0,Success,PayPal
5664,1612,1225,20231220,199.0,Success,Wallet
5665,1612,1225,20240119,199.0,Success,Credit Card
5666,1612,1225,20240218,199.0,Success,PayPal
5667,1612,1225,20240319,199.0,Success,Debit Card
5668,1612,1225,20240418,199.0,Success,Credit Card
5669,1612,1225,20240518,199.0,Success,Debit Card
5670,1613,1226,20230101,499.0,Success,Credit Card
5671,1613,1226,20230131,499.0,Success,Debit Card
5672,1613,1226,20230302,499.0,Success,Debit Card
5673,1613,1226,20230401,499.0,Success,Wallet
5674,1613,1226,20230501,499.0,Success,Wallet
5675,1613,1226,20230531,499.0,Success,Credit Card
5676,1613,1226,20230630,499.0,Success,Credit Card
5677,1613,1226,20230730,499.0,Success,Debit Card
5678,1613,1226,20230829,499.0,Success,Credit Card
5679,1613,1226,20230928,499.0,Success,Wallet
5680,1613,1226,20231028,499.0,Success,Wallet
5681,1613,1226,20231127,499.0,Success,PayPal
5682,1614,1226,20240114,149.0,Success,PayPal
5683,1614,1226,20240213,149.0,Success,PayPal
5684,1614,1226,20240314,149.0,Success,PayPal
5685,1615,1227,20240214,499.0,Success,Debit Card
5686,1615,1227,20240315,499.0,Success,PayPal
5687,1615,1227,20240414,499.0,Success,Debit Card
5688,1615,1227,20240514,499.0,Success,Credit Card
5689,1615,1227,20240613,499.0,Success,Debit Card
5690,1615,1227,20240713,499.0,Success,PayPal
5691,1616,1228,20230725,199.0,Success,Debit Card
5692,1617,1229,20230403,799.0,Success,UPI
5693,1617,1229,20230503,799.0,Success,UPI
5694,1617,1229,20230602,799.0,Success,Wallet
5695,1618,1230,20240819,199.0,Success,Debit Card
5696,1619,1230,20240927,499.0,Success,PayPal
5697,1620,1230,20241108,499.0,Success,UPI
5698,1621,1231,20230820,199.0,Failed,PayPal
5699,1621,1231,20230919,199.0,Success,PayPal
5700,1621,1231,20231019,199.0,Success,Credit Card
5701,1621,1231,20231118,199.0,Success,PayPal
5702,1621,1231,20231218,199.0,Success,Credit Card
5703,1621,1231,20240117,199.0,Success,Wallet
5704,1622,1232,20240218,799.0,Success,Credit Card
5705,1622,1232,20240319,799.0,Success,UPI
5706,1622,1232,20240418,799.0,Success,PayPal
5707,1622,1232,20240518,799.0,Success,UPI
5708,1622,1232,20240617,799.0,Success,PayPal
5709,1622,1232,20240717,799.0,Success,UPI
5710,1623,1232,20240831,199.0,Success,Debit Card
5711,1623,1232,20240930,199.0,Failed,Wallet
5712,1623,1232,20241030,199.0,Success,PayPal
5713,1623,1232,20241129,199.0,Success,PayPal
5714,1624,1233,20240602,199.0,Success,PayPal
5715,1624,1233,20240702,199.0,Success,Credit Card
5716,1624,1233,20240801,199.0,Success,UPI
5717,1624,1233,20240831,199.0,Success,UPI
5718,1624,1233,20240930,199.0,Success,PayPal
5719,1624,1233,20241030,199.0,Success,PayPal
5720,1625,1233,20241202,499.0,Success,Debit Card
5721,1626,1234,20231215,499.0,Success,Wallet
5722,1627,1235,20240704,499.0,Success,Debit Card
5723,1627,1235,20240803,499.0,Success,Credit Card
5724,1627,1235,20240902,499.0,Success,PayPal
5725,1627,1235,20241002,499.0,Success,UPI
5726,1627,1235,20241101,499.0,Success,Wallet
5727,1627,1235,20241201,499.0,Success,Credit Card
5728,1628,1236,20240122,499.0,Success,Wallet
5729,1629,1237,20231214,799.0,Success,UPI
5730,1630,1237,20240116,499.0,Success,UPI
5731,1630,1237,20240215,499.0,Success,PayPal
5732,1630,1237,20240316,499.0,Success,Wallet
5733,1630,1237,20240415,499.0,Success,Wallet
5734,1630,1237,20240515,499.0,Success,PayPal
5735,1630,1237,20240614,499.0,Success,Debit Card
5736,1630,1237,20240714,499.0,Success,Credit Card
5737,1630,1237,20240813,499.0,Failed,UPI
5738,1630,1237,20240912,499.0,Success,Wallet
5739,1630,1237,20241012,499.0,Success,Wallet
5740,1630,1237,20241111,499.0,Success,PayPal
5741,1631,1238,20230129,799.0,Success,Wallet
5742,1631,1238,20230228,799.0,Failed,Credit Card
5743,1631,1238,20230330,799.0,Success,Credit Card
5744,1631,1238,20230429,799.0,Success,Debit Card
5745,1631,1238,20230529,799.0,Success,UPI
5746,1631,1238,20230628,799.0,Success,Debit Card
5747,1631,1238,20230728,799.0,Success,Credit Card
5748,1631,1238,20230827,799.0,Success,Debit Card
5749,1631,1238,20230926,799.0,Success,Wallet
5750,1631,1238,20231026,799.0,Success,Debit Card
5751,1631,1238,20231125,799.0,Success,PayPal
5752,1631,1238,20231225,799.0,Success,PayPal
5753,1632,1239,20241010,149.0,Success,Debit Card
5754,1632,1239,20241109,149.0,Success,UPI
5755,1633,1240,20231120,799.0,Success,UPI
5756,1634,1241,20230110,149.0,Success,PayPal
5757,1634,1241,20230209,149.0,Success,Wallet
5758,1634,1241,20230311,149.0,Success,Credit Card
5759,1634,1241,20230410,-149.0,Refunded,Credit Card
5760,1634,1241,20230510,149.0,Success,Wallet
5761,1634,1241,20230609,149.0,Success,UPI
5762,1635,1242,20230406,149.0,Success,Wallet
5763,1635,1242,20230506,149.0,Success,Credit Card
5764,1635,1242,20230605,149.0,Success,UPI
5765,1636,1242,20230712,499.0,Failed,Credit Card
5766,1636,1242,20230811,499.0,Success,Credit Card
5767,1636,1242,20230910,499.0,Success,UPI
5768,1636,1242,20231010,499.0,Success,PayPal
5769,1636,1242,20231109,499.0,Success,Credit Card
5770,1636,1242,20231209,499.0,Success,UPI
5771,1636,1242,20240108,499.0,Success,Wallet
5772,1636,1242,20240207,499.0,Success,PayPal
5773,1636,1242,20240308,499.0,Failed,Credit Card
5774,1636,1242,20240407,-499.0,Refunded,Credit Card
5775,1636,1242,20240507,499.0,Success,Credit Card
5776,1636,1242,20240606,499.0,Success,Credit Card
5777,1637,1242,20240713,799.0,Success,Wallet
5778,1637,1242,20240812,799.0,Success,Credit Card
5779,1637,1242,20240911,799.0,Success,Credit Card
5780,1637,1242,20241011,799.0,Success,PayPal
5781,1637,1242,20241110,799.0,Success,Debit Card
5782,1638,1243,20230319,199.0,Success,Wallet
5783,1638,1243,20230418,199.0,Success,Wallet
5784,1638,1243,20230518,199.0,Success,UPI
5785,1639,1243,20230630,799.0,Success,UPI
5786,1640,1244,20231229,149.0,Success,PayPal
5787,1641,1244,20240204,799.0,Success,PayPal
5788,1641,1244,20240305,799.0,Success,Debit Card
5789,1641,1244,20240404,799.0,Failed,UPI
5790,1642,1245,20241130,499.0,Success,PayPal
5791,1643,1246,20230905,799.0,Success,UPI
5792,1644,1247,20230913,199.0,Success,Debit Card
5793,1644,1247,20231013,199.0,Success,PayPal
5794,1644,1247,20231112,199.0,Success,Wallet
5795,1645,1247,20231216,149.0,Success,Debit Card
5796,1646,1247,20240203,149.0,Success,Wallet
5797,1647,1248,20230503,799.0,Success,Credit Card
5798,1647,1248,20230602,799.0,Success,Wallet
5799,1647,1248,20230702,799.0,Success,Wallet
5800,1647,1248,20230801,799.0,Success,UPI
5801,1647,1248,20230831,799.0,Success,Credit Card
5802,1647,1248,20230930,799.0,Success,Debit Card
5803,1648,1249,20240920,799.0,Success,Credit Card
5804,1648,1249,20241020,799.0,Success,Wallet
5805,1648,1249,20241119,799.0,Success,Wallet
5806,1649,1250,20230213,499.0,Success,UPI
5807,1650,1251,20240811,499.0,Success,Wallet
5808,1651,1252,20240607,149.0,Success,PayPal
5809,1651,1252,20240707,149.0,Success,PayPal
5810,1651,1252,20240806,149.0,Success,Credit Card
5811,1652,1252,20240920,499.0,Success,Wallet
5812,1652,1252,20241020,499.0,Success,Debit Card
5813,1652,1252,20241119,499.0,Success,Debit Card
5814,1653,1253,20230512,149.0,Success,Credit Card
5815,1653,1253,20230611,149.0,Success,Debit Card
5816,1653,1253,20230711,149.0,Success,Credit Card
5817,1654,1253,20230817,199.0,Success,UPI
5818,1655,1253,20230925,199.0,Success,UPI
5819,1655,1253,20231025,199.0,Success,Debit Card
5820,1655,1253,20231124,199.0,Success,Wallet
5821,1656,1254,20240707,499.0,Success,UPI
5822,1656,1254,20240806,499.0,Success,Debit Card
5823,1656,1254,20240905,499.0,Success,UPI
5824,1656,1254,20241005,499.0,Success,Credit Card
5825,1656,1254,20241104,499.0,Success,Credit Card
5826,1657,1255,20241203,499.0,Success,Credit Card
5827,1658,1256,20240614,149.0,Success,Wallet
5828,1659,1257,20241121,799.0,Success,Credit Card
5829,1660,1258,20240106,199.0,Success,Debit Card
5830,1660,1258,20240205,199.0,Success,UPI
5831,1660,1258,20240306,199.0,Success,Wallet
5832,1660,1258,20240405,199.0,Success,UPI
5833,1660,1258,20240505,199.0,Success,Credit Card
5834,1660,1258,20240604,199.0,Success,Wallet
5835,1661,1259,20230927,499.0,Success,UPI
5836,1661,1259,20231027,499.0,Success,Debit Card
5837,1661,1259,20231126,499.0,Success,Wallet
5838,1661,1259,20231226,499.0,Success,UPI
5839,1661,1259,20240125,499.0,Success,Credit Card
5840,1661,1259,20240224,499.0,Success,Debit Card
5841,1662,1259,20240331,799.0,Success,UPI
5842,1663,1260,20231218,149.0,Success,Wallet
5843,1663,1260,20240117,149.0,Success,PayPal
5844,1663,1260,20240216,149.0,Success,Wallet
5845,1663,1260,20240317,149.0,Failed,Wallet
5846,1663,1260,20240416,149.0,Failed,Wallet
5847,1663,1260,20240516,149.0,Success,Credit Card
5848,1664,1261,20240305,499.0,Success,Debit Card
5849,1664,1261,20240404,499.0,Failed,Debit Card
5850,1664,1261,20240504,499.0,Success,Debit Card
5851,1664,1261,20240603,499.0,Success,Wallet
5852,1664,1261,20240703,499.0,Success,Wallet
5853,1664,1261,20240802,499.0,Success,PayPal
5854,1664,1261,20240901,499.0,Success,PayPal
5855,1664,1261,20241001,499.0,Success,PayPal
5856,1664,1261,20241031,499.0,Success,PayPal
5857,1664,1261,20241130,499.0,Success,PayPal
5858,1665,1262,20240215,149.0,Success,Credit Card
5859,1665,1262,20240316,149.0,Success,PayPal
5860,1665,1262,20240415,149.0,Success,Debit Card
5861,1665,1262,20240515,149.0,Success,Wallet
5862,1665,1262,20240614,149.0,Success,Wallet
5863,1665,1262,20240714,149.0,Success,UPI
5864,1665,1262,20240813,149.0,Failed,Credit Card
5865,1665,1262,20240912,149.0,Success,Debit Card
5866,1665,1262,20241012,149.0,Success,UPI
5867,1665,1262,20241111,149.0,Success,Credit Card
5868,1666,1263,20240812,799.0,Success,Debit Card
5869,1666,1263,20240911,799.0,Success,Wallet
5870,1666,1263,20241011,799.0,Success,Wallet
5871,1666,1263,20241110,799.0,Success,PayPal
5872,1667,1264,20231004,149.0,Success,Wallet
5873,1667,1264,20231103,149.0,Success,Debit Card
5874,1667,1264,20231203,149.0,Success,Wallet
5875,1667,1264,20240102,149.0,Success,PayPal
5876,1667,1264,20240201,149.0,Success,UPI
5877,1667,1264,20240302,149.0,Success,UPI
5878,1667,1264,20240401,149.0,Success,Debit Card
5879,1667,1264,20240501,149.0,Success,Credit Card
5880,1667,1264,20240531,149.0,Success,Wallet
5881,1667,1264,20240630,149.0,Success,Credit Card
5882,1667,1264,20240730,149.0,Success,Wallet
5883,1667,1264,20240829,149.0,Failed,Debit Card
5884,1668,1265,20230720,799.0,Success,PayPal
5885,1669,1266,20240429,499.0,Success,Debit Card
5886,1669,1266,20240529,499.0,Success,Debit Card
5887,1669,1266,20240628,499.0,Success,Wallet
5888,1669,1266,20240728,499.0,Success,Debit Card
5889,1669,1266,20240827,499.0,Success,Wallet
5890,1669,1266,20240926,499.0,Success,PayPal
5891,1670,1266,20241108,199.0,Success,Credit Card
5892,1671,1267,20241007,149.0,Success,Debit Card
5893,1671,1267,20241106,149.0,Success,PayPal
5894,1672,1268,20240513,799.0,Success,PayPal
5895,1672,1268,20240612,799.0,Success,Debit Card
5896,1672,1268,20240712,799.0,Success,Wallet
5897,1672,1268,20240811,799.0,Success,Debit Card
5898,1672,1268,20240910,799.0,Success,Credit Card
5899,1672,1268,20241010,799.0,Success,PayPal
5900,1673,1268,20241124,149.0,Success,Credit Card
5901,1674,1269,20230218,149.0,Success,UPI
5902,1675,1269,20230320,499.0,Success,UPI
5903,1675,1269,20230419,499.0,Success,Wallet
5904,1675,1269,20230519,499.0,Success,Credit Card
5905,1675,1269,20230618,499.0,Success,Wallet
5906,1675,1269,20230718,499.0,Success,UPI
5907,1675,1269,20230817,499.0,Success,Credit Card
5908,1675,1269,20230916,499.0,Success,Debit Card
5909,1675,1269,20231016,499.0,Success,Debit Card
5910,1675,1269,20231115,499.0,Success,Credit Card
5911,1675,1269,20231215,499.0,Failed,Credit Card
5912,1675,1269,20240114,499.0,Success,PayPal
5913,1675,1269,20240213,499.0,Success,Wallet
5914,1676,1269,20240319,149.0,Success,PayPal
5915,1677,1270,20230809,149.0,Success,Credit Card
5916,1678,1270,20230913,499.0,Success,UPI
5917,1679,1271,20240405,149.0,Success,PayPal
5918,1679,1271,20240505,149.0,Success,PayPal
5919,1679,1271,20240604,149.0,Success,PayPal
5920,1680,1272,20240727,199.0,Success,PayPal
5921,1680,1272,20240826,199.0,Success,PayPal
5922,1680,1272,20240925,199.0,Success,Credit Card
5923,1680,1272,20241025,199.0,Success,Wallet
5924,1680,1272,20241124,199.0,Success,Debit Card
5925,1681,1273,20230121,499.0,Success,Wallet
5926,1681,1273,20230220,499.0,Success,Wallet
5927,1681,1273,20230322,499.0,Success,Wallet
5928,1681,1273,20230421,499.0,Success,Debit Card
5929,1681,1273,20230521,499.0,Success,Credit Card
5930,1681,1273,20230620,499.0,Success,Debit Card
5931,1681,1273,20230720,499.0,Success,Credit Card
5932,1681,1273,20230819,499.0,Success,Debit Card
5933,1681,1273,20230918,499.0,Success,Wallet
5934,1681,1273,20231018,499.0,Success,PayPal
5935,1681,1273,20231117,499.0,Success,UPI
5936,1681,1273,20231217,499.0,Success,PayPal
5937,1682,1274,20240912,799.0,Success,UPI
5938,1682,1274,20241012,799.0,Success,Credit Card
5939,1682,1274,20241111,799.0,Success,UPI
5940,1683,1275,20240705,-799.0,Refunded,Wallet
5941,1684,1276,20231129,199.0,Success,Wallet
5942,1685,1277,20240402,199.0,Success,Debit Card
5943,1686,1278,20241008,199.0,Success,Debit Card
5944,1687,1279,20231212,149.0,Success,Credit Card
5945,1687,1279,20240111,-149.0,Refunded,Debit Card
5946,1687,1279,20240210,149.0,Success,PayPal
5947,1688,1280,20230315,199.0,Success,Credit Card
5948,1689,1281,20231121,499.0,Success,PayPal
5949,1690,1282,20241022,799.0,Success,PayPal
5950,1691,1282,20241130,499.0,Success,PayPal
5951,1692,1283,20240107,149.0,Success,Wallet
5952,1692,1283,20240206,-149.0,Refunded,PayPal
5953,1692,1283,20240307,149.0,Success,Credit Card
5954,1692,1283,20240406,149.0,Success,Wallet
5955,1692,1283,20240506,149.0,Success,Debit Card
5956,1692,1283,20240605,149.0,Success,UPI
5957,1692,1283,20240705,149.0,Success,Wallet
5958,1692,1283,20240804,149.0,Success,PayPal
5959,1692,1283,20240903,149.0,Success,Debit Card
5960,1692,1283,20241003,149.0,Success,PayPal
5961,1692,1283,20241102,149.0,Success,UPI
5962,1693,1284,20240228,499.0,Success,UPI
5963,1693,1284,20240329,499.0,Success,PayPal
5964,1693,1284,20240428,499.0,Success,Credit Card
5965,1693,1284,20240528,499.0,Success,Debit Card
5966,1693,1284,20240627,499.0,Success,PayPal
5967,1693,1284,20240727,499.0,Success,UPI
5968,1693,1284,20240826,499.0,Success,Wallet
5969,1693,1284,20240925,499.0,Failed,PayPal
5970,1693,1284,20241025,499.0,Success,PayPal
5971,1693,1284,20241124,499.0,Success,UPI
5972,1694,1285,20230829,199.0,Success,UPI
5973,1694,1285,20230928,199.0,Success,Credit Card
5974,1694,1285,20231028,199.0,Success,UPI
5975,1694,1285,20231127,-199.0,Refunded,UPI
5976,1694,1285,20231227,199.0,Success,Debit Card
5977,1694,1285,20240126,199.0,Failed,PayPal
5978,1694,1285,20240225,199.0,Success,UPI
5979,1694,1285,20240326,199.0,Success,Debit Card
5980,1694,1285,20240425,199.0,Success,UPI
5981,1694,1285,20240525,199.0,Success,PayPal
5982,1694,1285,20240624,199.0,Success,UPI
5983,1694,1285,20240724,199.0,Success,UPI
5984,1695,1286,20230323,799.0,Success,Wallet
5985,1696,1286,20230503,799.0,Success,Wallet
5986,1697,1287,20230307,499.0,Success,Debit Card
5987,1698,1288,20240211,499.0,Success,UPI
5988,1698,1288,20240312,499.0,Success,Debit Card
5989,1698,1288,20240411,499.0,Success,PayPal
5990,1698,1288,20240511,499.0,Failed,Wallet
5991,1698,1288,20240610,499.0,Success,Wallet
5992,1698,1288,20240710,-499.0,Refunded,Credit Card
5993,1698,1288,20240809,499.0,Success,Credit Card
5994,1698,1288,20240908,499.0,Success,Wallet
5995,1698,1288,20241008,499.0,Success,UPI
5996,1698,1288,20241107,499.0,Success,Credit Card
5997,1699,1289,20230926,199.0,Success,Credit Card
5998,1699,1289,20231026,199.0,Success,Credit Card
5999,1699,1289,20231125,199.0,Success,UPI
6000,1699,1289,20231225,199.0,Success,PayPal
6001,1699,1289,20240124,199.0,Success,PayPal
6002,1699,1289,20240223,199.0,Success,Debit Card
6003,1700,1289,20240413,199.0,Success,Debit Card
6004,1700,1289,20240513,199.0,Success,Wallet
6005,1700,1289,20240612,199.0,Success,UPI
6006,1701,1289,20240730,149.0,Success,Credit Card
6007,1702,1290,20240204,149.0,Success,UPI
6008,1702,1290,20240305,149.0,Success,PayPal
6009,1702,1290,20240404,149.0,Success,PayPal
6010,1703,1290,20240518,499.0,Success,UPI
6011,1703,1290,20240617,499.0,Success,PayPal
6012,1703,1290,20240717,499.0,Success,PayPal
6013,1703,1290,20240816,499.0,Success,Credit Card
6014,1703,1290,20240915,499.0,Success,UPI
6015,1703,1290,20241015,499.0,Success,Credit Card
6016,1703,1290,20241114,499.0,Success,PayPal
6017,1704,1291,20240329,149.0,Success,Wallet
6018,1704,1291,20240428,149.0,Success,Credit Card
6019,1704,1291,20240528,149.0,Success,Wallet
6020,1705,1292,20230624,199.0,Success,Wallet
6021,1705,1292,20230724,199.0,Success,Debit Card
6022,1705,1292,20230823,-199.0,Refunded,Wallet
6023,1705,1292,20230922,199.0,Success,Debit Card
6024,1705,1292,20231022,199.0,Success,Credit Card
6025,1705,1292,20231121,199.0,Success,Wallet
6026,1706,1293,20231130,149.0,Success,Debit Card
6027,1706,1293,20231230,149.0,Success,UPI
6028,1706,1293,20240129,149.0,Success,PayPal
6029,1707,1294,20231006,799.0,Success,UPI
6030,1707,1294,20231105,799.0,Success,Credit Card
6031,1707,1294,20231205,799.0,Success,Debit Card
6032,1707,1294,20240104,799.0,Success,PayPal
6033,1707,1294,20240203,799.0,Success,UPI
6034,1707,1294,20240304,799.0,Success,Wallet
6035,1708,1295,20241215,199.0,Success,PayPal
6036,1709,1296,20241008,199.0,Success,Credit Card
6037,1710,1297,20240620,499.0,Success,Debit Card
6038,1710,1297,20240720,499.0,Success,UPI
6039,1710,1297,20240819,499.0,Success,UPI
6040,1710,1297,20240918,499.0,Success,PayPal
6041,1710,1297,20241018,499.0,Success,Debit Card
6042,1710,1297,20241117,499.0,Success,Debit Card
6043,1711,1298,20231222,199.0,Success,Debit Card
6044,1711,1298,20240121,199.0,Success,Wallet
6045,1711,1298,20240220,199.0,Success,Wallet
6046,1711,1298,20240321,199.0,Success,Debit Card
6047,1711,1298,20240420,199.0,Success,Debit Card
6048,1711,1298,20240520,199.0,Success,UPI
6049,1711,1298,20240619,199.0,Success,Wallet
6050,1711,1298,20240719,199.0,Success,UPI
6051,1711,1298,20240818,199.0,Success,Debit Card
6052,1711,1298,20240917,199.0,Success,UPI
6053,1711,1298,20241017,199.0,Success,UPI
6054,1711,1298,20241116,199.0,Success,PayPal
6055,1712,1299,20240328,499.0,Success,Credit Card
6056,1713,1299,20240502,499.0,Success,UPI
6057,1713,1299,20240601,499.0,Success,Credit Card
6058,1713,1299,20240701,499.0,Success,UPI
6059,1714,1299,20240804,799.0,Success,UPI
6060,1714,1299,20240903,799.0,Success,PayPal
6061,1714,1299,20241003,799.0,Success,Wallet
6062,1715,1300,20231107,799.0,Success,Debit Card
6063,1715,1300,20231207,799.0,Success,PayPal
6064,1715,1300,20240106,799.0,Success,Debit Card
6065,1716,1301,20230520,799.0,Success,Wallet
6066,1717,1302,20241205,499.0,Success,Wallet
6067,1718,1303,20230110,149.0,Success,Credit Card
6068,1719,1304,20230108,499.0,Success,Debit Card
6069,1720,1305,20240728,499.0,Success,Debit Card
6070,1720,1305,20240827,499.0,Success,UPI
6071,1720,1305,20240926,499.0,Success,Debit Card
6072,1720,1305,20241026,499.0,Success,PayPal
6073,1720,1305,20241125,499.0,Failed,Credit Card
6074,1721,1306,20241023,149.0,Success,PayPal
6075,1721,1306,20241122,149.0,Success,Credit Card
6076,1722,1307,20230323,-499.0,Refunded,Wallet
6077,1723,1307,20230429,149.0,Success,PayPal
6078,1723,1307,20230529,149.0,Success,Debit Card
6079,1723,1307,20230628,-149.0,Refunded,Wallet
6080,1723,1307,20230728,149.0,Success,PayPal
6081,1723,1307,20230827,149.0,Success,Wallet
6082,1723,1307,20230926,149.0,Success,PayPal
6083,1724,1308,20240919,799.0,Success,UPI
6084,1724,1308,20241019,799.0,Success,PayPal
6085,1724,1308,20241118,799.0,Success,PayPal
6086,1725,1309,20240628,799.0,Success,Debit Card
6087,1726,1310,20230706,199.0,Success,Debit Card
6088,1726,1310,20230805,199.0,Success,PayPal
6089,1726,1310,20230904,199.0,Success,Credit Card
6090,1726,1310,20231004,-199.0,Refunded,Debit Card
6091,1726,1310,20231103,199.0,Failed,Wallet
6092,1726,1310,20231203,199.0,Success,UPI
6093,1726,1310,20240102,199.0,Success,UPI
6094,1726,1310,20240201,199.0,Success,PayPal
6095,1726,1310,20240302,199.0,Success,Wallet
6096,1726,1310,20240401,199.0,Success,PayPal
6097,1726,1310,20240501,199.0,Success,Debit Card
6098,1726,1310,20240531,199.0,Success,PayPal
6099,1727,1310,20240712,149.0,Success,Wallet
6100,1728,1310,20240814,149.0,Failed,Credit Card
6101,1728,1310,20240913,149.0,Success,Wallet
6102,1728,1310,20241013,149.0,Success,Debit Card
6103,1729,1311,20240924,799.0,Success,Credit Card
6104,1729,1311,20241024,799.0,Success,Wallet
6105,1729,1311,20241123,799.0,Success,Debit Card
6106,1730,1312,20230712,149.0,Success,Debit Card
6107,1730,1312,20230811,149.0,Success,Wallet
6108,1730,1312,20230910,149.0,Success,UPI
6109,1731,1313,20240701,149.0,Success,Credit Card
6110,1732,1314,20231003,199.0,Failed,Debit Card
6111,1732,1314,20231102,199.0,Success,Debit Card
6112,1732,1314,20231202,199.0,Success,Debit Card
6113,1732,1314,20240101,199.0,Success,Wallet
6114,1732,1314,20240131,199.0,Success,Credit Card
6115,1732,1314,20240301,199.0,Success,PayPal
6116,1732,1314,20240331,199.0,Success,Debit Card
6117,1732,1314,20240430,199.0,Success,UPI
6118,1732,1314,20240530,199.0,Success,Debit Card
6119,1732,1314,20240629,199.0,Success,Wallet
6120,1732,1314,20240729,199.0,Success,UPI
6121,1732,1314,20240828,199.0,Success,Credit Card
6122,1733,1315,20230827,799.0,Success,Wallet
6123,1734,1315,20231203,199.0,Success,UPI
6124,1735,1315,20240105,199.0,Success,UPI
6125,1735,1315,20240204,199.0,Success,UPI
6126,1735,1315,20240305,199.0,Success,UPI
6127,1736,1316,20231217,199.0,Success,UPI
6128,1736,1316,20240116,199.0,Success,Credit Card
6129,1736,1316,20240215,199.0,Success,Wallet
6130,1737,1316,20240322,499.0,Success,Wallet
6131,1738,1317,20240116,199.0,Success,Debit Card
6132,1738,1317,20240215,199.0,Success,UPI
6133,1738,1317,20240316,199.0,Success,Wallet
6134,1738,1317,20240415,199.0,Success,Wallet
6135,1738,1317,20240515,199.0,Success,Debit Card
6136,1738,1317,20240614,199.0,Success,Credit Card
6137,1738,1317,20240714,199.0,Success,UPI
6138,1738,1317,20240813,199.0,Success,Credit Card
6139,1738,1317,20240912,199.0,Success,Credit Card
6140,1738,1317,20241012,199.0,Success,Debit Card
6141,1738,1317,20241111,199.0,Success,UPI
6142,1739,1318,20230324,149.0,Success,PayPal
6143,1740,1318,20230512,499.0,Success,Debit Card
6144,1740,1318,20230611,499.0,Success,Credit Card
6145,1740,1318,20230711,499.0,Success,Debit Card
6146,1741,1319,20230315,499.0,Success,Debit Card
6147,1742,1320,20230914,799.0,Success,Wallet
6148,1742,1320,20231014,799.0,Success,Debit Card
6149,1742,1320,20231113,799.0,Success,PayPal
6150,1742,1320,20231213,799.0,Success,PayPal
6151,1742,1320,20240112,799.0,Success,Debit Card
6152,1742,1320,20240211,799.0,Success,UPI
6153,1742,1320,20240312,799.0,Success,UPI
6154,1742,1320,20240411,799.0,Success,Wallet
6155,1742,1320,20240511,799.0,Success,Credit Card
6156,1742,1320,20240610,799.0,Success,UPI
6157,1742,1320,20240710,799.0,Success,PayPal
6158,1742,1320,20240809,-799.0,Refunded,Wallet
6159,1743,1321,20230912,799.0,Success,Wallet
6160,1743,1321,20231012,799.0,Success,PayPal
6161,1743,1321,20231111,799.0,Success,UPI
6162,1743,1321,20231211,799.0,Success,PayPal
6163,1743,1321,20240110,799.0,Success,Credit Card
6164,1743,1321,20240209,799.0,Success,PayPal
6165,1743,1321,20240310,799.0,Success,Wallet
6166,1743,1321,20240409,799.0,Success,Wallet
6167,1743,1321,20240509,799.0,Success,PayPal
6168,1743,1321,20240608,799.0,Success,Debit Card
6169,1743,1321,20240708,799.0,Success,Credit Card
6170,1743,1321,20240807,799.0,Success,Debit Card
6171,1744,1321,20240907,149.0,Success,Debit Card
6172,1744,1321,20241007,149.0,Success,UPI
6173,1744,1321,20241106,149.0,Success,Credit Card
6174,1745,1322,20230204,499.0,Success,Wallet
6175,1746,1323,20240617,149.0,Success,PayPal
6176,1746,1323,20240717,149.0,Success,Debit Card
6177,1746,1323,20240816,149.0,Success,Wallet
6178,1747,1323,20241004,199.0,Success,PayPal
6179,1748,1324,20241128,199.0,Success,Wallet
6180,1749,1325,20230213,799.0,Success,UPI
6181,1749,1325,20230315,799.0,Success,PayPal
6182,1749,1325,20230414,799.0,Success,UPI
6183,1749,1325,20230514,799.0,Success,Debit Card
6184,1749,1325,20230613,799.0,Success,UPI
6185,1749,1325,20230713,799.0,Success,PayPal
6186,1749,1325,20230812,799.0,Success,PayPal
6187,1749,1325,20230911,799.0,Success,Credit Card
6188,1749,1325,20231011,799.0,Success,Wallet
6189,1749,1325,20231110,799.0,Success,Wallet
6190,1749,1325,20231210,799.0,Success,Debit Card
6191,1749,1325,20240109,799.0,Success,Debit Card
6192,1750,1325,20240225,499.0,Success,Credit Card
6193,1750,1325,20240326,-499.0,Refunded,Wallet
6194,1750,1325,20240425,499.0,Success,Debit Card
6195,1751,1326,20230917,499.0,Success,UPI
6196,1751,1326,20231017,499.0,Success,Wallet
6197,1751,1326,20231116,499.0,Failed,PayPal
6198,1751,1326,20231216,-499.0,Refunded,Debit Card
6199,1751,1326,20240115,499.0,Success,Wallet
6200,1751,1326,20240214,499.0,Success,Wallet
6201,1752,1326,20240315,799.0,Success,UPI
6202,1752,1326,20240414,799.0,Failed,PayPal
6203,1752,1326,20240514,799.0,Success,PayPal
6204,1752,1326,20240613,799.0,Success,Debit Card
6205,1752,1326,20240713,799.0,Success,PayPal
6206,1752,1326,20240812,799.0,Success,Debit Card
6207,1753,1326,20240929,499.0,Success,Credit Card
6208,1753,1326,20241029,499.0,Success,PayPal
6209,1753,1326,20241128,499.0,Success,Debit Card
6210,1754,1327,20230223,799.0,Success,Debit Card
6211,1754,1327,20230325,799.0,Success,Credit Card
6212,1754,1327,20230424,799.0,Success,Wallet
6213,1755,1328,20241010,499.0,Success,UPI
6214,1756,1329,20231010,499.0,Success,PayPal
6215,1756,1329,20231109,499.0,Success,Credit Card
6216,1756,1329,20231209,499.0,Success,Credit Card
6217,1757,1330,20230110,149.0,Failed,PayPal
6218,1758,1330,20230218,149.0,Success,Debit Card
6219,1759,1331,20241205,499.0,Success,PayPal
6220,1760,1332,20230912,499.0,Success,Debit Card
6221,1760,1332,20231012,499.0,Success,Wallet
6222,1760,1332,20231111,499.0,Success,Credit Card
6223,1761,1333,20231213,149.0,Success,Debit Card
6224,1762,1334,20230607,149.0,Success,Debit Card
6225,1763,1334,20230717,199.0,Success,PayPal
6226,1763,1334,20230816,199.0,Success,UPI
6227,1763,1334,20230915,199.0,Success,Wallet
6228,1763,1334,20231015,199.0,Success,Credit Card
6229,1763,1334,20231114,199.0,Success,Wallet
6230,1763,1334,20231214,199.0,Success,UPI
6231,1763,1334,20240113,199.0,Success,PayPal
6232,1763,1334,20240212,199.0,Success,UPI
6233,1763,1334,20240313,199.0,Success,Wallet
6234,1763,1334,20240412,199.0,Success,Credit Card
6235,1763,1334,20240512,199.0,Success,Credit Card
6236,1763,1334,20240611,199.0,Success,PayPal
6237,1764,1334,20240717,499.0,Success,Debit Card
6238,1765,1335,20240514,199.0,Success,UPI
6239,1766,1335,20240614,199.0,Success,Debit Card
6240,1766,1335,20240714,199.0,Success,Credit Card
6241,1766,1335,20240813,199.0,Success,Debit Card
6242,1766,1335,20240912,199.0,Success,Credit Card
6243,1766,1335,20241012,199.0,Success,Credit Card
6244,1766,1335,20241111,199.0,Success,Credit Card
6245,1767,1336,20241022,499.0,Success,PayPal
6246,1768,1337,20230717,499.0,Success,PayPal
6247,1768,1337,20230816,499.0,Success,Debit Card
6248,1768,1337,20230915,499.0,Success,PayPal
6249,1768,1337,20231015,499.0,Success,PayPal
6250,1768,1337,20231114,499.0,Success,Debit Card
6251,1768,1337,20231214,499.0,Success,Debit Card
6252,1769,1338,20230518,199.0,Success,Wallet
6253,1769,1338,20230617,199.0,Success,UPI
6254,1769,1338,20230717,199.0,Success,UPI
6255,1769,1338,20230816,199.0,Success,UPI
6256,1769,1338,20230915,199.0,Success,UPI
6257,1769,1338,20231015,199.0,Success,Credit Card
6258,1769,1338,20231114,199.0,Success,UPI
6259,1769,1338,20231214,199.0,Success,Credit Card
6260,1769,1338,20240113,199.0,Success,Wallet
6261,1769,1338,20240212,199.0,Success,UPI
6262,1769,1338,20240313,199.0,Success,PayPal
6263,1769,1338,20240412,199.0,Success,Wallet
6264,1770,1339,20240324,149.0,Success,PayPal
6265,1770,1339,20240423,149.0,Success,Debit Card
6266,1770,1339,20240523,149.0,Success,Debit Card
6267,1771,1340,20230714,199.0,Success,Wallet
6268,1771,1340,20230813,199.0,Success,UPI
6269,1771,1340,20230912,199.0,Success,Credit Card
6270,1771,1340,20231012,199.0,Success,Credit Card
6271,1771,1340,20231111,199.0,Success,Credit Card
6272,1771,1340,20231211,199.0,Success,Wallet
6273,1772,1341,20240424,799.0,Success,UPI
6274,1773,1341,20240604,199.0,Success,Wallet
6275,1774,1341,20240711,149.0,Success,PayPal
6276,1775,1342,20240721,499.0,Success,Credit Card
6277,1776,1342,20240826,499.0,Success,Credit Card
6278,1776,1342,20240925,499.0,Success,PayPal
6279,1776,1342,20241025,499.0,Success,PayPal
6280,1776,1342,20241124,499.0,Success,Credit Card
6281,1777,1343,20231030,799.0,Success,Credit Card
6282,1777,1343,20231129,799.0,Success,Debit Card
6283,1777,1343,20231229,799.0,Success,PayPal
6284,1778,1344,20241015,499.0,Success,Credit Card
6285,1779,1345,20230120,799.0,Success,UPI
6286,1780,1346,20230902,149.0,Success,PayPal
6287,1780,1346,20231002,149.0,Success,Wallet
6288,1780,1346,20231101,149.0,Success,Credit Card
6289,1780,1346,20231201,-149.0,Refunded,Credit Card
6290,1780,1346,20231231,-149.0,Refunded,PayPal
6291,1780,1346,20240130,149.0,Success,UPI
6292,1781,1347,20240705,149.0,Success,Wallet
6293,1781,1347,20240804,149.0,Success,UPI
6294,1781,1347,20240903,149.0,Success,Debit Card
6295,1781,1347,20241003,149.0,Failed,Wallet
6296,1781,1347,20241102,149.0,Success,Wallet
6297,1782,1348,20240718,499.0,Success,Credit Card
6298,1782,1348,20240817,499.0,Success,PayPal
6299,1782,1348,20240916,499.0,Success,Debit Card
6300,1783,1349,20241018,799.0,Success,UPI
6301,1783,1349,20241117,799.0,Success,UPI
6302,1784,1350,20230310,199.0,Success,Credit Card
6303,1784,1350,20230409,199.0,Failed,Credit Card
6304,1784,1350,20230509,199.0,Success,PayPal
6305,1784,1350,20230608,199.0,Success,PayPal
6306,1784,1350,20230708,199.0,Success,PayPal
6307,1784,1350,20230807,199.0,Success,Wallet
6308,1784,1350,20230906,199.0,Success,Wallet
6309,1784,1350,20231006,199.0,Success,UPI
6310,1784,1350,20231105,199.0,Success,UPI
6311,1784,1350,20231205,199.0,Success,PayPal
6312,1784,1350,20240104,199.0,Success,Debit Card
6313,1784,1350,20240203,199.0,Success,Debit Card
6314,1785,1350,20240304,199.0,Success,Credit Card
6315,1785,1350,20240403,199.0,Success,PayPal
6316,1785,1350,20240503,199.0,Success,UPI
6317,1785,1350,20240602,199.0,Success,Credit Card
6318,1785,1350,20240702,199.0,Success,Debit Card
6319,1785,1350,20240801,199.0,Success,UPI
6320,1786,1351,20230202,799.0,Success,Debit Card
6321,1787,1351,20230309,799.0,Success,Debit Card
6322,1787,1351,20230408,799.0,Success,Wallet
6323,1787,1351,20230508,799.0,Success,Wallet
6324,1787,1351,20230607,799.0,Success,Debit Card
6325,1787,1351,20230707,799.0,Success,UPI
6326,1787,1351,20230806,799.0,Success,UPI
6327,1787,1351,20230905,799.0,Success,UPI
6328,1787,1351,20231005,799.0,Success,Credit Card
6329,1787,1351,20231104,799.0,Success,PayPal
6330,1787,1351,20231204,799.0,Success,Credit Card
6331,1787,1351,20240103,799.0,Success,Credit Card
6332,1787,1351,20240202,799.0,Success,Credit Card
6333,1788,1352,20230202,-199.0,Refunded,PayPal
6334,1788,1352,20230304,199.0,Success,Debit Card
6335,1788,1352,20230403,199.0,Success,Wallet
6336,1788,1352,20230503,199.0,Success,Wallet
6337,1788,1352,20230602,199.0,Success,UPI
6338,1788,1352,20230702,199.0,Success,Credit Card
6339,1789,1353,20240516,499.0,Success,Debit Card
6340,1789,1353,20240615,499.0,Success,Debit Card
6341,1789,1353,20240715,499.0,Success,Credit Card
6342,1789,1353,20240814,499.0,Success,UPI
6343,1789,1353,20240913,499.0,Success,Credit Card
6344,1789,1353,20241013,499.0,Success,PayPal
6345,1789,1353,20241112,499.0,Success,PayPal
6346,1790,1354,20230220,199.0,Success,PayPal
6347,1791,1354,20230331,799.0,Success,Credit Card
6348,1792,1354,20230504,149.0,Success,UPI
6349,1792,1354,20230603,149.0,Success,Wallet
6350,1792,1354,20230703,149.0,Success,UPI
6351,1792,1354,20230802,149.0,Success,Debit Card
6352,1792,1354,20230901,149.0,Success,Debit Card
6353,1792,1354,20231001,149.0,Success,Debit Card
6354,1792,1354,20231031,149.0,Success,Credit Card
6355,1792,1354,20231130,149.0,Success,PayPal
6356,1792,1354,20231230,149.0,Success,Credit Card
6357,1792,1354,20240129,149.0,Success,UPI
6358,1792,1354,20240228,149.0,Success,PayPal
6359,1792,1354,20240329,149.0,Success,Wallet
6360,1793,1355,20230114,499.0,Success,UPI
6361,1794,1355,20230221,199.0,Success,UPI
6362,1795,1355,20230323,799.0,Success,UPI
6363,1796,1356,20230323,149.0,Success,Credit Card
6364,1796,1356,20230422,149.0,Success,Debit Card
6365,1796,1356,20230522,149.0,Success,Wallet
6366,1797,1357,20240725,799.0,Success,Wallet
6367,1797,1357,20240824,799.0,Success,Debit Card
6368,1797,1357,20240923,799.0,Success,UPI
6369,1797,1357,20241023,799.0,Success,Wallet
6370,1797,1357,20241122,799.0,Success,Debit Card
6371,1798,1358,20240113,499.0,Success,Debit Card
6372,1798,1358,20240212,499.0,Success,Credit Card
6373,1798,1358,20240313,499.0,Success,Debit Card
6374,1798,1358,20240412,499.0,Success,Wallet
6375,1798,1358,20240512,499.0,Success,Wallet
6376,1798,1358,20240611,499.0,Success,Credit Card
6377,1799,1359,20240625,199.0,Success,UPI
6378,1799,1359,20240725,199.0,Success,Debit Card
6379,1799,1359,20240824,199.0,Success,Credit Card
6380,1800,1360,20230321,199.0,Success,Wallet
6381,1800,1360,20230420,199.0,Success,Wallet
6382,1800,1360,20230520,199.0,Success,UPI
6383,1801,1361,20230825,199.0,Failed,Debit Card
6384,1801,1361,20230924,199.0,Success,Credit Card
6385,1801,1361,20231024,199.0,Success,PayPal
6386,1801,1361,20231123,199.0,Success,PayPal
6387,1801,1361,20231223,199.0,Success,Wallet
6388,1801,1361,20240122,199.0,Success,Credit Card
6389,1802,1362,20241103,799.0,Success,Credit Card
6390,1803,1363,20240725,499.0,Success,Debit Card
6391,1803,1363,20240824,499.0,Success,PayPal
6392,1803,1363,20240923,499.0,Success,Wallet
6393,1803,1363,20241023,499.0,Success,PayPal
6394,1803,1363,20241122,499.0,Success,Debit Card
6395,1804,1364,20241015,799.0,Failed,UPI
6396,1804,1364,20241114,799.0,Success,Credit Card
6397,1805,1365,20241112,199.0,Success,UPI
6398,1806,1365,20241227,499.0,Success,Credit Card
6399,1807,1366,20230704,799.0,Success,PayPal
6400,1807,1366,20230803,799.0,Success,Debit Card
6401,1807,1366,20230902,799.0,Success,Debit Card
6402,1808,1367,20230611,149.0,Success,UPI
6403,1809,1367,20230718,799.0,Success,Wallet
6404,1809,1367,20230817,799.0,Success,Credit Card
6405,1809,1367,20230916,-799.0,Refunded,Debit Card
6406,1809,1367,20231016,799.0,Success,Wallet
6407,1809,1367,20231115,799.0,Success,UPI
6408,1809,1367,20231215,799.0,Success,Debit Card
6409,1810,1368,20231227,199.0,Success,Credit Card
6410,1811,1369,20240116,499.0,Success,Debit Card
6411,1812,1370,20231128,199.0,Success,Debit Card
6412,1812,1370,20231228,199.0,Success,UPI
6413,1812,1370,20240127,199.0,Success,Credit Card
6414,1812,1370,20240226,199.0,Success,Debit Card
6415,1812,1370,20240327,199.0,Success,PayPal
6416,1812,1370,20240426,199.0,Success,UPI
6417,1813,1371,20240120,499.0,Success,Wallet
6418,1814,1372,20240408,799.0,Success,PayPal
6419,1815,1373,20230205,149.0,Success,Debit Card
6420,1815,1373,20230307,149.0,Success,Debit Card
6421,1815,1373,20230406,-149.0,Refunded,Wallet
6422,1816,1374,20231106,149.0,Success,Debit Card
6423,1816,1374,20231206,149.0,Success,Wallet
6424,1816,1374,20240105,149.0,Success,UPI
6425,1816,1374,20240204,149.0,Success,UPI
6426,1816,1374,20240305,149.0,Success,Credit Card
6427,1816,1374,20240404,149.0,Success,Debit Card
6428,1817,1375,20231119,799.0,Success,PayPal
6429,1818,1375,20240107,149.0,Success,PayPal
6430,1818,1375,20240206,149.0,Success,UPI
6431,1818,1375,20240307,149.0,Success,UPI
6432,1818,1375,20240406,149.0,Success,Debit Card
6433,1818,1375,20240506,149.0,Success,Wallet
6434,1818,1375,20240605,149.0,Success,Wallet
6435,1819,1376,20231010,799.0,Success,Wallet
6436,1820,1377,20240808,499.0,Success,UPI
6437,1821,1377,20240921,199.0,Success,Debit Card
6438,1821,1377,20241021,199.0,Success,Wallet
6439,1821,1377,20241120,199.0,Success,UPI
6440,1822,1378,20230609,149.0,Success,Wallet
6441,1822,1378,20230709,149.0,Success,Credit Card
6442,1822,1378,20230808,149.0,Success,Debit Card
6443,1822,1378,20230907,149.0,Success,Debit Card
6444,1822,1378,20231007,149.0,Success,Credit Card
6445,1822,1378,20231106,149.0,Success,Wallet
6446,1823,1379,20230913,199.0,Success,PayPal
6447,1823,1379,20231013,199.0,Success,UPI
6448,1823,1379,20231112,199.0,Success,Credit Card
6449,1823,1379,20231212,199.0,Success,UPI
6450,1823,1379,20240111,199.0,Success,Wallet
6451,1823,1379,20240210,199.0,Success,PayPal
6452,1824,1380,20240807,149.0,Success,Debit Card
6453,1825,1381,20230321,199.0,Success,Debit Card
6454,1825,1381,20230420,199.0,Success,Wallet
6455,1825,1381,20230520,199.0,Success,Credit Card
6456,1825,1381,20230619,199.0,Success,Wallet
6457,1825,1381,20230719,199.0,Success,UPI
6458,1825,1381,20230818,199.0,Success,Credit Card
6459,1825,1381,20230917,199.0,Success,UPI
6460,1825,1381,20231017,199.0,Success,Credit Card
6461,1825,1381,20231116,199.0,Success,UPI
6462,1825,1381,20231216,199.0,Success,Wallet
6463,1825,1381,20240115,199.0,Success,PayPal
6464,1825,1381,20240214,-199.0,Refunded,Credit Card
6465,1826,1381,20240320,149.0,Success,UPI
6466,1827,1382,20240514,499.0,Success,Wallet
6467,1828,1382,20240627,199.0,Success,Credit Card
6468,1828,1382,20240727,199.0,Success,UPI
6469,1828,1382,20240826,199.0,Success,Credit Card
6470,1828,1382,20240925,199.0,Success,Wallet
6471,1828,1382,20241025,199.0,Success,Debit Card
6472,1828,1382,20241124,199.0,Failed,Debit Card
6473,1829,1383,20230408,799.0,Success,PayPal
6474,1830,1383,20230517,499.0,Success,PayPal
6475,1831,1383,20230704,499.0,Success,Debit Card
6476,1832,1384,20240813,799.0,Success,Credit Card
6477,1832,1384,20240912,799.0,Success,Credit Card
6478,1832,1384,20241012,799.0,Success,Wallet
6479,1832,1384,20241111,799.0,Success,Credit Card
6480,1833,1385,20231209,149.0,Success,PayPal
6481,1833,1385,20240108,149.0,Success,UPI
6482,1833,1385,20240207,149.0,Success,UPI
6483,1833,1385,20240308,149.0,Success,UPI
6484,1833,1385,20240407,149.0,Success,PayPal
6485,1833,1385,20240507,149.0,Success,Wallet
6486,1834,1385,20240618,499.0,Success,Debit Card
6487,1835,1386,20230504,499.0,Success,Wallet
6488,1836,1387,20230112,499.0,Success,Credit Card
6489,1836,1387,20230211,499.0,Success,Credit Card
6490,1836,1387,20230313,499.0,Success,PayPal
6491,1836,1387,20230412,499.0,Success,Credit Card
6492,1836,1387,20230512,499.0,Success,PayPal
6493,1836,1387,20230611,499.0,Success,UPI
6494,1836,1387,20230711,499.0,Success,Credit Card
6495,1836,1387,20230810,499.0,Success,Credit Card
6496,1836,1387,20230909,499.0,Success,Debit Card
6497,1836,1387,20231009,499.0,Success,UPI
6498,1836,1387,20231108,499.0,Success,UPI
6499,1836,1387,20231208,499.0,Success,PayPal
6500,1837,1387,20240115,499.0,Success,Wallet
6501,1838,1387,20240216,149.0,Success,Wallet
6502,1838,1387,20240317,149.0,Success,UPI
6503,1838,1387,20240416,149.0,Success,Wallet
6504,1838,1387,20240516,149.0,Success,PayPal
6505,1838,1387,20240615,149.0,Success,UPI
6506,1838,1387,20240715,149.0,Failed,PayPal
6507,1838,1387,20240814,149.0,Success,Debit Card
6508,1838,1387,20240913,149.0,Success,PayPal
6509,1838,1387,20241013,149.0,Success,UPI
6510,1838,1387,20241112,149.0,Success,UPI
6511,1839,1388,20231109,149.0,Success,Wallet
6512,1839,1388,20231209,149.0,Success,PayPal
6513,1839,1388,20240108,149.0,Success,PayPal
6514,1839,1388,20240207,149.0,Success,PayPal
6515,1839,1388,20240308,149.0,Failed,Credit Card
6516,1839,1388,20240407,149.0,Success,PayPal
6517,1840,1389,20230603,199.0,Success,Debit Card
6518,1840,1389,20230703,199.0,Success,Debit Card
6519,1840,1389,20230802,199.0,Success,PayPal
6520,1841,1390,20230221,199.0,Success,PayPal
6521,1841,1390,20230323,199.0,Success,Credit Card
6522,1841,1390,20230422,199.0,Success,UPI
6523,1841,1390,20230522,199.0,Success,PayPal
6524,1841,1390,20230621,199.0,Success,UPI
6525,1841,1390,20230721,199.0,Success,Credit Card
6526,1842,1391,20240401,499.0,Success,Debit Card
6527,1842,1391,20240501,499.0,Success,Credit Card
6528,1842,1391,20240531,499.0,Success,Wallet
6529,1842,1391,20240630,499.0,Success,Credit Card
6530,1842,1391,20240730,499.0,Success,Wallet
6531,1842,1391,20240829,499.0,Success,Credit Card
6532,1842,1391,20240928,499.0,Success,Debit Card
6533,1842,1391,20241028,499.0,Success,PayPal
6534,1842,1391,20241127,499.0,Success,Wallet
6535,1843,1392,20240318,199.0,Success,Wallet
6536,1844,1392,20240506,499.0,Success,Debit Card
6537,1844,1392,20240605,499.0,Failed,Wallet
6538,1844,1392,20240705,499.0,Success,Debit Card
6539,1844,1392,20240804,499.0,Success,UPI
6540,1844,1392,20240903,499.0,Success,Debit Card
6541,1844,1392,20241003,499.0,Success,Wallet
6542,1845,1393,20231211,499.0,Success,Wallet
6543,1846,1393,20240127,199.0,Success,UPI
6544,1846,1393,20240226,199.0,Success,Credit Card
6545,1846,1393,20240327,199.0,Success,UPI
6546,1846,1393,20240426,199.0,Success,Debit Card
6547,1846,1393,20240526,199.0,Success,Wallet
6548,1846,1393,20240625,199.0,Success,Debit Card
6549,1846,1393,20240725,199.0,Success,UPI
6550,1846,1393,20240824,199.0,Success,Credit Card
6551,1846,1393,20240923,199.0,Success,PayPal
6552,1846,1393,20241023,199.0,Success,Credit Card
6553,1846,1393,20241122,199.0,Success,Debit Card
6554,1847,1394,20240715,149.0,Success,PayPal
6555,1848,1395,20240320,149.0,Success,Wallet
6556,1848,1395,20240419,149.0,Success,UPI
6557,1848,1395,20240519,149.0,Success,PayPal
6558,1848,1395,20240618,149.0,Success,PayPal
6559,1848,1395,20240718,-149.0,Refunded,UPI
6560,1848,1395,20240817,149.0,Success,Debit Card
6561,1848,1395,20240916,149.0,Success,PayPal
6562,1848,1395,20241016,149.0,Success,PayPal
6563,1848,1395,20241115,149.0,Success,Wallet
6564,1849,1396,20240726,799.0,Success,UPI
6565,1849,1396,20240825,799.0,Success,Wallet
6566,1849,1396,20240924,799.0,Success,Credit Card
6567,1849,1396,20241024,799.0,Success,Debit Card
6568,1849,1396,20241123,799.0,Success,Credit Card
6569,1850,1397,20230720,199.0,Success,PayPal
6570,1850,1397,20230819,199.0,Failed,Debit Card
6571,1850,1397,20230918,199.0,Success,PayPal
6572,1850,1397,20231018,199.0,Success,PayPal
6573,1850,1397,20231117,199.0,Failed,Wallet
6574,1850,1397,20231217,199.0,Success,Credit Card
6575,1851,1398,20230910,149.0,Success,PayPal
6576,1851,1398,20231010,149.0,Success,UPI
6577,1851,1398,20231109,149.0,Success,Debit Card
6578,1852,1399,20231128,199.0,Success,UPI
6579,1852,1399,20231228,199.0,Success,Wallet
6580,1852,1399,20240127,199.0,Success,Credit Card
6581,1852,1399,20240226,199.0,Success,Debit Card
6582,1852,1399,20240327,199.0,Success,UPI
6583,1852,1399,20240426,199.0,Success,Debit Card
6584,1852,1399,20240526,199.0,Success,PayPal
6585,1852,1399,20240625,199.0,Success,PayPal
6586,1852,1399,20240725,199.0,Success,UPI
6587,1852,1399,20240824,199.0,Success,Debit Card
6588,1852,1399,20240923,199.0,Success,Wallet
6589,1852,1399,20241023,199.0,Success,Wallet
6590,1853,1400,20241118,499.0,Success,Debit Card
6591,1854,1401,20231125,199.0,Success,Wallet
6592,1854,1401,20231225,199.0,Success,Debit Card
6593,1854,1401,20240124,199.0,Success,Credit Card
6594,1854,1401,20240223,-199.0,Refunded,Debit Card
6595,1854,1401,20240324,199.0,Success,Wallet
6596,1854,1401,20240423,199.0,Success,UPI
6597,1854,1401,20240523,199.0,Success,Debit Card
6598,1854,1401,20240622,199.0,Success,Wallet
6599,1854,1401,20240722,199.0,Success,UPI
6600,1854,1401,20240821,199.0,Success,Debit Card
6601,1854,1401,20240920,199.0,Success,PayPal
6602,1854,1401,20241020,199.0,Success,Credit Card
6603,1855,1402,20231109,149.0,Success,Wallet
6604,1856,1403,20240328,499.0,Success,Wallet
6605,1856,1403,20240427,499.0,Success,UPI
6606,1856,1403,20240527,499.0,Success,Debit Card
6607,1857,1404,20230828,149.0,Success,Debit Card
6608,1858,1405,20230329,149.0,Success,Wallet
6609,1859,1405,20230428,799.0,Success,Wallet
6610,1860,1405,20230608,499.0,Success,PayPal
6611,1860,1405,20230708,499.0,Success,Debit Card
6612,1860,1405,20230807,499.0,Success,UPI
6613,1860,1405,20230906,499.0,Success,Credit Card
6614,1860,1405,20231006,499.0,Success,Credit Card
6615,1860,1405,20231105,499.0,Success,Credit Card
6616,1861,1406,20240927,499.0,Success,UPI
6617,1861,1406,20241027,499.0,Success,Wallet
6618,1861,1406,20241126,499.0,Success,Wallet
6619,1862,1407,20230115,799.0,Success,PayPal
6620,1862,1407,20230214,799.0,Success,UPI
6621,1862,1407,20230316,799.0,Success,PayPal
6622,1862,1407,20230415,799.0,Success,UPI
6623,1862,1407,20230515,799.0,Success,UPI
6624,1862,1407,20230614,799.0,Success,PayPal
6625,1862,1407,20230714,799.0,Success,Debit Card
6626,1862,1407,20230813,799.0,Success,PayPal
6627,1862,1407,20230912,799.0,Success,PayPal
6628,1862,1407,20231012,799.0,Success,Credit Card
6629,1862,1407,20231111,799.0,Success,UPI
6630,1862,1407,20231211,799.0,Success,Wallet
6631,1863,1408,20240405,499.0,Success,Wallet
6632,1863,1408,20240505,499.0,Success,Credit Card
6633,1863,1408,20240604,499.0,Success,Wallet
6634,1863,1408,20240704,499.0,Success,PayPal
6635,1863,1408,20240803,499.0,Success,PayPal
6636,1863,1408,20240902,499.0,Success,Wallet
6637,1863,1408,20241002,499.0,Success,Credit Card
6638,1863,1408,20241101,499.0,Success,Wallet
6639,1863,1408,20241201,499.0,Success,UPI
6640,1864,1409,20240704,499.0,Success,UPI
6641,1864,1409,20240803,499.0,Success,PayPal
6642,1864,1409,20240902,499.0,Success,UPI
6643,1865,1410,20230922,199.0,Success,Wallet
6644,1865,1410,20231022,199.0,Success,PayPal
6645,1865,1410,20231121,199.0,Success,PayPal
6646,1866,1411,20230525,149.0,Success,Debit Card
6647,1866,1411,20230624,149.0,Success,Wallet
6648,1866,1411,20230724,149.0,Success,PayPal
6649,1867,1412,20240819,499.0,Success,Credit Card
6650,1867,1412,20240918,499.0,Success,Credit Card
6651,1867,1412,20241018,499.0,Success,Debit Card
6652,1867,1412,20241117,499.0,Failed,UPI
6653,1868,1413,20230303,499.0,Success,Credit Card
6654,1869,1414,20231005,799.0,Success,UPI
6655,1869,1414,20231104,799.0,Success,PayPal
6656,1869,1414,20231204,799.0,Success,Debit Card
6657,1870,1415,20230310,499.0,Success,PayPal
6658,1871,1416,20241106,149.0,Success,Wallet
6659,1872,1417,20241026,799.0,Success,Wallet
6660,1872,1417,20241125,799.0,Success,Credit Card
6661,1873,1418,20241227,499.0,Success,Credit Card
6662,1874,1419,20240903,149.0,Success,Wallet
6663,1875,1420,20240413,199.0,Success,Credit Card
6664,1875,1420,20240513,-199.0,Refunded,UPI
6665,1875,1420,20240612,199.0,Success,Credit Card
6666,1875,1420,20240712,199.0,Success,PayPal
6667,1875,1420,20240811,199.0,Success,UPI
6668,1875,1420,20240910,199.0,Success,PayPal
6669,1876,1420,20241012,149.0,Success,Wallet
6670,1876,1420,20241111,149.0,Success,UPI
6671,1877,1421,20230911,149.0,Success,Debit Card
6672,1877,1421,20231011,149.0,Success,Credit Card
6673,1877,1421,20231110,149.0,Success,PayPal
6674,1877,1421,20231210,149.0,Success,Debit Card
6675,1877,1421,20240109,149.0,Success,Credit Card
6676,1877,1421,20240208,149.0,Success,Wallet
6677,1877,1421,20240309,149.0,Success,Wallet
6678,1877,1421,20240408,149.0,Success,PayPal
6679,1877,1421,20240508,149.0,Success,PayPal
6680,1877,1421,20240607,149.0,Success,Credit Card
6681,1877,1421,20240707,149.0,Success,PayPal
6682,1877,1421,20240806,149.0,Success,Wallet
6683,1878,1422,20230610,499.0,Success,Wallet
6684,1878,1422,20230710,499.0,Success,Credit Card
6685,1878,1422,20230809,499.0,Success,PayPal
6686,1878,1422,20230908,499.0,Success,UPI
6687,1878,1422,20231008,499.0,Success,Wallet
6688,1878,1422,20231107,499.0,Success,PayPal
6689,1878,1422,20231207,499.0,Success,Debit Card
6690,1878,1422,20240106,499.0,Success,Debit Card
6691,1878,1422,20240205,499.0,Success,PayPal
6692,1878,1422,20240306,499.0,Success,Debit Card
6693,1878,1422,20240405,499.0,Success,UPI
6694,1878,1422,20240505,499.0,Success,Credit Card
6695,1879,1422,20240623,499.0,Success,Credit Card
6696,1880,1423,20241002,149.0,Success,Credit Card
6697,1881,1424,20240528,799.0,Success,UPI
6698,1881,1424,20240627,799.0,Success,Wallet
6699,1881,1424,20240727,799.0,Success,UPI
6700,1881,1424,20240826,799.0,Success,PayPal
6701,1881,1424,20240925,799.0,Success,Wallet
6702,1881,1424,20241025,799.0,Success,PayPal
6703,1882,1425,20240201,499.0,Success,PayPal
6704,1883,1426,20230819,499.0,Success,Credit Card
6705,1884,1427,20230521,199.0,Success,Debit Card
6706,1885,1428,20241125,199.0,Success,PayPal
6707,1886,1429,20240303,149.0,Success,UPI
6708,1887,1430,20231116,799.0,Success,PayPal
6709,1888,1431,20230731,199.0,Success,Debit Card
6710,1889,1432,20230727,149.0,Success,Wallet
6711,1889,1432,20230826,149.0,Success,Credit Card
6712,1889,1432,20230925,149.0,Success,Wallet
6713,1890,1432,20231114,149.0,Success,Debit Card
6714,1891,1433,20240620,799.0,Success,Wallet
6715,1892,1434,20230529,799.0,Success,Credit Card
6716,1893,1434,20230718,499.0,Success,Debit Card
6717,1894,1434,20230824,799.0,Success,PayPal
6718,1895,1435,20231122,199.0,Success,Wallet
6719,1895,1435,20231222,199.0,Success,Wallet
6720,1895,1435,20240121,199.0,Failed,Wallet
6721,1895,1435,20240220,199.0,Success,Wallet
6722,1895,1435,20240321,199.0,Success,UPI
6723,1895,1435,20240420,199.0,Success,Debit Card
6724,1895,1435,20240520,199.0,Success,UPI
6725,1895,1435,20240619,199.0,Success,Wallet
6726,1895,1435,20240719,199.0,Success,Wallet
6727,1895,1435,20240818,199.0,Success,Credit Card
6728,1895,1435,20240917,199.0,Success,Wallet
6729,1895,1435,20241017,199.0,Success,PayPal
6730,1896,1435,20241203,149.0,Success,Credit Card
6731,1897,1436,20230502,199.0,Success,Wallet
6732,1897,1436,20230601,199.0,Success,UPI
6733,1897,1436,20230701,199.0,Success,Credit Card
6734,1898,1436,20230804,199.0,Success,UPI
6735,1899,1436,20230914,499.0,Success,Wallet
6736,1900,1437,20230131,149.0,Success,UPI
6737,1900,1437,20230302,149.0,Success,UPI
6738,1900,1437,20230401,149.0,Success,Debit Card
6739,1900,1437,20230501,149.0,Success,PayPal
6740,1900,1437,20230531,149.0,Failed,Debit Card
6741,1900,1437,20230630,149.0,Success,Credit Card
6742,1900,1437,20230730,149.0,Success,UPI
6743,1900,1437,20230829,149.0,Success,Debit Card
6744,1900,1437,20230928,149.0,Success,PayPal
6745,1900,1437,20231028,149.0,Success,PayPal
6746,1900,1437,20231127,149.0,Success,Debit Card
6747,1900,1437,20231227,149.0,Success,Credit Card
6748,1901,1437,20240210,499.0,Success,Wallet
6749,1901,1437,20240311,499.0,Success,UPI
6750,1901,1437,20240410,499.0,Success,UPI
6751,1902,1438,20240226,799.0,Success,Wallet
6752,1902,1438,20240327,799.0,Success,PayPal
6753,1902,1438,20240426,799.0,Success,PayPal
6754,1902,1438,20240526,799.0,Success,Credit Card
6755,1902,1438,20240625,799.0,Success,PayPal
6756,1902,1438,20240725,799.0,Success,Credit Card
6757,1903,1439,20241014,499.0,Success,PayPal
6758,1903,1439,20241113,499.0,Success,Wallet
6759,1904,1440,20230420,199.0,Success,UPI
6760,1905,1441,20240918,499.0,Success,UPI
6761,1906,1442,20230825,499.0,Success,Wallet
6762,1906,1442,20230924,499.0,Success,Credit Card
6763,1906,1442,20231024,499.0,Success,UPI
6764,1906,1442,20231123,499.0,Success,UPI
6765,1906,1442,20231223,499.0,Success,Credit Card
6766,1906,1442,20240122,499.0,Success,Credit Card
6767,1907,1442,20240310,499.0,Success,Credit Card
6768,1908,1443,20240103,199.0,Failed,UPI
6769,1908,1443,20240202,199.0,Success,Credit Card
6770,1908,1443,20240303,199.0,Success,PayPal
6771,1908,1443,20240402,199.0,Success,UPI
6772,1908,1443,20240502,199.0,Success,PayPal
6773,1908,1443,20240601,199.0,Success,Credit Card
6774,1908,1443,20240701,199.0,Success,Debit Card
6775,1908,1443,20240731,199.0,Success,Debit Card
6776,1908,1443,20240830,199.0,Success,Credit Card
6777,1908,1443,20240929,199.0,Success,Credit Card
6778,1908,1443,20241029,199.0,Success,PayPal
6779,1908,1443,20241128,199.0,Success,UPI
6780,1909,1444,20240529,499.0,Success,Credit Card
6781,1910,1445,20230708,799.0,Success,PayPal
6782,1910,1445,20230807,799.0,Success,Wallet
6783,1910,1445,20230906,799.0,Success,PayPal
6784,1911,1446,20230717,199.0,Success,Debit Card
6785,1911,1446,20230816,199.0,Success,Wallet
6786,1911,1446,20230915,199.0,Success,PayPal
6787,1912,1447,20230116,149.0,Success,Wallet
6788,1913,1448,20241118,199.0,Success,Debit Card
6789,1914,1449,20240325,199.0,Success,Debit Card
6790,1914,1449,20240424,199.0,Success,Wallet
6791,1914,1449,20240524,199.0,Success,Wallet
6792,1914,1449,20240623,199.0,Success,UPI
6793,1914,1449,20240723,199.0,Success,UPI
6794,1914,1449,20240822,199.0,Success,Debit Card
6795,1915,1450,20240413,799.0,Success,PayPal
6796,1916,1450,20240520,499.0,Success,Debit Card
6797,1916,1450,20240619,499.0,Success,UPI
6798,1916,1450,20240719,499.0,Success,UPI
6799,1916,1450,20240818,499.0,Success,Wallet
6800,1916,1450,20240917,499.0,Success,PayPal
6801,1916,1450,20241017,499.0,Success,Wallet
6802,1916,1450,20241116,499.0,Success,Wallet
6803,1917,1451,20240914,149.0,Success,Debit Card
6804,1918,1452,20240208,799.0,Success,UPI
6805,1918,1452,20240309,799.0,Success,Credit Card
6806,1918,1452,20240408,799.0,Success,Wallet
6807,1918,1452,20240508,799.0,Success,PayPal
6808,1918,1452,20240607,799.0,Success,Debit Card
6809,1918,1452,20240707,799.0,Success,PayPal
6810,1918,1452,20240806,799.0,Success,PayPal
6811,1918,1452,20240905,799.0,Success,UPI
6812,1918,1452,20241005,799.0,Success,UPI
6813,1918,1452,20241104,799.0,Success,PayPal
6814,1919,1453,20240703,199.0,Success,UPI
6815,1920,1454,20230209,149.0,Success,Wallet
6816,1920,1454,20230311,149.0,Success,PayPal
6817,1920,1454,20230410,149.0,Success,Wallet
6818,1921,1454,20230513,149.0,Success,Debit Card
6819,1922,1455,20230213,199.0,Success,PayPal
6820,1922,1455,20230315,199.0,Success,Credit Card
6821,1922,1455,20230414,199.0,Failed,Credit Card
6822,1923,1456,20230210,799.0,Success,UPI
6823,1923,1456,20230312,799.0,Success,Debit Card
6824,1923,1456,20230411,799.0,Success,Wallet
6825,1924,1456,20230514,799.0,Success,Debit Card
6826,1925,1457,20230220,499.0,Success,UPI
6827,1926,1457,20230408,199.0,Success,Wallet
6828,1927,1458,20231108,199.0,Success,Credit Card
6829,1928,1459,20240919,149.0,Success,PayPal
6830,1928,1459,20241019,149.0,Success,PayPal
6831,1928,1459,20241118,149.0,Success,PayPal
6832,1929,1460,20240419,149.0,Success,Credit Card
6833,1929,1460,20240519,149.0,Success,Wallet
6834,1929,1460,20240618,149.0,Success,UPI
6835,1929,1460,20240718,149.0,Success,Debit Card
6836,1929,1460,20240817,149.0,Success,PayPal
6837,1929,1460,20240916,149.0,Success,Credit Card
6838,1929,1460,20241016,149.0,Success,Credit Card
6839,1929,1460,20241115,149.0,Success,PayPal
6840,1930,1461,20230426,149.0,Success,UPI
6841,1930,1461,20230526,149.0,Success,Debit Card
6842,1930,1461,20230625,149.0,Success,Credit Card
6843,1931,1462,20241213,799.0,Success,UPI
6844,1932,1463,20240406,-499.0,Refunded,Credit Card
6845,1932,1463,20240506,499.0,Failed,Debit Card
6846,1932,1463,20240605,499.0,Success,UPI
6847,1933,1464,20241230,499.0,Failed,PayPal
6848,1934,1465,20231128,799.0,Success,Credit Card
6849,1935,1465,20240113,199.0,Success,Credit Card
6850,1935,1465,20240212,199.0,Success,UPI
6851,1935,1465,20240313,199.0,Success,Credit Card
6852,1935,1465,20240412,199.0,Success,Debit Card
6853,1935,1465,20240512,199.0,Success,Credit Card
6854,1935,1465,20240611,199.0,Success,PayPal
6855,1936,1466,20230617,149.0,Success,PayPal
6856,1937,1467,20241224,199.0,Success,PayPal
6857,1938,1468,20241225,799.0,Success,PayPal
6858,1939,1469,20240918,499.0,Success,UPI
6859,1939,1469,20241018,499.0,Success,Debit Card
6860,1939,1469,20241117,499.0,Success,PayPal
6861,1940,1470,20230624,799.0,Success,Credit Card
6862,1940,1470,20230724,799.0,Success,PayPal
6863,1940,1470,20230823,799.0,Success,Credit Card
6864,1940,1470,20230922,799.0,Success,Debit Card
6865,1940,1470,20231022,799.0,Success,PayPal
6866,1940,1470,20231121,799.0,Success,Wallet
6867,1940,1470,20231221,799.0,Success,PayPal
6868,1940,1470,20240120,799.0,Success,Credit Card
6869,1940,1470,20240219,799.0,Success,PayPal
6870,1940,1470,20240320,799.0,Success,PayPal
6871,1940,1470,20240419,799.0,Success,Debit Card
6872,1940,1470,20240519,799.0,Success,UPI
6873,1941,1470,20240628,199.0,Success,Credit Card
6874,1941,1470,20240728,199.0,Success,PayPal
6875,1941,1470,20240827,199.0,Success,UPI
6876,1942,1471,20230603,199.0,Success,Debit Card
6877,1942,1471,20230703,199.0,Success,PayPal
6878,1942,1471,20230802,199.0,Success,Debit Card
6879,1942,1471,20230901,199.0,Success,Wallet
6880,1942,1471,20231001,199.0,Success,Wallet
6881,1942,1471,20231031,199.0,Success,Credit Card
6882,1942,1471,20231130,199.0,Success,UPI
6883,1942,1471,20231230,199.0,Success,Debit Card
6884,1942,1471,20240129,199.0,Success,Wallet
6885,1942,1471,20240228,199.0,Success,Wallet
6886,1942,1471,20240329,199.0,Success,Credit Card
6887,1942,1471,20240428,199.0,Failed,PayPal
6888,1943,1472,20241230,499.0,Success,PayPal
6889,1944,1473,20240401,199.0,Success,PayPal
6890,1944,1473,20240501,199.0,Success,PayPal
6891,1944,1473,20240531,199.0,Success,Debit Card
6892,1944,1473,20240630,-199.0,Refunded,Debit Card
6893,1944,1473,20240730,199.0,Success,PayPal
6894,1944,1473,20240829,199.0,Success,Credit Card
6895,1945,1474,20230515,799.0,Success,Debit Card
6896,1945,1474,20230614,799.0,Success,UPI
6897,1945,1474,20230714,799.0,Success,UPI
6898,1945,1474,20230813,799.0,Success,Debit Card
6899,1945,1474,20230912,799.0,Success,Credit Card
6900,1945,1474,20231012,799.0,Success,PayPal
6901,1946,1474,20231112,499.0,Success,Debit Card
6902,1947,1475,20230113,799.0,Success,Wallet
6903,1948,1476,20230106,149.0,Success,Credit Card
6904,1948,1476,20230205,149.0,Success,UPI
6905,1948,1476,20230307,149.0,Failed,Wallet
6906,1948,1476,20230406,149.0,Success,UPI
6907,1948,1476,20230506,149.0,Success,PayPal
6908,1948,1476,20230605,149.0,Success,UPI
6909,1949,1477,20240825,149.0,Success,PayPal
6910,1950,1478,20230323,199.0,Success,Debit Card
6911,1950,1478,20230422,199.0,Success,UPI
6912,1950,1478,20230522,199.0,Success,PayPal
6913,1950,1478,20230621,199.0,Success,Credit Card
6914,1950,1478,20230721,199.0,Success,UPI
6915,1950,1478,20230820,199.0,Success,PayPal
6916,1950,1478,20230919,199.0,Success,PayPal
6917,1950,1478,20231019,199.0,Success,Wallet
6918,1950,1478,20231118,199.0,Success,Debit Card
6919,1950,1478,20231218,199.0,Success,Credit Card
6920,1950,1478,20240117,199.0,Success,Debit Card
6921,1950,1478,20240216,199.0,Success,PayPal
6922,1951,1479,20240714,149.0,Success,Wallet
6923,1952,1479,20240825,149.0,Success,Credit Card
6924,1953,1480,20230801,149.0,Success,PayPal
6925,1953,1480,20230831,149.0,Success,Credit Card
6926,1953,1480,20230930,149.0,Success,UPI
6927,1953,1480,20231030,149.0,Success,UPI
6928,1953,1480,20231129,149.0,Success,Credit Card
6929,1953,1480,20231229,149.0,Success,Debit Card
6930,1954,1481,20231224,199.0,Success,PayPal
6931,1954,1481,20240123,199.0,Success,Credit Card
6932,1954,1481,20240222,199.0,Success,Debit Card
6933,1954,1481,20240323,199.0,Success,UPI
6934,1954,1481,20240422,199.0,Failed,Credit Card
6935,1954,1481,20240522,199.0,Success,Wallet
6936,1955,1481,20240621,199.0,Success,PayPal
6937,1956,1482,20240814,199.0,Success,Debit Card
6938,1957,1482,20240920,199.0,Success,Credit Card
6939,1958,1482,20241020,799.0,Success,Debit Card
6940,1958,1482,20241119,799.0,Success,Debit Card
6941,1959,1483,20230220,799.0,Success,Credit Card
6942,1959,1483,20230322,799.0,Failed,PayPal
6943,1959,1483,20230421,799.0,Success,PayPal
6944,1959,1483,20230521,799.0,Success,PayPal
6945,1959,1483,20230620,799.0,Success,PayPal
6946,1959,1483,20230720,799.0,Success,PayPal
6947,1959,1483,20230819,799.0,Success,UPI
6948,1959,1483,20230918,-799.0,Refunded,UPI
6949,1959,1483,20231018,799.0,Success,Credit Card
6950,1959,1483,20231117,799.0,Success,UPI
6951,1959,1483,20231217,799.0,Success,Debit Card
6952,1959,1483,20240116,799.0,Success,Debit Card
6953,1960,1484,20241119,199.0,Success,UPI
6954,1961,1485,20240901,149.0,Success,Debit Card
6955,1962,1485,20241018,149.0,Success,Credit Card
6956,1963,1485,20241201,799.0,Success,PayPal
6957,1964,1486,20240411,799.0,Success,Wallet
6958,1964,1486,20240511,799.0,Success,UPI
6959,1964,1486,20240610,799.0,Success,Debit Card
6960,1964,1486,20240710,799.0,Success,UPI
6961,1964,1486,20240809,799.0,Success,Debit Card
6962,1964,1486,20240908,799.0,Success,Debit Card
6963,1964,1486,20241008,799.0,Success,Wallet
6964,1964,1486,20241107,799.0,Success,PayPal
6965,1965,1487,20230406,799.0,Success,Credit Card
6966,1965,1487,20230506,799.0,Success,PayPal
6967,1965,1487,20230605,799.0,Success,Wallet
6968,1966,1488,20230311,799.0,Success,Credit Card
6969,1966,1488,20230410,799.0,Success,UPI
6970,1966,1488,20230510,799.0,Success,Wallet
6971,1967,1489,20240427,199.0,Success,Credit Card
6972,1967,1489,20240527,199.0,Success,Debit Card
6973,1967,1489,20240626,199.0,Success,Wallet
6974,1967,1489,20240726,199.0,Success,Credit Card
6975,1967,1489,20240825,199.0,Success,UPI
6976,1967,1489,20240924,199.0,Success,PayPal
6977,1967,1489,20241024,199.0,Success,Debit Card
6978,1967,1489,20241123,-199.0,Refunded,Debit Card
6979,1968,1490,20231204,499.0,Success,Credit Card
6980,1968,1490,20240103,499.0,Failed,Debit Card
6981,1968,1490,20240202,499.0,Success,PayPal
6982,1969,1490,20240312,799.0,Success,PayPal
6983,1969,1490,20240411,799.0,Success,Wallet
6984,1969,1490,20240511,799.0,Success,Wallet
6985,1969,1490,20240610,799.0,Success,PayPal
6986,1969,1490,20240710,799.0,Success,UPI
6987,1969,1490,20240809,799.0,Success,UPI
6988,1970,1491,20230803,799.0,Success,UPI
6989,1971,1491,20230921,149.0,Success,UPI
6990,1972,1492,20241006,149.0,Success,Debit Card
6991,1973,1492,20241109,799.0,Success,PayPal
6992,1974,1493,20241206,-149.0,Refunded,Credit Card
6993,1975,1494,20231022,199.0,Success,UPI
6994,1976,1495,20240622,199.0,Success,Credit Card
6995,1977,1496,20230513,149.0,Success,Credit Card
6996,1978,1497,20241009,149.0,Success,PayPal
6997,1978,1497,20241108,149.0,Success,Credit Card
6998,1979,1498,20240916,149.0,Success,UPI
6999,1980,1499,20230102,499.0,Success,UPI
7000,1981,1500,20230501,799.0,Success,PayPal
7001,1981,1500,20230531,799.0,Success,Credit Card
7002,1981,1500,20230630,799.0,Success,UPI
7003,1982,1501,20240229,799.0,Success,Debit Card
7004,1982,1501,20240330,799.0,Success,Wallet
7005,1982,1501,20240429,799.0,Success,UPI
7006,1983,1502,20241014,199.0,Success,Credit Card
7007,1983,1502,20241113,199.0,Failed,Wallet
7008,1984,1503,20231016,149.0,Success,PayPal
7009,1984,1503,20231115,149.0,Success,Wallet
7010,1984,1503,20231215,149.0,Success,PayPal
7011,1984,1503,20240114,149.0,Success,UPI
7012,1984,1503,20240213,149.0,Failed,UPI
7013,1984,1503,20240314,-149.0,Refunded,Credit Card
7014,1985,1504,20240602,499.0,Success,Debit Card
7015,1985,1504,20240702,499.0,Success,Debit Card
7016,1985,1504,20240801,499.0,Success,UPI
7017,1985,1504,20240831,499.0,Success,Wallet
7018,1985,1504,20240930,-499.0,Refunded,Wallet
7019,1985,1504,20241030,499.0,Success,Wallet
7020,1986,1505,20241203,799.0,Success,Wallet
7021,1987,1506,20240922,149.0,Success,PayPal
7022,1987,1506,20241022,149.0,Success,Debit Card
7023,1987,1506,20241121,-149.0,Refunded,UPI
7024,1988,1507,20231213,199.0,Success,Wallet
7025,1989,1507,20240127,149.0,Success,PayPal
7026,1990,1508,20230206,199.0,Success,Wallet
7027,1990,1508,20230308,199.0,Success,Debit Card
7028,1990,1508,20230407,199.0,Success,PayPal
7029,1990,1508,20230507,-199.0,Refunded,Debit Card
7030,1990,1508,20230606,199.0,Success,UPI
7031,1990,1508,20230706,199.0,Success,PayPal
7032,1990,1508,20230805,199.0,Success,Credit Card
7033,1990,1508,20230904,199.0,Success,Credit Card
7034,1990,1508,20231004,199.0,Success,PayPal
7035,1990,1508,20231103,199.0,Success,Debit Card
7036,1990,1508,20231203,199.0,Success,UPI
7037,1990,1508,20240102,199.0,Success,UPI
7038,1991,1509,20240416,149.0,Success,Credit Card
7039,1992,1509,20240520,149.0,Success,UPI
7040,1993,1510,20240228,149.0,Success,Credit Card
7041,1993,1510,20240329,149.0,Success,PayPal
7042,1993,1510,20240428,149.0,Success,Wallet
7043,1994,1510,20240602,499.0,Success,PayPal
7044,1994,1510,20240702,499.0,Success,UPI
7045,1994,1510,20240801,499.0,Success,Credit Card
7046,1995,1511,20240801,149.0,Success,Wallet
7047,1995,1511,20240831,149.0,Success,Debit Card
7048,1995,1511,20240930,149.0,Success,PayPal
7049,1995,1511,20241030,149.0,Success,Wallet
7050,1995,1511,20241129,149.0,Success,UPI
7051,1996,1512,20230120,499.0,Success,Wallet
7052,1996,1512,20230219,499.0,Success,UPI
7053,1996,1512,20230321,499.0,Success,Debit Card
7054,1996,1512,20230420,499.0,Success,Credit Card
7055,1996,1512,20230520,499.0,Success,Debit Card
7056,1996,1512,20230619,499.0,Success,PayPal
7057,1997,1512,20230726,499.0,Success,Debit Card
7058,1998,1512,20230904,499.0,Success,UPI
7059,1999,1513,20231229,799.0,Success,UPI
7060,2000,1514,20230201,799.0,Success,UPI
7061,2000,1514,20230303,799.0,Success,Wallet
7062,2000,1514,20230402,799.0,Success,Credit Card
7063,2001,1514,20230511,149.0,Success,Credit Card
7064,2002,1515,20230619,199.0,Success,Wallet
7065,2002,1515,20230719,-199.0,Refunded,PayPal
7066,2002,1515,20230818,199.0,Success,PayPal
7067,2002,1515,20230917,199.0,Success,Debit Card
7068,2002,1515,20231017,199.0,Success,Credit Card
7069,2002,1515,20231116,199.0,Success,Debit Card
7070,2003,1515,20231226,199.0,Success,UPI
7071,2003,1515,20240125,199.0,Success,PayPal
7072,2003,1515,20240224,199.0,Success,Credit Card
7073,2004,1515,20240404,499.0,Success,PayPal
7074,2004,1515,20240504,499.0,Success,UPI
7075,2004,1515,20240603,499.0,Success,PayPal
7076,2004,1515,20240703,499.0,Success,Credit Card
7077,2004,1515,20240802,499.0,Success,UPI
7078,2004,1515,20240901,499.0,Success,Debit Card
7079,2005,1516,20230430,199.0,Success,PayPal
7080,2006,1516,20230606,-199.0,Refunded,UPI
7081,2007,1517,20230202,499.0,Success,Debit Card
7082,2008,1518,20230901,499.0,Failed,Debit Card
7083,2008,1518,20231001,499.0,Success,Debit Card
7084,2008,1518,20231031,499.0,Success,Debit Card
7085,2008,1518,20231130,499.0,Success,UPI
7086,2008,1518,20231230,499.0,Success,PayPal
7087,2008,1518,20240129,499.0,Success,Credit Card
7088,2009,1519,20230810,199.0,Success,Wallet
7089,2009,1519,20230909,199.0,Success,Credit Card
7090,2009,1519,20231009,199.0,Success,Credit Card
7091,2009,1519,20231108,199.0,Success,Credit Card
7092,2009,1519,20231208,199.0,Success,UPI
7093,2009,1519,20240107,199.0,Success,Wallet
7094,2010,1520,20230208,149.0,Success,Credit Card
7095,2010,1520,20230310,149.0,Success,Debit Card
7096,2010,1520,20230409,149.0,Success,Wallet
7097,2010,1520,20230509,149.0,Success,PayPal
7098,2010,1520,20230608,149.0,Success,Credit Card
7099,2010,1520,20230708,149.0,Success,Wallet
7100,2011,1521,20230126,149.0,Success,Wallet
7101,2012,1521,20230308,199.0,Success,Wallet
7102,2013,1522,20231215,499.0,Success,UPI
7103,2013,1522,20240114,499.0,Success,Credit Card
7104,2013,1522,20240213,499.0,Success,Wallet
7105,2013,1522,20240314,499.0,Success,Wallet
7106,2013,1522,20240413,499.0,Success,UPI
7107,2013,1522,20240513,499.0,Success,Debit Card
7108,2013,1522,20240612,499.0,Success,PayPal
7109,2013,1522,20240712,499.0,Success,UPI
7110,2013,1522,20240811,499.0,Success,Wallet
7111,2013,1522,20240910,499.0,Success,Credit Card
7112,2013,1522,20241010,-499.0,Refunded,Debit Card
7113,2013,1522,20241109,499.0,Success,PayPal
7114,2014,1523,20231202,799.0,Success,Wallet
7115,2015,1524,20240612,799.0,Success,Credit Card
7116,2016,1524,20240727,799.0,Success,PayPal
7117,2017,1525,20230207,799.0,Success,Wallet
7118,2017,1525,20230309,799.0,Success,Debit Card
7119,2017,1525,20230408,799.0,Success,Credit Card
7120,2017,1525,20230508,799.0,Success,Credit Card
7121,2017,1525,20230607,799.0,Success,Wallet
7122,2017,1525,20230707,799.0,Success,Credit Card
7123,2017,1525,20230806,799.0,Success,UPI
7124,2017,1525,20230905,799.0,Success,Wallet
7125,2017,1525,20231005,799.0,Failed,Wallet
7126,2017,1525,20231104,799.0,Success,Wallet
7127,2017,1525,20231204,799.0,Success,Wallet
7128,2017,1525,20240103,799.0,Success,Credit Card
7129,2018,1526,20230429,199.0,Success,UPI
7130,2018,1526,20230529,199.0,Success,Wallet
7131,2018,1526,20230628,199.0,Success,Credit Card
7132,2018,1526,20230728,199.0,Success,Wallet
7133,2018,1526,20230827,199.0,Success,Credit Card
7134,2018,1526,20230926,199.0,Success,UPI
7135,2019,1526,20231026,199.0,Success,Credit Card
7136,2020,1527,20240831,799.0,Success,Debit Card
7137,2020,1527,20240930,799.0,Failed,Debit Card
7138,2020,1527,20241030,799.0,Success,UPI
7139,2020,1527,20241129,-799.0,Refunded,Credit Card
7140,2021,1528,20230416,149.0,Success,UPI
7141,2022,1529,20230124,149.0,Success,Credit Card
7142,2022,1529,20230223,149.0,Success,Wallet
7143,2022,1529,20230325,149.0,Success,Credit Card
7144,2022,1529,20230424,149.0,Success,Credit Card
7145,2022,1529,20230524,149.0,Success,UPI
7146,2022,1529,20230623,149.0,Success,PayPal
7147,2022,1529,20230723,149.0,Success,Debit Card
7148,2022,1529,20230822,149.0,Success,UPI
7149,2022,1529,20230921,149.0,Success,Wallet
7150,2022,1529,20231021,149.0,Success,PayPal
7151,2022,1529,20231120,149.0,Success,Wallet
7152,2022,1529,20231220,149.0,Success,Wallet
7153,2023,1530,20230803,149.0,Success,Credit Card
7154,2023,1530,20230902,149.0,Success,Debit Card
7155,2023,1530,20231002,149.0,Success,Credit Card
7156,2023,1530,20231101,149.0,Success,Debit Card
7157,2023,1530,20231201,149.0,Success,Credit Card
7158,2023,1530,20231231,149.0,Success,Credit Card
7159,2023,1530,20240130,149.0,Success,PayPal
7160,2023,1530,20240229,149.0,Success,PayPal
7161,2023,1530,20240330,149.0,Success,Wallet
7162,2023,1530,20240429,149.0,Success,UPI
7163,2023,1530,20240529,149.0,Success,PayPal
7164,2023,1530,20240628,149.0,Success,Credit Card
7165,2024,1531,20240629,199.0,Success,Debit Card
7166,2024,1531,20240729,199.0,Success,Credit Card
7167,2024,1531,20240828,199.0,Success,Debit Card
7168,2025,1532,20231007,199.0,Success,UPI
7169,2025,1532,20231106,199.0,Success,PayPal
7170,2025,1532,20231206,199.0,Success,PayPal
7171,2025,1532,20240105,199.0,Success,PayPal
7172,2025,1532,20240204,199.0,Success,UPI
7173,2025,1532,20240305,199.0,Success,Debit Card
7174,2025,1532,20240404,199.0,Success,Wallet
7175,2025,1532,20240504,199.0,Success,Credit Card
7176,2025,1532,20240603,199.0,Success,Debit Card
7177,2025,1532,20240703,199.0,Success,UPI
7178,2025,1532,20240802,199.0,Success,Wallet
7179,2025,1532,20240901,199.0,Success,Wallet
7180,2026,1532,20241011,799.0,Success,Debit Card
7181,2027,1532,20241129,499.0,Success,PayPal
7182,2028,1533,20240929,799.0,Success,Debit Card
7183,2029,1533,20241105,799.0,Success,Credit Card
7184,2030,1534,20231225,199.0,Success,PayPal
7185,2031,1535,20241222,499.0,Success,UPI
7186,2032,1536,20231115,149.0,Success,Wallet
7187,2032,1536,20231215,149.0,Success,Wallet
7188,2032,1536,20240114,149.0,Success,Wallet
7189,2032,1536,20240213,149.0,Success,UPI
7190,2032,1536,20240314,149.0,Success,Wallet
7191,2032,1536,20240413,149.0,Success,UPI
7192,2033,1537,20230221,499.0,Success,Wallet
7193,2034,1538,20230221,149.0,Success,Credit Card
7194,2034,1538,20230323,149.0,Success,Debit Card
7195,2034,1538,20230422,149.0,Success,PayPal
7196,2035,1539,20240206,149.0,Success,Credit Card
7197,2036,1540,20241006,499.0,Success,Wallet
7198,2037,1541,20231116,799.0,Success,Debit Card
7199,2038,1542,20241117,499.0,Success,Credit Card
7200,2039,1543,20240421,149.0,Success,Debit Card
7201,2039,1543,20240521,149.0,Success,Debit Card
7202,2039,1543,20240620,149.0,Success,Credit Card
7203,2039,1543,20240720,149.0,Success,UPI
7204,2039,1543,20240819,149.0,Success,PayPal
7205,2039,1543,20240918,149.0,Success,UPI
7206,2039,1543,20241018,-149.0,Refunded,PayPal
7207,2039,1543,20241117,149.0,Success,UPI
7208,2040,1544,20241216,149.0,Success,PayPal
7209,2041,1545,20241021,149.0,Success,Credit Card
7210,2041,1545,20241120,149.0,Success,PayPal
7211,2042,1546,20230818,499.0,Success,PayPal
7212,2042,1546,20230917,499.0,Failed,UPI
7213,2042,1546,20231017,499.0,Success,PayPal
7214,2042,1546,20231116,499.0,Success,Wallet
7215,2042,1546,20231216,499.0,Success,Credit Card
7216,2042,1546,20240115,499.0,Success,Debit Card
7217,2042,1546,20240214,499.0,Success,Credit Card
7218,2042,1546,20240315,499.0,Success,UPI
7219,2042,1546,20240414,499.0,Failed,Wallet
7220,2042,1546,20240514,-499.0,Refunded,Wallet
7221,2042,1546,20240613,499.0,Success,UPI
7222,2042,1546,20240713,499.0,Success,Credit Card
7223,2043,1547,20240108,499.0,Success,UPI
7224,2044,1548,20231205,199.0,Success,Debit Card
7225,2044,1548,20240104,199.0,Failed,Wallet
7226,2044,1548,20240203,199.0,Success,Wallet
7227,2044,1548,20240304,199.0,Success,PayPal
7228,2044,1548,20240403,199.0,Success,UPI
7229,2044,1548,20240503,199.0,Success,Credit Card
7230,2044,1548,20240602,199.0,Success,PayPal
7231,2044,1548,20240702,199.0,Success,UPI
7232,2044,1548,20240801,199.0,Success,UPI
7233,2044,1548,20240831,199.0,Success,Credit Card
7234,2044,1548,20240930,199.0,Success,Wallet
7235,2044,1548,20241030,199.0,Success,PayPal
7236,2045,1549,20240501,149.0,Success,Debit Card
7237,2046,1550,20230624,149.0,Success,Wallet
7238,2046,1550,20230724,149.0,Success,UPI
7239,2046,1550,20230823,149.0,Success,Debit Card
7240,2046,1550,20230922,149.0,Success,Debit Card
7241,2046,1550,20231022,149.0,Success,Debit Card
7242,2046,1550,20231121,149.0,Success,Debit Card
7243,2046,1550,20231221,149.0,Success,Credit Card
7244,2046,1550,20240120,149.0,Success,PayPal
7245,2046,1550,20240219,149.0,Success,Debit Card
7246,2046,1550,20240320,149.0,Success,UPI
7247,2046,1550,20240419,149.0,Success,Wallet
7248,2046,1550,20240519,149.0,Success,PayPal
7249,2047,1550,20240626,799.0,Success,PayPal
7250,2047,1550,20240726,799.0,Success,UPI
7251,2047,1550,20240825,799.0,Success,Credit Card
7252,2047,1550,20240924,799.0,Success,Debit Card
7253,2047,1550,20241024,799.0,Success,PayPal
7254,2047,1550,20241123,799.0,Success,Credit Card
7255,2048,1551,20230511,799.0,Success,Debit Card
7256,2048,1551,20230610,799.0,Success,Wallet
7257,2048,1551,20230710,-799.0,Refunded,UPI
7258,2049,1552,20230420,799.0,Success,UPI
7259,2050,1553,20231106,149.0,Success,PayPal
7260,2050,1553,20231206,149.0,Success,UPI
7261,2050,1553,20240105,149.0,Success,UPI
7262,2051,1554,20230902,799.0,Success,Wallet
7263,2051,1554,20231002,799.0,Success,PayPal
7264,2051,1554,20231101,799.0,Success,Credit Card
7265,2051,1554,20231201,799.0,Failed,Wallet
7266,2051,1554,20231231,799.0,Success,Credit Card
7267,2051,1554,20240130,799.0,Success,UPI
7268,2051,1554,20240229,799.0,Success,Wallet
7269,2051,1554,20240330,799.0,Success,Debit Card
7270,2051,1554,20240429,799.0,Success,Wallet
7271,2051,1554,20240529,799.0,Success,Debit Card
7272,2051,1554,20240628,799.0,Success,UPI
7273,2051,1554,20240728,799.0,Success,Credit Card
7274,2052,1554,20240909,499.0,Success,Wallet
7275,2052,1554,20241009,499.0,Success,Debit Card
7276,2052,1554,20241108,499.0,Failed,UPI
7277,2053,1554,20241219,199.0,Success,UPI
7278,2054,1555,20240508,499.0,Success,UPI
7279,2055,1555,20240616,799.0,Success,Debit Card
7280,2056,1555,20240803,-149.0,Refunded,PayPal
7281,2056,1555,20240902,149.0,Success,Wallet
7282,2056,1555,20241002,149.0,Success,Wallet
7283,2057,1556,20241211,149.0,Success,UPI
7284,2058,1557,20240803,149.0,Success,Wallet
7285,2059,1558,20241109,149.0,Success,Wallet
7286,2060,1559,20240810,499.0,Success,Wallet
7287,2061,1560,20231130,199.0,Success,Credit Card
7288,2061,1560,20231230,199.0,Success,Wallet
7289,2061,1560,20240129,199.0,Success,Debit Card
7290,2062,1561,20231112,499.0,Success,Credit Card
7291,2063,1562,20240902,199.0,Success,PayPal
7292,2064,1563,20230304,199.0,Success,Wallet
7293,2064,1563,20230403,199.0,Success,PayPal
7294,2064,1563,20230503,199.0,Success,UPI
7295,2064,1563,20230602,199.0,Success,PayPal
7296,2064,1563,20230702,199.0,Success,Wallet
7297,2064,1563,20230801,199.0,Success,Debit Card
7298,2064,1563,20230831,199.0,Success,Debit Card
7299,2064,1563,20230930,199.0,Success,UPI
7300,2064,1563,20231030,199.0,Success,Wallet
7301,2064,1563,20231129,199.0,Success,PayPal
7302,2064,1563,20231229,199.0,Success,Debit Card
7303,2064,1563,20240128,199.0,Success,PayPal
7304,2065,1564,20240817,149.0,Success,PayPal
7305,2066,1565,20241107,799.0,Success,Debit Card
7306,2067,1565,20241219,799.0,Success,Debit Card
7307,2068,1566,20240922,149.0,Success,Debit Card
7308,2069,1567,20231121,799.0,Success,PayPal
7309,2069,1567,20231221,799.0,Success,Wallet
7310,2069,1567,20240120,799.0,Success,Debit Card
7311,2069,1567,20240219,799.0,Success,Credit Card
7312,2069,1567,20240320,799.0,Success,Debit Card
7313,2069,1567,20240419,799.0,Success,PayPal
7314,2069,1567,20240519,799.0,Success,UPI
7315,2069,1567,20240618,799.0,Success,Debit Card
7316,2069,1567,20240718,799.0,Success,UPI
7317,2069,1567,20240817,799.0,Success,Credit Card
7318,2069,1567,20240916,799.0,Success,Wallet
7319,2069,1567,20241016,799.0,Success,Debit Card
7320,2070,1567,20241115,799.0,Success,Wallet
7321,2071,1568,20231108,799.0,Success,Wallet
7322,2072,1569,20230402,199.0,Success,UPI
7323,2073,1570,20240218,799.0,Success,UPI
7324,2073,1570,20240319,799.0,Success,PayPal
7325,2073,1570,20240418,799.0,Success,Wallet
7326,2074,1571,20240716,799.0,Success,Credit Card
7327,2074,1571,20240815,799.0,Success,Debit Card
7328,2074,1571,20240914,799.0,Success,Debit Card
7329,2074,1571,20241014,799.0,Success,Wallet
7330,2074,1571,20241113,799.0,Success,Credit Card
7331,2075,1572,20240103,799.0,Success,Credit Card
7332,2075,1572,20240202,799.0,Success,PayPal
7333,2075,1572,20240303,799.0,Success,PayPal
7334,2075,1572,20240402,799.0,Success,Credit Card
7335,2075,1572,20240502,799.0,Success,Credit Card
7336,2075,1572,20240601,799.0,Success,PayPal
7337,2075,1572,20240701,799.0,Success,Debit Card
7338,2075,1572,20240731,799.0,Success,Wallet
7339,2075,1572,20240830,799.0,Success,UPI
7340,2075,1572,20240929,799.0,Success,UPI
7341,2075,1572,20241029,799.0,Success,Credit Card
7342,2075,1572,20241128,799.0,Success,Debit Card
7343,2076,1573,20230829,499.0,Success,PayPal
7344,2077,1574,20231122,799.0,Success,Wallet
7345,2077,1574,20231222,799.0,Success,UPI
7346,2077,1574,20240121,799.0,Success,UPI
7347,2077,1574,20240220,799.0,Success,PayPal
7348,2077,1574,20240321,799.0,Success,Debit Card
7349,2077,1574,20240420,799.0,Success,UPI
7350,2077,1574,20240520,799.0,Success,Debit Card
7351,2077,1574,20240619,799.0,Success,UPI
7352,2077,1574,20240719,799.0,Success,Credit Card
7353,2077,1574,20240818,799.0,Success,UPI
7354,2077,1574,20240917,799.0,Success,Debit Card
7355,2077,1574,20241017,799.0,Success,Wallet
7356,2078,1575,20240712,199.0,Success,Credit Card
7357,2078,1575,20240811,199.0,Success,Credit Card
7358,2078,1575,20240910,199.0,Success,Debit Card
7359,2079,1576,20230712,499.0,Success,Debit Card
7360,2080,1576,20230827,499.0,Success,Debit Card
7361,2080,1576,20230926,499.0,Success,Credit Card
7362,2080,1576,20231026,499.0,Failed,Wallet
7363,2080,1576,20231125,499.0,Success,PayPal
7364,2080,1576,20231225,499.0,Success,PayPal
7365,2080,1576,20240124,499.0,Failed,PayPal
7366,2080,1576,20240223,499.0,Success,Wallet
7367,2080,1576,20240324,499.0,Success,Credit Card
7368,2080,1576,20240423,499.0,Success,PayPal
7369,2080,1576,20240523,499.0,Failed,PayPal
7370,2080,1576,20240622,499.0,Success,PayPal
7371,2080,1576,20240722,499.0,Success,UPI
7372,2081,1576,20240910,149.0,Success,PayPal
7373,2081,1576,20241010,149.0,Success,PayPal
7374,2081,1576,20241109,149.0,Failed,Debit Card
7375,2082,1577,20240303,149.0,Success,Credit Card
7376,2083,1578,20230509,199.0,Success,Credit Card
7377,2083,1578,20230608,199.0,Success,Credit Card
7378,2083,1578,20230708,199.0,Success,Credit Card
7379,2084,1579,20230528,799.0,Success,UPI
7380,2085,1580,20230520,499.0,Success,Credit Card
7381,2086,1580,20230703,499.0,Success,Wallet
7382,2087,1581,20240411,199.0,Success,Debit Card
7383,2087,1581,20240511,199.0,Success,Wallet
7384,2087,1581,20240610,199.0,Success,UPI
7385,2088,1582,20230704,499.0,Success,Debit Card
7386,2088,1582,20230803,499.0,Success,PayPal
7387,2088,1582,20230902,499.0,Success,Wallet
7388,2089,1582,20231014,799.0,Success,Debit Card
7389,2089,1582,20231113,799.0,Success,PayPal
7390,2089,1582,20231213,799.0,Success,Credit Card
7391,2090,1583,20240405,199.0,Failed,Credit Card
7392,2090,1583,20240505,199.0,Success,Wallet
7393,2090,1583,20240604,199.0,Success,PayPal
7394,2090,1583,20240704,199.0,Success,PayPal
7395,2090,1583,20240803,199.0,Success,PayPal
7396,2090,1583,20240902,199.0,Success,Wallet
7397,2091,1583,20241009,499.0,Success,UPI
7398,2091,1583,20241108,499.0,Success,Debit Card
7399,2092,1584,20240911,199.0,Failed,Debit Card
7400,2092,1584,20241011,199.0,Success,UPI
7401,2092,1584,20241110,-199.0,Refunded,Debit Card
7402,2093,1585,20230831,499.0,Success,Debit Card
7403,2094,1586,20240713,799.0,Success,UPI
7404,2094,1586,20240812,799.0,Success,Debit Card
7405,2094,1586,20240911,799.0,Success,Wallet
7406,2095,1587,20240804,149.0,Success,Debit Card
7407,2096,1587,20240920,799.0,Success,Wallet
7408,2096,1587,20241020,799.0,Success,Debit Card
7409,2096,1587,20241119,799.0,Success,Debit Card
7410,2097,1588,20240508,199.0,Success,UPI
7411,2097,1588,20240607,199.0,Success,Debit Card
7412,2097,1588,20240707,199.0,Success,UPI
7413,2097,1588,20240806,199.0,Success,PayPal
7414,2097,1588,20240905,199.0,Success,PayPal
7415,2097,1588,20241005,199.0,Success,PayPal
7416,2098,1589,20240623,199.0,Success,Debit Card
7417,2098,1589,20240723,199.0,Success,PayPal
7418,2098,1589,20240822,199.0,Success,PayPal
7419,2098,1589,20240921,199.0,Success,UPI
7420,2098,1589,20241021,199.0,Success,UPI
7421,2098,1589,20241120,199.0,Success,PayPal
7422,2099,1590,20240916,499.0,Success,UPI
7423,2099,1590,20241016,499.0,Success,Credit Card
7424,2099,1590,20241115,499.0,Success,Debit Card
7425,2100,1591,20241110,199.0,Success,Credit Card
7426,2101,1592,20240816,799.0,Success,Wallet
7427,2101,1592,20240915,799.0,Success,Wallet
7428,2101,1592,20241015,799.0,Success,UPI
7429,2102,1593,20240701,149.0,Success,Debit Card
7430,2103,1594,20240425,799.0,Success,Credit Card
7431,2103,1594,20240525,799.0,Success,Credit Card
7432,2103,1594,20240624,799.0,Success,UPI
7433,2103,1594,20240724,799.0,Success,Wallet
7434,2103,1594,20240823,799.0,Success,UPI
7435,2103,1594,20240922,799.0,Success,PayPal
7436,2103,1594,20241022,799.0,Success,Credit Card
7437,2103,1594,20241121,799.0,Success,Debit Card
7438,2104,1595,20231029,199.0,Success,PayPal
7439,2105,1596,20240903,199.0,Success,Debit Card
7440,2106,1597,20230924,199.0,Success,Wallet
7441,2106,1597,20231024,199.0,Success,Debit Card
7442,2106,1597,20231123,199.0,Success,Wallet
7443,2106,1597,20231223,199.0,Success,PayPal
7444,2106,1597,20240122,199.0,Success,Wallet
7445,2106,1597,20240221,199.0,Success,PayPal
7446,2106,1597,20240322,199.0,Success,Wallet
7447,2106,1597,20240421,199.0,Success,Wallet
7448,2106,1597,20240521,199.0,Success,UPI
7449,2106,1597,20240620,199.0,Success,Debit Card
7450,2106,1597,20240720,199.0,Success,Credit Card
7451,2106,1597,20240819,199.0,Success,UPI
7452,2107,1597,20240928,199.0,Success,PayPal
7453,2107,1597,20241028,199.0,Success,UPI
7454,2107,1597,20241127,199.0,Success,Wallet
7455,2108,1598,20240809,199.0,Success,Wallet
7456,2109,1599,20241001,149.0,Success,Debit Card
7457,2110,1599,20241104,199.0,Success,UPI
7458,2111,1600,20240601,199.0,Success,Wallet
7459,2112,1601,20230516,499.0,Success,Wallet
7460,2112,1601,20230615,499.0,Success,UPI
7461,2112,1601,20230715,499.0,Success,PayPal
7462,2112,1601,20230814,499.0,Success,PayPal
7463,2112,1601,20230913,499.0,Success,Credit Card
7464,2112,1601,20231013,499.0,Success,PayPal
7465,2113,1602,20230115,799.0,Success,Wallet
7466,2113,1602,20230214,799.0,Success,Debit Card
7467,2113,1602,20230316,799.0,Success,Wallet
7468,2113,1602,20230415,799.0,Success,Debit Card
7469,2113,1602,20230515,799.0,Success,Wallet
7470,2113,1602,20230614,799.0,Success,UPI
7471,2113,1602,20230714,799.0,Success,Debit Card
7472,2113,1602,20230813,799.0,Success,Debit Card
7473,2113,1602,20230912,799.0,Success,Credit Card
7474,2113,1602,20231012,799.0,Success,Debit Card
7475,2113,1602,20231111,799.0,Success,UPI
7476,2113,1602,20231211,799.0,Success,UPI
7477,2114,1602,20240123,799.0,Success,PayPal
7478,2114,1602,20240222,799.0,Success,Credit Card
7479,2114,1602,20240323,799.0,Success,PayPal
7480,2114,1602,20240422,799.0,Success,PayPal
7481,2114,1602,20240522,799.0,Success,Wallet
7482,2114,1602,20240621,799.0,Success,UPI
7483,2114,1602,20240721,799.0,Success,PayPal
7484,2114,1602,20240820,799.0,Success,PayPal
7485,2114,1602,20240919,799.0,Success,PayPal
7486,2114,1602,20241019,799.0,Success,Wallet
7487,2114,1602,20241118,799.0,Success,Credit Card
7488,2115,1603,20240828,799.0,Success,Wallet
7489,2116,1604,20230629,149.0,Success,Wallet
7490,2116,1604,20230729,149.0,Success,Wallet
7491,2116,1604,20230828,149.0,Success,PayPal
7492,2116,1604,20230927,149.0,Success,Debit Card
7493,2116,1604,20231027,149.0,Success,PayPal
7494,2116,1604,20231126,149.0,Success,Credit Card
7495,2116,1604,20231226,149.0,Success,Debit Card
7496,2116,1604,20240125,149.0,Success,Wallet
7497,2116,1604,20240224,149.0,Success,UPI
7498,2116,1604,20240325,149.0,Success,Wallet
7499,2116,1604,20240424,149.0,Success,UPI
7500,2116,1604,20240524,149.0,Success,UPI
7501,2117,1604,20240630,499.0,Success,Wallet
7502,2117,1604,20240730,499.0,Success,Debit Card
7503,2117,1604,20240829,499.0,Success,Credit Card
7504,2118,1604,20241012,199.0,Success,Credit Card
7505,2118,1604,20241111,199.0,Success,Wallet
7506,2119,1605,20230705,499.0,Success,UPI
7507,2120,1605,20230814,199.0,Success,PayPal
7508,2120,1605,20230913,199.0,Success,Debit Card
7509,2120,1605,20231013,199.0,Success,Debit Card
7510,2121,1606,20230328,499.0,Success,UPI
7511,2122,1607,20240522,799.0,Success,Credit Card
7512,2122,1607,20240621,799.0,Success,Credit Card
7513,2122,1607,20240721,799.0,Success,Wallet
7514,2123,1608,20240326,499.0,Success,UPI
7515,2124,1609,20231220,149.0,Success,PayPal
7516,2125,1610,20230429,499.0,Success,Debit Card
7517,2125,1610,20230529,499.0,Success,PayPal
7518,2125,1610,20230628,499.0,Success,PayPal
7519,2126,1611,20231105,149.0,Success,Wallet
7520,2127,1612,20240629,199.0,Success,PayPal
7521,2128,1613,20240430,149.0,Success,Debit Card
7522,2128,1613,20240530,149.0,Success,PayPal
7523,2128,1613,20240629,149.0,Success,Debit Card
7524,2128,1613,20240729,-149.0,Refunded,Wallet
7525,2128,1613,20240828,149.0,Success,Wallet
7526,2128,1613,20240927,149.0,Success,PayPal
7527,2128,1613,20241027,149.0,Success,UPI
7528,2128,1613,20241126,149.0,Success,UPI
7529,2129,1614,20230113,799.0,Success,Wallet
7530,2129,1614,20230212,799.0,Success,Wallet
7531,2129,1614,20230314,799.0,Success,PayPal
7532,2130,1614,20230429,799.0,Success,PayPal
7533,2130,1614,20230529,799.0,Success,Wallet
7534,2130,1614,20230628,799.0,Success,Credit Card
7535,2131,1615,20241125,199.0,Success,PayPal
7536,2132,1616,20230212,149.0,Success,Wallet
7537,2132,1616,20230314,149.0,Success,Debit Card
7538,2132,1616,20230413,149.0,Success,Debit Card
7539,2133,1617,20240318,499.0,Success,Credit Card
7540,2133,1617,20240417,499.0,Success,Credit Card
7541,2133,1617,20240517,499.0,Success,Wallet
7542,2133,1617,20240616,499.0,Success,Credit Card
7543,2133,1617,20240716,499.0,Success,Credit Card
7544,2133,1617,20240815,499.0,Success,Credit Card
7545,2133,1617,20240914,499.0,Success,Credit Card
7546,2133,1617,20241014,499.0,Success,UPI
7547,2133,1617,20241113,499.0,Success,Debit Card
7548,2134,1618,20231210,149.0,Success,Wallet
7549,2134,1618,20240109,149.0,Success,PayPal
7550,2134,1618,20240208,149.0,Success,PayPal
7551,2134,1618,20240309,149.0,Success,Wallet
7552,2134,1618,20240408,149.0,Success,Credit Card
7553,2134,1618,20240508,149.0,Success,PayPal
7554,2134,1618,20240607,149.0,Success,Debit Card
7555,2134,1618,20240707,149.0,Failed,UPI
7556,2134,1618,20240806,149.0,Success,Credit Card
7557,2134,1618,20240905,149.0,Success,UPI
7558,2134,1618,20241005,149.0,Success,PayPal
7559,2134,1618,20241104,149.0,Success,UPI
7560,2135,1619,20241101,149.0,Success,Wallet
7561,2135,1619,20241201,-149.0,Refunded,UPI
7562,2136,1620,20230905,499.0,Success,Credit Card
7563,2136,1620,20231005,499.0,Success,UPI
7564,2136,1620,20231104,499.0,Success,Wallet
7565,2136,1620,20231204,499.0,Success,Credit Card
7566,2136,1620,20240103,499.0,Success,Wallet
7567,2136,1620,20240202,499.0,Success,PayPal
7568,2137,1621,20240616,-199.0,Refunded,PayPal
7569,2138,1622,20231117,799.0,Success,Credit Card
7570,2138,1622,20231217,799.0,Success,Credit Card
7571,2138,1622,20240116,799.0,Success,Wallet
7572,2139,1623,20230311,499.0,Success,Credit Card
7573,2140,1623,20230422,799.0,Success,Credit Card
7574,2141,1624,20241202,499.0,Success,UPI
7575,2142,1625,20230915,199.0,Success,UPI
7576,2142,1625,20231015,199.0,Success,Wallet
7577,2142,1625,20231114,199.0,Success,PayPal
7578,2142,1625,20231214,199.0,Success,Debit Card
7579,2142,1625,20240113,199.0,Success,UPI
7580,2142,1625,20240212,199.0,Success,Debit Card
7581,2143,1626,20230228,-149.0,Refunded,Debit Card
7582,2143,1626,20230330,149.0,Failed,PayPal
7583,2143,1626,20230429,149.0,Success,UPI
7584,2144,1626,20230601,799.0,Success,Wallet
7585,2144,1626,20230701,799.0,Success,PayPal
7586,2144,1626,20230731,799.0,Success,PayPal
7587,2144,1626,20230830,799.0,Success,UPI
7588,2144,1626,20230929,799.0,Success,Debit Card
7589,2144,1626,20231029,799.0,Success,Wallet
7590,2144,1626,20231128,799.0,Success,UPI
7591,2144,1626,20231228,799.0,Success,Wallet
7592,2144,1626,20240127,799.0,Success,Debit Card
7593,2144,1626,20240226,799.0,Success,Credit Card
7594,2144,1626,20240327,799.0,Success,UPI
7595,2144,1626,20240426,799.0,Success,Credit Card
7596,2145,1627,20240905,149.0,Success,PayPal
7597,2145,1627,20241005,149.0,Success,Credit Card
7598,2145,1627,20241104,149.0,Success,Wallet
7599,2146,1628,20230330,199.0,Success,PayPal
7600,2146,1628,20230429,199.0,Success,Debit Card
7601,2146,1628,20230529,199.0,Success,UPI
7602,2146,1628,20230628,199.0,Success,Credit Card
7603,2146,1628,20230728,199.0,Success,Debit Card
7604,2146,1628,20230827,199.0,Success,Debit Card
7605,2147,1629,20241025,-499.0,Refunded,UPI
7606,2148,1629,20241127,149.0,Success,Debit Card
7607,2149,1630,20230424,199.0,Success,Debit Card
7608,2150,1631,20241107,149.0,Success,UPI
7609,2151,1632,20231011,799.0,Success,Debit Card
7610,2151,1632,20231110,799.0,Success,PayPal
7611,2151,1632,20231210,799.0,Success,PayPal
7612,2151,1632,20240109,799.0,Success,UPI
7613,2151,1632,20240208,799.0,Success,PayPal
7614,2151,1632,20240309,799.0,Success,PayPal
7615,2151,1632,20240408,799.0,Success,PayPal
7616,2151,1632,20240508,799.0,Success,PayPal
7617,2151,1632,20240607,799.0,Success,Debit Card
7618,2151,1632,20240707,799.0,Success,UPI
7619,2151,1632,20240806,799.0,Success,Debit Card
7620,2151,1632,20240905,799.0,Success,PayPal
7621,2152,1633,20231128,199.0,Success,UPI
7622,2153,1634,20230305,149.0,Success,Wallet
7623,2153,1634,20230404,149.0,Success,PayPal
7624,2153,1634,20230504,149.0,Success,UPI
7625,2154,1635,20230922,199.0,Success,Credit Card
7626,2155,1636,20230725,199.0,Success,Debit Card
7627,2155,1636,20230824,199.0,Success,Credit Card
7628,2155,1636,20230923,199.0,Success,Credit Card
7629,2155,1636,20231023,199.0,Success,UPI
7630,2155,1636,20231122,199.0,Failed,Wallet
7631,2155,1636,20231222,199.0,Success,PayPal
7632,2155,1636,20240121,199.0,Success,Wallet
7633,2155,1636,20240220,199.0,Success,Credit Card
7634,2155,1636,20240321,199.0,Success,UPI
7635,2155,1636,20240420,199.0,Success,Credit Card
7636,2155,1636,20240520,199.0,Success,PayPal
7637,2155,1636,20240619,199.0,Success,PayPal
7638,2156,1637,20230422,199.0,Success,Credit Card
7639,2156,1637,20230522,199.0,Success,Debit Card
7640,2156,1637,20230621,199.0,Success,Wallet
7641,2156,1637,20230721,199.0,Success,Credit Card
7642,2156,1637,20230820,199.0,Success,PayPal
7643,2156,1637,20230919,199.0,Success,Credit Card
7644,2156,1637,20231019,199.0,Success,Wallet
7645,2156,1637,20231118,199.0,Failed,Wallet
7646,2156,1637,20231218,199.0,Success,Credit Card
7647,2156,1637,20240117,199.0,Success,PayPal
7648,2156,1637,20240216,199.0,Success,UPI
7649,2156,1637,20240317,199.0,Success,PayPal
7650,2157,1638,20240920,149.0,Success,PayPal
7651,2158,1639,20230923,149.0,Success,PayPal
7652,2158,1639,20231023,149.0,Success,Wallet
7653,2158,1639,20231122,149.0,Success,PayPal
7654,2158,1639,20231222,149.0,Success,UPI
7655,2158,1639,20240121,149.0,Success,PayPal
7656,2158,1639,20240220,149.0,Success,Debit Card
7657,2159,1640,20230914,149.0,Success,Credit Card
7658,2160,1640,20231015,499.0,Success,PayPal
7659,2161,1641,20241030,199.0,Success,Credit Card
7660,2162,1642,20240204,149.0,Success,Debit Card
7661,2162,1642,20240305,149.0,Failed,UPI
7662,2162,1642,20240404,149.0,Success,Debit Card
7663,2162,1642,20240504,-149.0,Refunded,UPI
7664,2162,1642,20240603,149.0,Success,PayPal
7665,2162,1642,20240703,149.0,Success,PayPal
7666,2162,1642,20240802,149.0,Success,Wallet
7667,2162,1642,20240901,149.0,Success,Debit Card
7668,2162,1642,20241001,149.0,Success,Credit Card
7669,2162,1642,20241031,149.0,Success,Debit Card
7670,2162,1642,20241130,149.0,Success,Debit Card
7671,2163,1643,20240205,199.0,Success,UPI
7672,2164,1644,20240517,799.0,Success,Debit Card
7673,2165,1645,20230313,199.0,Success,PayPal
7674,2165,1645,20230412,199.0,Success,Wallet
7675,2165,1645,20230512,199.0,Success,UPI
7676,2166,1646,20241206,199.0,Success,Debit Card
7677,2167,1647,20240103,149.0,Success,UPI
7678,2167,1647,20240202,149.0,Success,UPI
7679,2167,1647,20240303,149.0,Success,Wallet
7680,2168,1647,20240414,199.0,Success,PayPal
7681,2169,1647,20240521,149.0,Success,PayPal
7682,2170,1648,20241009,149.0,Success,PayPal
7683,2170,1648,20241108,149.0,Success,Debit Card
7684,2171,1649,20231215,-499.0,Refunded,UPI
7685,2172,1650,20231024,199.0,Success,Credit Card
7686,2172,1650,20231123,199.0,Success,PayPal
7687,2172,1650,20231223,199.0,Success,Wallet
7688,2173,1651,20240129,799.0,Success,Credit Card
7689,2174,1652,20230420,799.0,Success,Credit Card
7690,2175,1653,20241009,799.0,Success,PayPal
7691,2175,1653,20241108,799.0,Success,Debit Card
7692,2176,1654,20230717,499.0,Success,Wallet
7693,2176,1654,20230816,499.0,Success,Debit Card
7694,2176,1654,20230915,499.0,Success,Wallet
7695,2176,1654,20231015,499.0,Failed,UPI
7696,2176,1654,20231114,499.0,Success,PayPal
7697,2176,1654,20231214,499.0,Success,PayPal
7698,2176,1654,20240113,499.0,Success,UPI
7699,2176,1654,20240212,499.0,Success,PayPal
7700,2176,1654,20240313,499.0,Success,Credit Card
7701,2176,1654,20240412,499.0,Success,Debit Card
7702,2176,1654,20240512,499.0,Success,PayPal
7703,2176,1654,20240611,499.0,Success,Credit Card
7704,2177,1654,20240718,199.0,Success,UPI
7705,2177,1654,20240817,199.0,Success,Wallet
7706,2177,1654,20240916,199.0,Failed,Wallet
7707,2178,1655,20240515,199.0,Success,Debit Card
7708,2178,1655,20240614,199.0,Success,PayPal
7709,2178,1655,20240714,199.0,Success,Debit Card
7710,2179,1656,20231112,799.0,Success,Credit Card
7711,2179,1656,20231212,799.0,Failed,Wallet
7712,2179,1656,20240111,799.0,Success,PayPal
7713,2179,1656,20240210,799.0,Success,Debit Card
7714,2179,1656,20240311,799.0,Failed,PayPal
7715,2179,1656,20240410,799.0,Success,UPI
7716,2180,1656,20240516,499.0,Success,PayPal
7717,2180,1656,20240615,499.0,Success,UPI
7718,2180,1656,20240715,499.0,Success,UPI
7719,2181,1657,20240405,149.0,Success,Debit Card
7720,2181,1657,20240505,149.0,Success,Wallet
7721,2181,1657,20240604,149.0,Success,Credit Card
7722,2181,1657,20240704,149.0,Success,Wallet
7723,2181,1657,20240803,149.0,Success,UPI
7724,2181,1657,20240902,149.0,Success,Credit Card
7725,2181,1657,20241002,149.0,Success,Wallet
7726,2181,1657,20241101,149.0,Success,UPI
7727,2181,1657,20241201,149.0,Success,PayPal
7728,2182,1658,20230213,499.0,Success,PayPal
7729,2183,1659,20241114,799.0,Success,Debit Card
7730,2184,1660,20240703,149.0,Success,Credit Card
7731,2185,1661,20230315,799.0,Success,Credit Card
7732,2185,1661,20230414,799.0,Success,PayPal
7733,2185,1661,20230514,799.0,Success,Debit Card
7734,2185,1661,20230613,799.0,Success,PayPal
7735,2185,1661,20230713,799.0,Success,Debit Card
7736,2185,1661,20230812,799.0,Success,Credit Card
7737,2185,1661,20230911,799.0,Success,Credit Card
7738,2185,1661,20231011,799.0,Success,UPI
7739,2185,1661,20231110,799.0,Success,Credit Card
7740,2185,1661,20231210,799.0,Success,PayPal
7741,2185,1661,20240109,799.0,Success,UPI
7742,2185,1661,20240208,799.0,Success,Credit Card
7743,2186,1661,20240312,149.0,Success,PayPal
7744,2187,1661,20240417,199.0,Failed,Wallet
7745,2187,1661,20240517,199.0,Failed,PayPal
7746,2187,1661,20240616,199.0,Success,Credit Card
7747,2188,1662,20230120,149.0,Success,UPI
7748,2188,1662,20230219,149.0,Success,Wallet
7749,2188,1662,20230321,149.0,Success,Credit Card
7750,2188,1662,20230420,149.0,Success,Credit Card
7751,2188,1662,20230520,149.0,Success,Debit Card
7752,2188,1662,20230619,149.0,Success,UPI
7753,2188,1662,20230719,149.0,Success,Debit Card
7754,2188,1662,20230818,149.0,Success,PayPal
7755,2188,1662,20230917,149.0,Success,Debit Card
7756,2188,1662,20231017,149.0,Success,Wallet
7757,2188,1662,20231116,149.0,Success,PayPal
7758,2188,1662,20231216,149.0,Success,UPI
7759,2189,1663,20230906,-149.0,Refunded,Debit Card
7760,2189,1663,20231006,149.0,Success,PayPal
7761,2189,1663,20231105,149.0,Success,Debit Card
7762,2189,1663,20231205,149.0,Success,Wallet
7763,2189,1663,20240104,149.0,Success,UPI
7764,2189,1663,20240203,149.0,Success,Wallet
7765,2189,1663,20240304,149.0,Success,Wallet
7766,2189,1663,20240403,149.0,Success,PayPal
7767,2189,1663,20240503,149.0,Success,PayPal
7768,2189,1663,20240602,149.0,Success,PayPal
7769,2189,1663,20240702,149.0,Success,PayPal
7770,2189,1663,20240801,149.0,Success,Credit Card
7771,2190,1664,20241009,149.0,Success,UPI
7772,2190,1664,20241108,149.0,Success,UPI
7773,2191,1665,20230410,499.0,Success,UPI
7774,2191,1665,20230510,499.0,Success,Wallet
7775,2191,1665,20230609,499.0,Success,Wallet
7776,2192,1665,20230710,149.0,Success,Wallet
7777,2192,1665,20230809,149.0,Success,Credit Card
7778,2192,1665,20230908,149.0,Success,PayPal
7779,2192,1665,20231008,149.0,Success,Credit Card
7780,2192,1665,20231107,149.0,Success,Debit Card
7781,2192,1665,20231207,149.0,Success,Wallet
7782,2192,1665,20240106,149.0,Success,Wallet
7783,2192,1665,20240205,149.0,Success,PayPal
7784,2192,1665,20240306,149.0,Success,Wallet
7785,2192,1665,20240405,149.0,Success,Wallet
7786,2192,1665,20240505,149.0,Success,Credit Card
7787,2192,1665,20240604,149.0,Success,UPI
7788,2193,1666,20230307,499.0,Success,UPI
7789,2194,1666,20230408,799.0,Success,Wallet
7790,2194,1666,20230508,799.0,Success,Debit Card
7791,2194,1666,20230607,799.0,Success,PayPal
7792,2195,1667,20240922,199.0,Success,Credit Card
7793,2196,1667,20241027,149.0,Success,Credit Card
7794,2196,1667,20241126,149.0,Success,Debit Card
7795,2197,1668,20231212,199.0,Success,Wallet
7796,2197,1668,20240111,199.0,Success,Debit Card
7797,2197,1668,20240210,199.0,Success,Debit Card
7798,2198,1669,20241201,199.0,Success,Credit Card
7799,2199,1670,20230807,199.0,Success,Debit Card
7800,2199,1670,20230906,199.0,Success,Debit Card
7801,2199,1670,20231006,199.0,Success,PayPal
7802,2199,1670,20231105,199.0,Success,Wallet
7803,2199,1670,20231205,199.0,Success,Wallet
7804,2199,1670,20240104,199.0,Success,Debit Card
7805,2200,1670,20240204,199.0,Success,PayPal
7806,2200,1670,20240305,199.0,Success,UPI
7807,2200,1670,20240404,199.0,Success,PayPal
7808,2201,1671,20230504,499.0,Success,Credit Card
7809,2202,1671,20230615,149.0,Success,Debit Card
7810,2203,1672,20241214,799.0,Success,Credit Card
7811,2204,1673,20240818,499.0,Success,Debit Card
7812,2204,1673,20240917,499.0,Success,PayPal
7813,2204,1673,20241017,499.0,Success,Wallet
7814,2204,1673,20241116,499.0,Success,Wallet
7815,2205,1674,20241009,799.0,Success,UPI
7816,2205,1674,20241108,799.0,Success,Credit Card
7817,2206,1675,20240513,199.0,Success,UPI
7818,2206,1675,20240612,-199.0,Refunded,PayPal
7819,2206,1675,20240712,199.0,Success,PayPal
7820,2206,1675,20240811,199.0,Success,Credit Card
7821,2206,1675,20240910,199.0,Success,Debit Card
7822,2206,1675,20241010,199.0,Success,Wallet
7823,2206,1675,20241109,199.0,Success,Credit Card
7824,2207,1676,20230402,499.0,Success,Wallet
7825,2207,1676,20230502,499.0,Success,UPI
7826,2207,1676,20230601,499.0,Success,Debit Card
7827,2208,1677,20240302,199.0,Success,UPI
7828,2209,1678,20241209,149.0,Success,Credit Card
7829,2210,1679,20240619,499.0,Success,Wallet
7830,2210,1679,20240719,499.0,Success,UPI
7831,2210,1679,20240818,499.0,Success,PayPal
7832,2210,1679,20240917,499.0,Success,Credit Card
7833,2210,1679,20241017,499.0,Success,PayPal
7834,2210,1679,20241116,499.0,Success,PayPal
7835,2211,1680,20240917,799.0,Success,UPI
7836,2211,1680,20241017,799.0,Failed,UPI
7837,2211,1680,20241116,799.0,Success,Wallet
7838,2212,1681,20240526,-799.0,Refunded,Wallet
7839,2212,1681,20240625,799.0,Success,Debit Card
7840,2212,1681,20240725,799.0,Success,Debit Card
7841,2213,1682,20231105,499.0,Success,Debit Card
7842,2213,1682,20231205,499.0,Success,UPI
7843,2213,1682,20240104,499.0,Success,UPI
7844,2214,1682,20240216,149.0,Success,Debit Card
7845,2215,1682,20240318,799.0,Success,Wallet
7846,2216,1683,20230716,499.0,Success,UPI
7847,2216,1683,20230815,499.0,Success,Wallet
7848,2216,1683,20230914,-499.0,Refunded,PayPal
7849,2217,1684,20240925,799.0,Success,Credit Card
7850,2218,1684,20241101,799.0,Success,PayPal
7851,2218,1684,20241201,799.0,Success,Debit Card
7852,2219,1685,20240603,149.0,Failed,Credit Card
7853,2219,1685,20240703,149.0,Success,Debit Card
7854,2219,1685,20240802,-149.0,Refunded,Debit Card
7855,2219,1685,20240901,149.0,Success,Wallet
7856,2219,1685,20241001,149.0,Success,Debit Card
7857,2219,1685,20241031,149.0,Success,Wallet
7858,2220,1685,20241210,199.0,Success,Debit Card
7859,2221,1686,20230802,799.0,Success,Debit Card
7860,2222,1687,20230602,149.0,Success,UPI
7861,2222,1687,20230702,149.0,Success,Debit Card
7862,2222,1687,20230801,149.0,Success,Wallet
7863,2222,1687,20230831,149.0,Success,PayPal
7864,2222,1687,20230930,149.0,Success,Wallet
7865,2222,1687,20231030,149.0,Success,Wallet
7866,2223,1688,20240524,499.0,Success,PayPal
7867,2224,1688,20240711,799.0,Success,Credit Card
7868,2225,1689,20230225,149.0,Success,UPI
7869,2225,1689,20230327,149.0,Success,Debit Card
7870,2225,1689,20230426,149.0,Success,UPI
7871,2225,1689,20230526,149.0,Success,Wallet
7872,2225,1689,20230625,149.0,Success,PayPal
7873,2225,1689,20230725,149.0,Success,UPI
7874,2226,1689,20230831,799.0,Success,PayPal
7875,2227,1689,20231013,499.0,Success,Debit Card
7876,2227,1689,20231112,499.0,Success,PayPal
7877,2227,1689,20231212,499.0,Success,Wallet
7878,2227,1689,20240111,499.0,Success,UPI
7879,2227,1689,20240210,-499.0,Refunded,PayPal
7880,2227,1689,20240311,499.0,Success,UPI
7881,2227,1689,20240410,499.0,Success,PayPal
7882,2227,1689,20240510,499.0,Success,UPI
7883,2227,1689,20240609,499.0,Success,UPI
7884,2227,1689,20240709,499.0,Success,UPI
7885,2227,1689,20240808,499.0,Success,Credit Card
7886,2227,1689,20240907,499.0,Success,PayPal
7887,2228,1690,20230915,499.0,Success,Debit Card
7888,2228,1690,20231015,499.0,Success,Wallet
7889,2228,1690,20231114,499.0,Success,Debit Card
7890,2229,1690,20231226,149.0,Success,Credit Card
7891,2229,1690,20240125,149.0,Success,Credit Card
7892,2229,1690,20240224,149.0,Success,Credit Card
7893,2229,1690,20240325,149.0,Failed,Wallet
7894,2229,1690,20240424,149.0,Success,UPI
7895,2229,1690,20240524,149.0,Success,Credit Card
7896,2229,1690,20240623,149.0,Success,Wallet
7897,2229,1690,20240723,149.0,Success,Wallet
7898,2229,1690,20240822,149.0,Success,Credit Card
7899,2229,1690,20240921,149.0,Success,Wallet
7900,2229,1690,20241021,149.0,Success,PayPal
7901,2229,1690,20241120,149.0,Success,UPI
7902,2230,1691,20240409,499.0,Success,PayPal
7903,2230,1691,20240509,499.0,Success,UPI
7904,2230,1691,20240608,499.0,Success,UPI
7905,2230,1691,20240708,499.0,Success,Credit Card
7906,2230,1691,20240807,499.0,Success,UPI
7907,2230,1691,20240906,-499.0,Refunded,Wallet
7908,2231,1692,20240704,499.0,Success,Credit Card
7909,2231,1692,20240803,499.0,Success,Credit Card
7910,2231,1692,20240902,499.0,Success,UPI
7911,2231,1692,20241002,499.0,Success,Wallet
7912,2231,1692,20241101,499.0,Success,Credit Card
7913,2231,1692,20241201,499.0,Success,Credit Card
7914,2232,1693,20240611,799.0,Success,Credit Card
7915,2233,1694,20240331,799.0,Success,Wallet
7916,2233,1694,20240430,799.0,Success,Wallet
7917,2233,1694,20240530,799.0,Failed,PayPal
7918,2233,1694,20240629,799.0,Success,PayPal
7919,2233,1694,20240729,799.0,Success,Wallet
7920,2233,1694,20240828,799.0,Success,PayPal
7921,2233,1694,20240927,799.0,Success,UPI
7922,2233,1694,20241027,799.0,Success,UPI
7923,2233,1694,20241126,799.0,Success,PayPal
7924,2234,1695,20241124,199.0,Success,PayPal
7925,2235,1696,20230822,499.0,Success,Credit Card
7926,2235,1696,20230921,499.0,Success,Wallet
7927,2235,1696,20231021,499.0,Success,Debit Card
7928,2236,1697,20230724,199.0,Success,PayPal
7929,2236,1697,20230823,199.0,Success,Wallet
7930,2236,1697,20230922,199.0,Success,Wallet
7931,2236,1697,20231022,199.0,Success,PayPal
7932,2236,1697,20231121,199.0,Success,PayPal
7933,2236,1697,20231221,199.0,Success,Debit Card
7934,2237,1697,20240127,199.0,Success,PayPal
7935,2238,1698,20240822,199.0,Success,UPI
7936,2239,1699,20230810,199.0,Success,PayPal
7937,2239,1699,20230909,199.0,Success,UPI
7938,2239,1699,20231009,-199.0,Refunded,Debit Card
7939,2239,1699,20231108,199.0,Success,Debit Card
7940,2239,1699,20231208,199.0,Success,Debit Card
7941,2239,1699,20240107,199.0,Success,UPI
7942,2240,1699,20240206,199.0,Success,PayPal
7943,2240,1699,20240307,199.0,Success,PayPal
7944,2240,1699,20240406,199.0,Success,UPI
7945,2241,1700,20230520,199.0,Success,Wallet
7946,2241,1700,20230619,199.0,Success,PayPal
7947,2241,1700,20230719,199.0,Success,Debit Card
7948,2241,1700,20230818,199.0,Success,Debit Card
7949,2241,1700,20230917,199.0,Success,PayPal
7950,2241,1700,20231017,-199.0,Refunded,Wallet
7951,2241,1700,20231116,199.0,Success,Debit Card
7952,2241,1700,20231216,199.0,Success,Debit Card
7953,2241,1700,20240115,199.0,Success,PayPal
7954,2241,1700,20240214,199.0,Success,Debit Card
7955,2241,1700,20240315,199.0,Success,Wallet
7956,2241,1700,20240414,199.0,Success,Credit Card
7957,2242,1701,20231004,499.0,Success,Wallet
7958,2243,1702,20240805,499.0,Success,Credit Card
7959,2243,1702,20240904,499.0,Success,UPI
7960,2243,1702,20241004,499.0,Success,Credit Card
7961,2243,1702,20241103,499.0,Success,Debit Card
7962,2244,1703,20240421,149.0,Success,Debit Card
7963,2245,1704,20230814,499.0,Success,PayPal
7964,2245,1704,20230913,499.0,Success,UPI
7965,2245,1704,20231013,499.0,Success,Debit Card
7966,2245,1704,20231112,499.0,Success,Wallet
7967,2245,1704,20231212,499.0,Success,PayPal
7968,2245,1704,20240111,499.0,Success,Debit Card
7969,2246,1705,20241015,499.0,Success,UPI
7970,2247,1705,20241128,499.0,Success,UPI
7971,2248,1706,20240720,799.0,Success,Credit Card
7972,2249,1707,20240515,199.0,Success,UPI
7973,2250,1707,20240626,799.0,Success,Debit Card
7974,2250,1707,20240726,799.0,Success,Credit Card
7975,2250,1707,20240825,799.0,Success,Wallet
7976,2250,1707,20240924,799.0,Success,UPI
7977,2250,1707,20241024,799.0,Success,Credit Card
7978,2250,1707,20241123,799.0,Success,UPI
7979,2251,1708,20231013,149.0,Success,Credit Card
7980,2251,1708,20231112,149.0,Success,UPI
7981,2251,1708,20231212,149.0,Success,PayPal
7982,2251,1708,20240111,149.0,Success,Debit Card
7983,2251,1708,20240210,149.0,Success,PayPal
7984,2251,1708,20240311,149.0,Success,Credit Card
7985,2252,1709,20230910,499.0,Success,Wallet
7986,2253,1710,20240828,199.0,Success,PayPal
7987,2254,1710,20241015,199.0,Success,Wallet
7988,2255,1711,20240303,799.0,Success,PayPal
7989,2255,1711,20240402,799.0,Success,Debit Card
7990,2255,1711,20240502,799.0,Success,Wallet
7991,2255,1711,20240601,799.0,Success,Credit Card
7992,2255,1711,20240701,799.0,Success,UPI
7993,2255,1711,20240731,799.0,Success,UPI
7994,2255,1711,20240830,799.0,Success,Wallet
7995,2255,1711,20240929,799.0,Success,PayPal
7996,2255,1711,20241029,799.0,Success,PayPal
7997,2255,1711,20241128,799.0,Success,Debit Card
7998,2256,1712,20240531,499.0,Success,PayPal
7999,2257,1713,20241214,149.0,Success,PayPal
8000,2258,1714,20240725,799.0,Success,Credit Card
8001,2259,1714,20240910,-799.0,Refunded,Wallet
8002,2260,1715,20230812,149.0,Success,Wallet
8003,2260,1715,20230911,149.0,Success,UPI
8004,2260,1715,20231011,-149.0,Refunded,Wallet
8005,2260,1715,20231110,149.0,Success,Credit Card
8006,2260,1715,20231210,149.0,Success,Wallet
8007,2260,1715,20240109,149.0,Success,Wallet
8008,2260,1715,20240208,149.0,Success,Credit Card
8009,2260,1715,20240309,149.0,Success,PayPal
8010,2260,1715,20240408,149.0,Success,UPI
8011,2260,1715,20240508,149.0,Success,PayPal
8012,2260,1715,20240607,149.0,Success,Debit Card
8013,2260,1715,20240707,149.0,Success,PayPal
8014,2261,1716,20230403,199.0,Success,PayPal
8015,2262,1717,20241221,199.0,Success,UPI
8016,2263,1718,20230125,199.0,Success,Debit Card
8017,2264,1719,20241221,149.0,Success,Wallet
8018,2265,1720,20241003,199.0,Success,PayPal
8019,2265,1720,20241102,199.0,Success,Wallet
8020,2266,1721,20241004,199.0,Success,Wallet
8021,2267,1722,20240627,499.0,Success,UPI
8022,2268,1723,20241215,149.0,Success,Wallet
8023,2269,1724,20241202,199.0,Success,PayPal
8024,2270,1725,20230226,199.0,Success,UPI
8025,2271,1726,20230222,149.0,Success,Wallet
8026,2272,1726,20230328,199.0,Success,Wallet
8027,2272,1726,20230427,199.0,Success,UPI
8028,2272,1726,20230527,199.0,Success,UPI
8029,2272,1726,20230626,199.0,Success,PayPal
8030,2272,1726,20230726,199.0,Success,Credit Card
8031,2272,1726,20230825,199.0,Success,Debit Card
8032,2272,1726,20230924,199.0,Success,Credit Card
8033,2272,1726,20231024,199.0,Success,Wallet
8034,2272,1726,20231123,199.0,Failed,Wallet
8035,2272,1726,20231223,199.0,Success,UPI
8036,2272,1726,20240122,199.0,Success,UPI
8037,2272,1726,20240221,199.0,Success,UPI
8038,2273,1727,20230211,499.0,Success,Wallet
8039,2273,1727,20230313,499.0,Success,PayPal
8040,2273,1727,20230412,499.0,Success,Credit Card
8041,2274,1727,20230512,499.0,Success,PayPal
8042,2274,1727,20230611,499.0,Success,Debit Card
8043,2274,1727,20230711,499.0,Success,Wallet
8044,2274,1727,20230810,499.0,Success,UPI
8045,2274,1727,20230909,499.0,Success,Debit Card
8046,2274,1727,20231009,499.0,Success,UPI
8047,2274,1727,20231108,499.0,Success,PayPal
8048,2274,1727,20231208,499.0,Success,UPI
8049,2274,1727,20240107,499.0,Success,PayPal
8050,2274,1727,20240206,499.0,Success,PayPal
8051,2274,1727,20240307,499.0,Success,PayPal
8052,2274,1727,20240406,499.0,Success,UPI
8053,2275,1728,20241222,199.0,Success,Debit Card
8054,2276,1729,20230522,799.0,Success,PayPal
8055,2276,1729,20230621,799.0,Success,Debit Card
8056,2276,1729,20230721,799.0,Success,Credit Card
8057,2277,1730,20240504,499.0,Success,Debit Card
8058,2277,1730,20240603,499.0,Success,Debit Card
8059,2277,1730,20240703,499.0,Success,Wallet
8060,2277,1730,20240802,499.0,Success,UPI
8061,2277,1730,20240901,499.0,Success,Wallet
8062,2277,1730,20241001,499.0,Success,PayPal
8063,2278,1731,20241220,149.0,Success,PayPal
8064,2279,1732,20231125,199.0,Success,UPI
8065,2280,1732,20231227,199.0,Success,PayPal
8066,2280,1732,20240126,199.0,Success,Credit Card
8067,2280,1732,20240225,199.0,Success,Wallet
8068,2280,1732,20240326,199.0,Success,Credit Card
8069,2280,1732,20240425,199.0,Success,Wallet
8070,2280,1732,20240525,199.0,Success,Wallet
8071,2281,1732,20240627,149.0,Success,Wallet
8072,2282,1733,20240309,499.0,Success,PayPal
8073,2283,1734,20240408,499.0,Success,UPI
8074,2284,1734,20240514,799.0,Success,UPI
8075,2285,1735,20240426,149.0,Success,PayPal
8076,2286,1736,20231027,799.0,Success,Wallet
8077,2287,1737,20241210,149.0,Success,Wallet
8078,2288,1738,20230331,499.0,Success,Debit Card
8079,2288,1738,20230430,499.0,Success,Debit Card
8080,2288,1738,20230530,499.0,Success,Debit Card
8081,2289,1739,20230320,799.0,Success,Wallet
8082,2289,1739,20230419,799.0,Success,Credit Card
8083,2289,1739,20230519,799.0,Success,Credit Card
8084,2289,1739,20230618,799.0,Success,Credit Card
8085,2289,1739,20230718,799.0,Success,UPI
8086,2289,1739,20230817,799.0,Success,Wallet
8087,2289,1739,20230916,799.0,Failed,Credit Card
8088,2289,1739,20231016,799.0,Success,UPI
8089,2289,1739,20231115,799.0,Success,UPI
8090,2289,1739,20231215,799.0,Success,UPI
8091,2289,1739,20240114,799.0,Success,Credit Card
8092,2289,1739,20240213,799.0,Success,PayPal
8093,2290,1740,20230601,149.0,Success,Debit Card
8094,2290,1740,20230701,149.0,Success,PayPal
8095,2290,1740,20230731,149.0,Success,UPI
8096,2290,1740,20230830,149.0,Success,Wallet
8097,2290,1740,20230929,149.0,Success,UPI
8098,2290,1740,20231029,149.0,Success,UPI
8099,2290,1740,20231128,149.0,Success,Credit Card
8100,2290,1740,20231228,149.0,Success,UPI
8101,2290,1740,20240127,149.0,Success,Wallet
8102,2290,1740,20240226,149.0,Success,Credit Card
8103,2290,1740,20240327,149.0,Success,Wallet
8104,2290,1740,20240426,149.0,Success,Debit Card
8105,2291,1741,20241004,799.0,Success,UPI
8106,2292,1741,20241123,799.0,Success,UPI
8107,2293,1742,20240708,499.0,Success,Debit Card
8108,2293,1742,20240807,499.0,Success,UPI
8109,2293,1742,20240906,499.0,Success,PayPal
8110,2294,1743,20241022,149.0,Success,Debit Card
8111,2295,1743,20241203,149.0,Success,PayPal
8112,2296,1744,20230826,149.0,Success,Credit Card
8113,2296,1744,20230925,149.0,Success,Debit Card
8114,2296,1744,20231025,149.0,Success,Debit Card
8115,2297,1745,20231218,199.0,Success,Wallet
8116,2298,1746,20240830,199.0,Success,Debit Card
8117,2298,1746,20240929,199.0,Success,Debit Card
8118,2298,1746,20241029,199.0,Success,Credit Card
8119,2298,1746,20241128,199.0,Success,PayPal
8120,2299,1747,20240331,499.0,Success,UPI
8121,2299,1747,20240430,499.0,Success,Debit Card
8122,2299,1747,20240530,499.0,Success,Debit Card
8123,2300,1748,20231110,199.0,Success,UPI
8124,2301,1748,20231223,149.0,Success,Debit Card
8125,2301,1748,20240122,149.0,Success,UPI
8126,2301,1748,20240221,-149.0,Refunded,Wallet
8127,2301,1748,20240322,149.0,Success,PayPal
8128,2301,1748,20240421,149.0,Success,UPI
8129,2301,1748,20240521,149.0,Success,Wallet
8130,2301,1748,20240620,149.0,Success,Wallet
8131,2301,1748,20240720,-149.0,Refunded,Credit Card
8132,2301,1748,20240819,149.0,Success,Wallet
8133,2301,1748,20240918,149.0,Success,PayPal
8134,2301,1748,20241018,149.0,Success,Debit Card
8135,2301,1748,20241117,149.0,Success,Wallet
8136,2302,1749,20240116,149.0,Success,Debit Card
8137,2303,1750,20231228,499.0,Success,Credit Card
8138,2304,1751,20230614,499.0,Success,Wallet
8139,2305,1752,20230629,499.0,Success,PayPal
8140,2305,1752,20230729,499.0,Success,Credit Card
8141,2305,1752,20230828,499.0,Success,Wallet
8142,2306,1752,20231005,149.0,Success,PayPal
8143,2306,1752,20231104,149.0,Success,Wallet
8144,2306,1752,20231204,149.0,Success,PayPal
8145,2307,1752,20240119,499.0,Success,UPI
8146,2307,1752,20240218,499.0,Success,PayPal
8147,2307,1752,20240319,499.0,Success,Wallet
8148,2308,1753,20230607,199.0,Success,Wallet
8149,2309,1754,20231121,799.0,Success,Debit Card
8150,2309,1754,20231221,799.0,Failed,PayPal
8151,2309,1754,20240120,799.0,Success,Debit Card
8152,2309,1754,20240219,799.0,Success,PayPal
8153,2309,1754,20240320,799.0,Success,PayPal
8154,2309,1754,20240419,799.0,Success,Debit Card
8155,2310,1754,20240522,499.0,Success,Credit Card
8156,2310,1754,20240621,499.0,Success,Wallet
8157,2310,1754,20240721,499.0,Success,PayPal
8158,2311,1755,20230708,499.0,Success,PayPal
8159,2311,1755,20230807,499.0,Success,Debit Card
8160,2311,1755,20230906,499.0,Success,Wallet
8161,2312,1756,20231121,499.0,Success,Wallet
8162,2312,1756,20231221,499.0,Success,Debit Card
8163,2312,1756,20240120,499.0,Failed,PayPal
8164,2313,1757,20230616,499.0,Success,PayPal
8165,2313,1757,20230716,499.0,Success,PayPal
8166,2313,1757,20230815,499.0,Success,Credit Card
8167,2313,1757,20230914,499.0,Success,Wallet
8168,2313,1757,20231014,499.0,Success,PayPal
8169,2313,1757,20231113,499.0,Success,Wallet
8170,2313,1757,20231213,499.0,Success,PayPal
8171,2313,1757,20240112,499.0,Success,Wallet
8172,2313,1757,20240211,499.0,Success,UPI
8173,2313,1757,20240312,499.0,Success,UPI
8174,2313,1757,20240411,499.0,Success,Credit Card
8175,2313,1757,20240511,499.0,Success,Credit Card
8176,2314,1758,20240219,149.0,Success,UPI
8177,2314,1758,20240320,149.0,Success,UPI
8178,2314,1758,20240419,149.0,Success,UPI
8179,2315,1758,20240530,149.0,Success,Credit Card
8180,2315,1758,20240629,149.0,Success,PayPal
8181,2315,1758,20240729,149.0,Success,Debit Card
8182,2315,1758,20240828,149.0,Success,Wallet
8183,2315,1758,20240927,149.0,Success,PayPal
8184,2315,1758,20241027,149.0,Success,Debit Card
8185,2315,1758,20241126,149.0,Success,Wallet
8186,2316,1759,20231124,149.0,Success,Credit Card
8187,2316,1759,20231224,149.0,Success,Credit Card
8188,2316,1759,20240123,149.0,Success,Credit Card
8189,2316,1759,20240222,149.0,Success,PayPal
8190,2316,1759,20240323,149.0,Success,Wallet
8191,2316,1759,20240422,149.0,Success,Debit Card
8192,2316,1759,20240522,149.0,Success,Debit Card
8193,2316,1759,20240621,149.0,Success,Debit Card
8194,2316,1759,20240721,149.0,Success,PayPal
8195,2316,1759,20240820,149.0,Success,UPI
8196,2316,1759,20240919,149.0,Success,Debit Card
8197,2316,1759,20241019,149.0,Success,PayPal
8198,2317,1759,20241122,199.0,Success,Wallet
8199,2318,1760,20240603,799.0,Success,Debit Card
8200,2319,1760,20240722,799.0,Success,UPI
8201,2320,1761,20231024,799.0,Success,UPI
8202,2320,1761,20231123,799.0,Success,PayPal
8203,2320,1761,20231223,799.0,Success,Debit Card
8204,2321,1762,20240328,799.0,Success,Credit Card
8205,2322,1763,20230211,499.0,Success,UPI
8206,2323,1764,20230126,199.0,Success,Wallet
8207,2324,1764,20230315,199.0,Success,UPI
8208,2325,1764,20230503,149.0,Failed,Credit Card
8209,2325,1764,20230602,149.0,Success,UPI
8210,2325,1764,20230702,149.0,Success,PayPal
8211,2326,1765,20240101,199.0,Success,PayPal
8212,2326,1765,20240131,199.0,Success,Credit Card
8213,2326,1765,20240301,199.0,Success,Credit Card
8214,2327,1766,20230719,149.0,Success,PayPal
8215,2327,1766,20230818,149.0,Success,PayPal
8216,2327,1766,20230917,149.0,Success,UPI
8217,2328,1767,20231012,799.0,Success,Debit Card
8218,2329,1768,20240401,149.0,Success,Wallet
8219,2329,1768,20240501,149.0,Success,Wallet
8220,2329,1768,20240531,149.0,Success,PayPal
8221,2329,1768,20240630,149.0,Success,Debit Card
8222,2329,1768,20240730,149.0,Failed,UPI
8223,2329,1768,20240829,149.0,Success,UPI
8224,2329,1768,20240928,149.0,Success,Wallet
8225,2329,1768,20241028,149.0,Success,Credit Card
8226,2329,1768,20241127,149.0,Success,Wallet
8227,2330,1769,20240608,499.0,Success,Wallet
8228,2330,1769,20240708,499.0,Success,PayPal
8229,2330,1769,20240807,499.0,Success,Credit Card
8230,2330,1769,20240906,499.0,Success,Wallet
8231,2330,1769,20241006,499.0,Success,Wallet
8232,2330,1769,20241105,499.0,Success,UPI
8233,2331,1770,20240911,149.0,Success,Credit Card
8234,2332,1770,20241023,799.0,Success,PayPal
8235,2332,1770,20241122,799.0,Success,UPI
8236,2333,1771,20240105,799.0,Success,UPI
8237,2333,1771,20240204,799.0,Success,Debit Card
8238,2333,1771,20240305,799.0,Success,Wallet
8239,2333,1771,20240404,799.0,Success,Credit Card
8240,2333,1771,20240504,799.0,Success,UPI
8241,2333,1771,20240603,799.0,Success,Debit Card
8242,2334,1772,20240114,499.0,Success,PayPal
8243,2334,1772,20240213,499.0,Success,UPI
8244,2334,1772,20240314,499.0,Success,Wallet
8245,2334,1772,20240413,499.0,Success,PayPal
8246,2334,1772,20240513,499.0,Success,Debit Card
8247,2334,1772,20240612,499.0,Success,PayPal
8248,2335,1772,20240719,149.0,Success,Wallet
8249,2335,1772,20240818,149.0,Success,Debit Card
8250,2335,1772,20240917,149.0,Success,Wallet
8251,2335,1772,20241017,149.0,Success,UPI
8252,2335,1772,20241116,149.0,Success,Credit Card
8253,2336,1773,20231226,199.0,Success,PayPal
8254,2337,1773,20240214,199.0,Success,Credit Card
8255,2337,1773,20240315,199.0,Success,UPI
8256,2337,1773,20240414,199.0,Success,Credit Card
8257,2337,1773,20240514,-199.0,Refunded,Debit Card
8258,2337,1773,20240613,199.0,Success,Credit Card
8259,2337,1773,20240713,199.0,Success,PayPal
8260,2337,1773,20240812,199.0,Success,Wallet
8261,2337,1773,20240911,199.0,Success,PayPal
8262,2337,1773,20241011,199.0,Success,PayPal
8263,2337,1773,20241110,199.0,Success,Debit Card
8264,2338,1774,20230331,499.0,Success,Credit Card
8265,2338,1774,20230430,499.0,Success,Debit Card
8266,2338,1774,20230530,499.0,Success,Wallet
8267,2338,1774,20230629,499.0,Success,Credit Card
8268,2338,1774,20230729,499.0,Success,UPI
8269,2338,1774,20230828,499.0,Success,PayPal
8270,2338,1774,20230927,499.0,Success,Wallet
8271,2338,1774,20231027,499.0,Success,Debit Card
8272,2338,1774,20231126,499.0,Success,Wallet
8273,2338,1774,20231226,499.0,Success,PayPal
8274,2338,1774,20240125,499.0,Success,Credit Card
8275,2338,1774,20240224,499.0,Success,Debit Card
8276,2339,1775,20240301,149.0,Success,PayPal
8277,2339,1775,20240331,149.0,Success,Wallet
8278,2339,1775,20240430,149.0,Success,UPI
8279,2339,1775,20240530,149.0,Success,Debit Card
8280,2339,1775,20240629,149.0,Success,PayPal
8281,2339,1775,20240729,149.0,Success,Wallet
8282,2340,1776,20240310,799.0,Success,Wallet
8283,2341,1777,20240824,499.0,Success,Debit Card
8284,2341,1777,20240923,499.0,Success,Credit Card
8285,2341,1777,20241023,499.0,Success,UPI
8286,2342,1777,20241123,799.0,Success,Wallet
8287,2343,1777,20241227,799.0,Failed,Debit Card
8288,2344,1778,20240501,199.0,Success,UPI
8289,2344,1778,20240531,199.0,Success,Credit Card
8290,2344,1778,20240630,199.0,Success,Debit Card
8291,2345,1779,20240827,199.0,Success,PayPal
8292,2345,1779,20240926,199.0,Success,Credit Card
8293,2345,1779,20241026,199.0,Success,PayPal
8294,2345,1779,20241125,199.0,Success,Debit Card
8295,2346,1780,20231007,199.0,Success,Credit Card
8296,2347,1781,20240804,499.0,Success,PayPal
8297,2348,1782,20231024,799.0,Success,Debit Card
8298,2348,1782,20231123,799.0,Success,Wallet
8299,2348,1782,20231223,799.0,Success,Credit Card
8300,2349,1783,20231106,499.0,Success,Wallet
8301,2349,1783,20231206,499.0,Success,UPI
8302,2349,1783,20240105,499.0,Success,Wallet
8303,2349,1783,20240204,499.0,Success,Debit Card
8304,2349,1783,20240305,499.0,Success,Credit Card
8305,2349,1783,20240404,499.0,Success,PayPal
8306,2349,1783,20240504,499.0,Success,Wallet
8307,2349,1783,20240603,499.0,Success,UPI
8308,2349,1783,20240703,499.0,Success,Wallet
8309,2349,1783,20240802,499.0,Success,Debit Card
8310,2349,1783,20240901,499.0,Success,PayPal
8311,2349,1783,20241001,499.0,Success,Wallet
8312,2350,1784,20240419,149.0,Success,Credit Card
8313,2350,1784,20240519,149.0,Success,PayPal
8314,2350,1784,20240618,149.0,Success,PayPal
8315,2350,1784,20240718,149.0,Success,Debit Card
8316,2350,1784,20240817,149.0,Success,Debit Card
8317,2350,1784,20240916,149.0,Success,Wallet
8318,2351,1784,20241104,199.0,Success,PayPal
8319,2352,1785,20230926,499.0,Success,PayPal
8320,2353,1785,20231028,149.0,Success,UPI
8321,2353,1785,20231127,149.0,Success,PayPal
8322,2353,1785,20231227,149.0,Success,Credit Card
8323,2353,1785,20240126,149.0,Success,PayPal
8324,2353,1785,20240225,149.0,Success,PayPal
8325,2353,1785,20240326,149.0,Success,PayPal
8326,2354,1786,20240428,799.0,Success,UPI
8327,2355,1787,20240303,499.0,Success,UPI
8328,2355,1787,20240402,499.0,Success,Wallet
8329,2355,1787,20240502,499.0,Success,UPI
8330,2355,1787,20240601,499.0,Success,PayPal
8331,2355,1787,20240701,499.0,Success,Debit Card
8332,2355,1787,20240731,499.0,Success,UPI
8333,2356,1788,20230908,499.0,Success,UPI
8334,2357,1788,20231009,499.0,Success,Credit Card
8335,2358,1789,20230310,199.0,Success,Credit Card
8336,2358,1789,20230409,199.0,Success,UPI
8337,2358,1789,20230509,199.0,Success,PayPal
8338,2359,1790,20240802,199.0,Success,PayPal
8339,2360,1790,20240914,199.0,Success,Debit Card
8340,2360,1790,20241014,199.0,Success,UPI
8341,2360,1790,20241113,199.0,Success,Credit Card
8342,2361,1791,20240502,499.0,Success,UPI
8343,2362,1792,20240812,199.0,Success,Credit Card
8344,2362,1792,20240911,199.0,Success,Debit Card
8345,2362,1792,20241011,199.0,Success,UPI
8346,2362,1792,20241110,199.0,Success,Wallet
8347,2363,1793,20230301,199.0,Success,Wallet
8348,2364,1794,20230519,199.0,Success,Wallet
8349,2364,1794,20230618,199.0,Success,Wallet
8350,2364,1794,20230718,199.0,Success,Credit Card
8351,2364,1794,20230817,199.0,Success,Credit Card
8352,2364,1794,20230916,199.0,Success,Wallet
8353,2364,1794,20231016,199.0,Success,UPI
8354,2365,1795,20240305,149.0,Success,UPI
8355,2366,1795,20240415,799.0,Success,Wallet
8356,2366,1795,20240515,799.0,Success,PayPal
8357,2366,1795,20240614,799.0,Success,Debit Card
8358,2366,1795,20240714,799.0,Success,Debit Card
8359,2366,1795,20240813,799.0,Success,UPI
8360,2366,1795,20240912,799.0,Success,PayPal
8361,2366,1795,20241012,799.0,Failed,Wallet
8362,2366,1795,20241111,799.0,Success,UPI
8363,2367,1796,20231024,499.0,Success,UPI
8364,2368,1797,20240610,499.0,Success,PayPal
8365,2369,1798,20230407,149.0,Success,Debit Card
8366,2369,1798,20230507,149.0,Success,Credit Card
8367,2369,1798,20230606,149.0,Success,Wallet
8368,2369,1798,20230706,149.0,Success,Credit Card
8369,2369,1798,20230805,149.0,Success,Debit Card
8370,2369,1798,20230904,149.0,Success,UPI
8371,2369,1798,20231004,149.0,Success,Credit Card
8372,2369,1798,20231103,149.0,Success,Credit Card
8373,2369,1798,20231203,149.0,Success,UPI
8374,2369,1798,20240102,149.0,Success,Credit Card
8375,2369,1798,20240201,149.0,Success,UPI
8376,2369,1798,20240302,149.0,Success,Credit Card
8377,2370,1799,20231120,799.0,Success,PayPal
8378,2370,1799,20231220,799.0,Success,UPI
8379,2370,1799,20240119,799.0,Success,Wallet
8380,2370,1799,20240218,799.0,Success,Debit Card
8381,2370,1799,20240319,799.0,Failed,Credit Card
8382,2370,1799,20240418,799.0,Success,PayPal
8383,2371,1799,20240525,149.0,Success,PayPal
8384,2372,1800,20241215,799.0,Success,Credit Card
8385,2373,1801,20231227,199.0,Success,Wallet
8386,2374,1801,20240707,149.0,Success,Credit Card
8387,2374,1801,20240806,149.0,Success,PayPal
8388,2374,1801,20240905,149.0,Success,Credit Card
8389,2374,1801,20241005,149.0,Success,Credit Card
8390,2374,1801,20241104,149.0,Success,UPI
8391,2375,1802,20240117,149.0,Success,UPI
8392,2376,1803,20230616,799.0,Success,PayPal
8393,2376,1803,20230716,799.0,Success,PayPal
8394,2376,1803,20230815,799.0,Success,Credit Card
8395,2376,1803,20230914,799.0,Failed,Debit Card
8396,2376,1803,20231014,799.0,Success,UPI
8397,2376,1803,20231113,799.0,Success,Credit Card
8398,2377,1804,20230712,199.0,Success,UPI
8399,2378,1804,20230813,199.0,Success,PayPal
8400,2378,1804,20230912,199.0,Success,UPI
8401,2378,1804,20231012,199.0,Success,Credit Card
8402,2378,1804,20231111,199.0,Success,Credit Card
8403,2378,1804,20231211,199.0,Success,Credit Card
8404,2378,1804,20240110,199.0,Success,UPI
8405,2379,1805,20240622,199.0,Success,UPI
8406,2379,1805,20240722,199.0,Success,Wallet
8407,2379,1805,20240821,199.0,Success,UPI
8408,2379,1805,20240920,199.0,Success,Credit Card
8409,2379,1805,20241020,199.0,Success,Wallet
8410,2379,1805,20241119,199.0,Success,Wallet
8411,2380,1806,20230427,499.0,Success,Debit Card
8412,2380,1806,20230527,499.0,Success,Debit Card
8413,2380,1806,20230626,499.0,Success,PayPal
8414,2381,1807,20230515,199.0,Success,Credit Card
8415,2381,1807,20230614,199.0,Success,PayPal
8416,2381,1807,20230714,199.0,Success,Wallet
8417,2381,1807,20230813,199.0,Success,Wallet
8418,2381,1807,20230912,199.0,Success,Credit Card
8419,2381,1807,20231012,199.0,Success,PayPal
8420,2381,1807,20231111,199.0,Success,UPI
8421,2381,1807,20231211,199.0,Success,Wallet
8422,2381,1807,20240110,199.0,Success,UPI
8423,2381,1807,20240209,199.0,Success,Wallet
8424,2381,1807,20240310,199.0,Success,Debit Card
8425,2381,1807,20240409,199.0,Success,UPI
8426,2382,1808,20240107,149.0,Success,PayPal
8427,2382,1808,20240206,149.0,Success,UPI
8428,2382,1808,20240307,149.0,Success,Wallet
8429,2382,1808,20240406,149.0,Success,Credit Card
8430,2382,1808,20240506,149.0,Success,Debit Card
8431,2382,1808,20240605,149.0,Success,PayPal
8432,2382,1808,20240705,149.0,Success,Debit Card
8433,2382,1808,20240804,149.0,Success,Wallet
8434,2382,1808,20240903,149.0,Success,Debit Card
8435,2382,1808,20241003,149.0,Success,PayPal
8436,2382,1808,20241102,149.0,Success,UPI
8437,2383,1809,20240903,149.0,Success,PayPal
8438,2384,1810,20241227,499.0,Success,Debit Card
8439,2385,1811,20230816,499.0,Success,Debit Card
8440,2385,1811,20230915,499.0,Success,UPI
8441,2385,1811,20231015,499.0,Success,UPI
8442,2385,1811,20231114,499.0,Success,UPI
8443,2385,1811,20231214,499.0,Success,Wallet
8444,2385,1811,20240113,499.0,Success,Credit Card
8445,2386,1812,20230821,499.0,Success,PayPal
8446,2387,1813,20230322,799.0,Success,Credit Card
8447,2387,1813,20230421,799.0,Success,Wallet
8448,2387,1813,20230521,799.0,Success,Debit Card
8449,2387,1813,20230620,799.0,Success,Debit Card
8450,2387,1813,20230720,799.0,Success,UPI
8451,2387,1813,20230819,799.0,Success,Credit Card
8452,2388,1814,20230321,499.0,Success,UPI
8453,2388,1814,20230420,499.0,Success,Debit Card
8454,2388,1814,20230520,499.0,Success,UPI
8455,2388,1814,20230619,499.0,Success,UPI
8456,2388,1814,20230719,499.0,Success,Wallet
8457,2388,1814,20230818,499.0,Success,PayPal
8458,2389,1815,20230213,199.0,Success,PayPal
8459,2389,1815,20230315,199.0,Success,Debit Card
8460,2389,1815,20230414,199.0,Success,Wallet
8461,2389,1815,20230514,199.0,Success,Credit Card
8462,2389,1815,20230613,199.0,Success,Credit Card
8463,2389,1815,20230713,199.0,Success,Credit Card
8464,2390,1815,20230818,149.0,Success,UPI
8465,2390,1815,20230917,149.0,Success,UPI
8466,2390,1815,20231017,149.0,Success,Debit Card
8467,2390,1815,20231116,149.0,Success,Wallet
8468,2390,1815,20231216,149.0,Success,Wallet
8469,2390,1815,20240115,149.0,Success,Credit Card
8470,2391,1815,20240216,799.0,Success,UPI
8471,2392,1816,20240609,199.0,Success,Wallet
8472,2392,1816,20240709,199.0,Success,Wallet
8473,2392,1816,20240808,199.0,Success,PayPal
8474,2393,1816,20240907,149.0,Success,PayPal
8475,2393,1816,20241007,149.0,Success,Debit Card
8476,2393,1816,20241106,149.0,Success,UPI
8477,2394,1817,20230917,149.0,Success,Credit Card
8478,2394,1817,20231017,149.0,Success,UPI
8479,2394,1817,20231116,149.0,Success,Credit Card
8480,2394,1817,20231216,149.0,Success,Wallet
8481,2394,1817,20240115,149.0,Success,PayPal
8482,2394,1817,20240214,149.0,Success,Credit Card
8483,2395,1818,20230409,199.0,Success,PayPal
8484,2396,1819,20230724,799.0,Success,Credit Card
8485,2397,1819,20230830,149.0,Success,Wallet
8486,2397,1819,20230929,149.0,Success,Wallet
8487,2397,1819,20231029,149.0,Success,Wallet
8488,2398,1819,20231208,149.0,Success,PayPal
8489,2398,1819,20240107,149.0,Success,Debit Card
8490,2398,1819,20240206,149.0,Failed,Credit Card
8491,2398,1819,20240307,149.0,Success,PayPal
8492,2398,1819,20240406,149.0,Success,Credit Card
8493,2398,1819,20240506,149.0,Success,Wallet
8494,2398,1819,20240605,149.0,Success,Wallet
8495,2398,1819,20240705,149.0,Success,Credit Card
8496,2398,1819,20240804,149.0,Success,PayPal
8497,2398,1819,20240903,149.0,Failed,PayPal
8498,2398,1819,20241003,149.0,Success,Wallet
8499,2398,1819,20241102,149.0,Success,Wallet
8500,2399,1820,20230530,149.0,Success,Credit Card
8501,2399,1820,20230629,149.0,Success,Debit Card
8502,2399,1820,20230729,149.0,Success,Credit Card
8503,2399,1820,20230828,149.0,Success,Debit Card
8504,2399,1820,20230927,149.0,Success,Wallet
8505,2399,1820,20231027,149.0,Success,UPI
8506,2399,1820,20231126,149.0,Success,PayPal
8507,2399,1820,20231226,149.0,Failed,Wallet
8508,2399,1820,20240125,149.0,Success,Credit Card
8509,2399,1820,20240224,149.0,Success,Debit Card
8510,2399,1820,20240325,149.0,Success,Wallet
8511,2399,1820,20240424,149.0,Success,Credit Card
8512,2400,1821,20231223,799.0,Success,UPI
8513,2400,1821,20240122,799.0,Success,Credit Card
8514,2400,1821,20240221,799.0,Success,Credit Card
8515,2401,1822,20240919,499.0,Success,PayPal
8516,2401,1822,20241019,499.0,Success,UPI
8517,2401,1822,20241118,499.0,Success,UPI
8518,2402,1823,20240815,499.0,Success,UPI
8519,2402,1823,20240914,499.0,Success,PayPal
8520,2402,1823,20241014,499.0,Success,PayPal
8521,2402,1823,20241113,499.0,Success,Debit Card
8522,2403,1824,20231016,199.0,Success,UPI
8523,2404,1825,20230412,499.0,Success,PayPal
8524,2404,1825,20230512,499.0,Success,Debit Card
8525,2404,1825,20230611,499.0,Success,Credit Card
8526,2404,1825,20230711,499.0,Success,Debit Card
8527,2404,1825,20230810,499.0,Success,UPI
8528,2404,1825,20230909,499.0,Success,Debit Card
8529,2405,1825,20231024,499.0,Failed,PayPal
8530,2405,1825,20231123,499.0,Success,Credit Card
8531,2405,1825,20231223,499.0,Success,Debit Card
8532,2405,1825,20240122,499.0,Success,PayPal
8533,2405,1825,20240221,499.0,Success,PayPal
8534,2405,1825,20240322,499.0,Success,Wallet
8535,2405,1825,20240421,499.0,Success,Wallet
8536,2405,1825,20240521,499.0,Success,PayPal
8537,2405,1825,20240620,499.0,Success,PayPal
8538,2405,1825,20240720,499.0,Success,Debit Card
8539,2405,1825,20240819,499.0,Success,Debit Card
8540,2405,1825,20240918,499.0,Success,Wallet
8541,2406,1825,20241028,199.0,Success,UPI
8542,2406,1825,20241127,199.0,Success,PayPal
8543,2407,1826,20240501,799.0,Success,Wallet
8544,2408,1826,20240618,199.0,Success,UPI
8545,2408,1826,20240718,199.0,Success,PayPal
8546,2408,1826,20240817,199.0,Success,UPI
8547,2409,1827,20241120,199.0,Success,UPI
8548,2410,1828,20240124,149.0,Success,Credit Card
8549,2410,1828,20240223,149.0,Success,Wallet
8550,2410,1828,20240324,149.0,Failed,Credit Card
8551,2410,1828,20240423,149.0,Success,Wallet
8552,2410,1828,20240523,149.0,Success,Wallet
8553,2410,1828,20240622,-149.0,Refunded,Wallet
8554,2410,1828,20240722,149.0,Success,PayPal
8555,2410,1828,20240821,149.0,Success,Credit Card
8556,2410,1828,20240920,149.0,Success,PayPal
8557,2410,1828,20241020,149.0,Success,Debit Card
8558,2410,1828,20241119,149.0,Success,Debit Card
8559,2411,1829,20230426,799.0,Success,Credit Card
8560,2411,1829,20230526,799.0,Success,UPI
8561,2411,1829,20230625,799.0,Success,PayPal
8562,2412,1830,20230520,499.0,Success,Credit Card
8563,2412,1830,20230619,499.0,Success,PayPal
8564,2412,1830,20230719,499.0,Success,Credit Card
8565,2413,1830,20230903,799.0,Success,UPI
8566,2414,1831,20240724,499.0,Success,Debit Card
8567,2415,1832,20230429,149.0,Success,PayPal
8568,2416,1833,20231116,799.0,Success,Credit Card
8569,2417,1833,20231228,149.0,Success,UPI
8570,2417,1833,20240127,149.0,Success,UPI
8571,2417,1833,20240226,149.0,Success,PayPal
8572,2417,1833,20240327,149.0,Success,Credit Card
8573,2417,1833,20240426,149.0,Success,PayPal
8574,2417,1833,20240526,149.0,Success,UPI
8575,2418,1833,20240709,199.0,Success,Credit Card
8576,2418,1833,20240808,199.0,Success,UPI
8577,2418,1833,20240907,199.0,Success,UPI
8578,2418,1833,20241007,199.0,Success,Credit Card
8579,2418,1833,20241106,199.0,Success,UPI
8580,2419,1834,20240721,149.0,Success,Debit Card
8581,2420,1835,20230713,199.0,Failed,PayPal
8582,2421,1836,20241126,799.0,Failed,UPI
8583,2422,1837,20240518,499.0,Success,UPI
8584,2423,1838,20241105,149.0,Success,UPI
8585,2424,1839,20240215,149.0,Success,Wallet
8586,2424,1839,20240316,149.0,Success,Debit Card
8587,2424,1839,20240415,149.0,Success,Wallet
8588,2424,1839,20240515,149.0,Success,PayPal
8589,2424,1839,20240614,149.0,Success,Wallet
8590,2424,1839,20240714,149.0,Success,UPI
8591,2425,1839,20240902,199.0,Success,UPI
8592,2426,1839,20241012,799.0,Success,UPI
8593,2426,1839,20241111,799.0,Success,Credit Card
8594,2427,1840,20230622,499.0,Success,Wallet
8595,2428,1840,20230802,149.0,Success,Credit Card
8596,2428,1840,20230901,149.0,Success,Debit Card
8597,2428,1840,20231001,149.0,Success,PayPal
8598,2429,1841,20230725,499.0,Success,Wallet
8599,2430,1842,20230827,499.0,Success,Credit Card
8600,2430,1842,20230926,499.0,Success,UPI
8601,2430,1842,20231026,499.0,Success,Wallet
8602,2431,1843,20240818,799.0,Success,Wallet
8603,2431,1843,20240917,799.0,Success,PayPal
8604,2431,1843,20241017,799.0,Success,PayPal
8605,2431,1843,20241116,799.0,Success,Debit Card
8606,2432,1844,20241021,-199.0,Refunded,Credit Card
8607,2432,1844,20241120,199.0,Success,Wallet
8608,2433,1845,20240219,199.0,Success,Debit Card
8609,2433,1845,20240320,199.0,Success,Wallet
8610,2433,1845,20240419,199.0,Failed,Debit Card
8611,2434,1846,20240410,799.0,Success,PayPal
8612,2435,1846,20240522,149.0,Success,Debit Card
8613,2435,1846,20240621,149.0,Success,Wallet
8614,2435,1846,20240721,149.0,Success,PayPal
8615,2435,1846,20240820,149.0,Success,UPI
8616,2435,1846,20240919,149.0,Success,Debit Card
8617,2435,1846,20241019,149.0,Success,UPI
8618,2435,1846,20241118,-149.0,Refunded,Debit Card
8619,2436,1847,20230825,799.0,Success,PayPal
8620,2437,1848,20230224,499.0,Success,PayPal
8621,2437,1848,20230326,499.0,Success,Credit Card
8622,2437,1848,20230425,499.0,Success,PayPal
8623,2437,1848,20230525,499.0,Success,UPI
8624,2437,1848,20230624,499.0,Success,Credit Card
8625,2437,1848,20230724,499.0,Success,UPI
8626,2438,1849,20230703,499.0,Success,PayPal
8627,2439,1850,20231107,799.0,Success,UPI
8628,2439,1850,20231207,799.0,Success,UPI
8629,2439,1850,20240106,799.0,Success,Credit Card
8630,2439,1850,20240205,799.0,Success,Debit Card
8631,2439,1850,20240306,799.0,Success,PayPal
8632,2439,1850,20240405,799.0,Success,Credit Card
8633,2440,1851,20241107,799.0,Success,Debit Card
8634,2441,1852,20230726,-199.0,Refunded,UPI
8635,2441,1852,20230825,199.0,Success,Debit Card
8636,2441,1852,20230924,199.0,Success,UPI
8637,2441,1852,20231024,199.0,Success,Debit Card
8638,2441,1852,20231123,199.0,Success,UPI
8639,2441,1852,20231223,199.0,Success,UPI
8640,2442,1853,20230925,499.0,Success,UPI
8641,2442,1853,20231025,499.0,Success,PayPal
8642,2442,1853,20231124,499.0,Success,Credit Card
8643,2442,1853,20231224,499.0,Success,Wallet
8644,2442,1853,20240123,499.0,Success,Debit Card
8645,2442,1853,20240222,499.0,Success,Debit Card
8646,2443,1854,20240713,799.0,Success,PayPal
8647,2443,1854,20240812,799.0,Success,Debit Card
8648,2443,1854,20240911,799.0,Success,Credit Card
8649,2443,1854,20241011,799.0,Success,Debit Card
8650,2443,1854,20241110,799.0,Success,Wallet
8651,2444,1855,20240316,149.0,Success,UPI
8652,2445,1856,20240121,149.0,Success,Credit Card
8653,2445,1856,20240220,149.0,Success,UPI
8654,2445,1856,20240321,149.0,Success,UPI
8655,2446,1857,20240724,499.0,Success,Credit Card
8656,2447,1858,20241224,799.0,Success,Credit Card
8657,2448,1859,20240203,499.0,Success,Wallet
8658,2448,1859,20240304,499.0,Success,UPI
8659,2448,1859,20240403,499.0,Success,UPI
8660,2449,1860,20240517,799.0,Success,Debit Card
8661,2449,1860,20240616,799.0,Success,UPI
8662,2449,1860,20240716,799.0,Success,Debit Card
8663,2449,1860,20240815,799.0,Success,PayPal
8664,2449,1860,20240914,799.0,Failed,UPI
8665,2449,1860,20241014,799.0,Success,Credit Card
8666,2450,1861,20240426,799.0,Success,UPI
8667,2451,1862,20230227,499.0,Success,PayPal
8668,2451,1862,20230329,499.0,Success,Wallet
8669,2451,1862,20230428,499.0,Success,Wallet
8670,2452,1862,20230609,499.0,Success,Credit Card
8671,2453,1863,20240122,799.0,Success,Wallet
8672,2453,1863,20240221,799.0,Success,UPI
8673,2453,1863,20240322,799.0,Success,Wallet
8674,2453,1863,20240421,799.0,Success,Debit Card
8675,2453,1863,20240521,799.0,Success,Credit Card
8676,2453,1863,20240620,799.0,Success,PayPal
8677,2453,1863,20240720,799.0,Success,Debit Card
8678,2453,1863,20240819,799.0,Success,PayPal
8679,2453,1863,20240918,799.0,Success,Credit Card
8680,2453,1863,20241018,799.0,Success,Debit Card
8681,2453,1863,20241117,799.0,Success,PayPal
8682,2454,1864,20231019,799.0,Success,Debit Card
8683,2454,1864,20231118,799.0,Success,Debit Card
8684,2454,1864,20231218,799.0,Success,UPI
8685,2454,1864,20240117,799.0,Success,Credit Card
8686,2454,1864,20240216,799.0,Success,Debit Card
8687,2454,1864,20240317,799.0,Failed,Wallet
8688,2455,1865,20230512,199.0,Success,Debit Card
8689,2456,1866,20230128,499.0,Failed,PayPal
8690,2456,1866,20230227,499.0,Success,Wallet
8691,2456,1866,20230329,499.0,Success,Credit Card
8692,2456,1866,20230428,499.0,Success,Debit Card
8693,2456,1866,20230528,499.0,Success,Debit Card
8694,2456,1866,20230627,499.0,Success,PayPal
8695,2457,1867,20231220,499.0,Success,PayPal
8696,2457,1867,20240119,499.0,Success,Debit Card
8697,2457,1867,20240218,499.0,Success,PayPal
8698,2458,1868,20230908,499.0,Success,Debit Card
8699,2458,1868,20231008,499.0,Success,Debit Card
8700,2458,1868,20231107,499.0,Failed,Debit Card
8701,2459,1869,20230328,199.0,Success,PayPal
8702,2460,1869,20230514,149.0,Success,Debit Card
8703,2461,1870,20231212,149.0,Success,PayPal
8704,2462,1871,20240416,149.0,Success,PayPal
8705,2463,1872,20240307,149.0,Success,PayPal
8706,2463,1872,20240406,149.0,Success,PayPal
8707,2463,1872,20240506,149.0,Success,UPI
8708,2463,1872,20240605,149.0,Success,PayPal
8709,2463,1872,20240705,149.0,Success,Wallet
8710,2463,1872,20240804,149.0,Success,UPI
8711,2464,1873,20230123,199.0,Success,Wallet
8712,2464,1873,20230222,199.0,Success,Wallet
8713,2464,1873,20230324,199.0,Success,Credit Card
8714,2464,1873,20230423,199.0,Success,Wallet
8715,2464,1873,20230523,199.0,Success,UPI
8716,2464,1873,20230622,199.0,Success,PayPal
8717,2464,1873,20230722,199.0,Success,Wallet
8718,2464,1873,20230821,199.0,Success,PayPal
8719,2464,1873,20230920,199.0,Success,PayPal
8720,2464,1873,20231020,199.0,Success,UPI
8721,2464,1873,20231119,199.0,Success,Wallet
8722,2464,1873,20231219,199.0,Success,Debit Card
8723,2465,1874,20240809,149.0,Success,Wallet
8724,2466,1875,20241122,499.0,Success,UPI
8725,2467,1875,20241226,799.0,Success,UPI
8726,2468,1876,20241114,499.0,Success,Wallet
8727,2469,1876,20241229,149.0,Success,Wallet
8728,2470,1877,20240322,149.0,Success,Debit Card
8729,2471,1878,20230319,199.0,Success,Credit Card
8730,2471,1878,20230418,199.0,Success,Debit Card
8731,2471,1878,20230518,199.0,Success,PayPal
8732,2471,1878,20230617,199.0,Success,PayPal
8733,2471,1878,20230717,199.0,Success,UPI
8734,2471,1878,20230816,199.0,Success,PayPal
8735,2472,1879,20231101,149.0,Success,Debit Card
8736,2472,1879,20231201,149.0,Success,PayPal
8737,2472,1879,20231231,149.0,Success,PayPal
8738,2472,1879,20240130,149.0,Success,Wallet
8739,2472,1879,20240229,149.0,Success,UPI
8740,2472,1879,20240330,149.0,Success,Wallet
8741,2473,1880,20230405,-149.0,Refunded,Credit Card
8742,2473,1880,20230505,149.0,Success,UPI
8743,2473,1880,20230604,149.0,Success,Debit Card
8744,2473,1880,20230704,149.0,Success,PayPal
8745,2473,1880,20230803,149.0,Success,PayPal
8746,2473,1880,20230902,149.0,Success,PayPal
8747,2473,1880,20231002,149.0,Success,Wallet
8748,2473,1880,20231101,149.0,Success,Debit Card
8749,2473,1880,20231201,149.0,Success,Debit Card
8750,2473,1880,20231231,149.0,Success,Credit Card
8751,2473,1880,20240130,149.0,Success,Debit Card
8752,2473,1880,20240229,149.0,Success,Credit Card
8753,2474,1880,20240405,799.0,Failed,PayPal
8754,2474,1880,20240505,799.0,Success,Credit Card
8755,2474,1880,20240604,799.0,Success,Debit Card
8756,2475,1881,20231211,499.0,Success,Credit Card
8757,2475,1881,20240110,499.0,Success,PayPal
8758,2475,1881,20240209,499.0,Success,PayPal
8759,2475,1881,20240310,499.0,Success,Wallet
8760,2475,1881,20240409,499.0,Success,Credit Card
8761,2475,1881,20240509,499.0,Success,UPI
8762,2476,1881,20240619,499.0,Success,Debit Card
8763,2476,1881,20240719,499.0,Success,UPI
8764,2476,1881,20240818,499.0,Success,Credit Card
8765,2476,1881,20240917,499.0,Success,Debit Card
8766,2476,1881,20241017,499.0,Success,Wallet
8767,2476,1881,20241116,499.0,Success,Wallet
8768,2477,1882,20240501,499.0,Success,Debit Card
8769,2478,1882,20240608,499.0,Success,Debit Card
8770,2478,1882,20240708,499.0,Success,Debit Card
8771,2478,1882,20240807,499.0,Success,Credit Card
8772,2478,1882,20240906,499.0,Success,UPI
8773,2478,1882,20241006,499.0,Success,Credit Card
8774,2478,1882,20241105,499.0,Success,Wallet
8775,2479,1883,20241029,799.0,Success,Credit Card
8776,2479,1883,20241128,799.0,Success,Credit Card
8777,2480,1884,20241110,199.0,Success,PayPal
8778,2481,1885,20230915,199.0,Failed,PayPal
8779,2482,1886,20240714,149.0,Success,UPI
8780,2483,1886,20240814,499.0,Success,Wallet
8781,2483,1886,20240913,499.0,Success,Credit Card
8782,2483,1886,20241013,499.0,Success,Debit Card
8783,2483,1886,20241112,499.0,Success,Debit Card
8784,2484,1887,20240612,-799.0,Refunded,PayPal
8785,2484,1887,20240712,799.0,Success,Debit Card
8786,2484,1887,20240811,799.0,Success,Wallet
8787,2484,1887,20240910,799.0,Success,Credit Card
8788,2484,1887,20241010,799.0,Success,Credit Card
8789,2484,1887,20241109,799.0,Success,Wallet
8790,2485,1888,20240423,499.0,Failed,Debit Card
8791,2486,1889,20240921,499.0,Success,Wallet
8792,2487,1890,20230303,799.0,Success,Wallet
8793,2487,1890,20230402,799.0,Success,Wallet
8794,2487,1890,20230502,799.0,Failed,UPI
8795,2487,1890,20230601,-799.0,Refunded,Debit Card
8796,2487,1890,20230701,799.0,Success,Credit Card
8797,2487,1890,20230731,799.0,Success,Credit Card
8798,2488,1891,20230904,799.0,Success,UPI
8799,2489,1892,20240321,199.0,Success,UPI
8800,2489,1892,20240420,199.0,Success,Debit Card
8801,2489,1892,20240520,199.0,Success,Wallet
8802,2489,1892,20240619,199.0,Success,PayPal
8803,2489,1892,20240719,199.0,Success,Wallet
8804,2489,1892,20240818,199.0,Success,Credit Card
8805,2490,1893,20230307,149.0,Success,UPI
8806,2490,1893,20230406,149.0,Success,PayPal
8807,2490,1893,20230506,-149.0,Refunded,Debit Card
8808,2491,1893,20230621,499.0,Success,UPI
8809,2491,1893,20230721,499.0,Success,Credit Card
8810,2491,1893,20230820,499.0,Success,UPI
8811,2492,1894,20231021,499.0,Success,Wallet
8812,2492,1894,20231120,499.0,Success,Credit Card
8813,2492,1894,20231220,499.0,Failed,Credit Card
8814,2492,1894,20240119,499.0,Success,PayPal
8815,2492,1894,20240218,499.0,Success,PayPal
8816,2492,1894,20240319,499.0,Success,Credit Card
8817,2493,1895,20230830,199.0,Success,Wallet
8818,2494,1896,20230129,799.0,Success,PayPal
8819,2494,1896,20230228,799.0,Failed,Debit Card
8820,2494,1896,20230330,799.0,Success,Debit Card
8821,2494,1896,20230429,799.0,Success,PayPal
8822,2494,1896,20230529,799.0,Success,UPI
8823,2494,1896,20230628,799.0,Success,Credit Card
8824,2495,1896,20230807,199.0,Success,UPI
8825,2495,1896,20230906,199.0,Success,PayPal
8826,2495,1896,20231006,199.0,Success,Credit Card
8827,2495,1896,20231105,199.0,Success,Debit Card
8828,2495,1896,20231205,-199.0,Refunded,PayPal
8829,2495,1896,20240104,199.0,Success,Debit Card
8830,2495,1896,20240203,199.0,Success,Debit Card
8831,2495,1896,20240304,199.0,Success,UPI
8832,2495,1896,20240403,199.0,Success,PayPal
8833,2495,1896,20240503,199.0,Success,Wallet
8834,2495,1896,20240602,199.0,Success,Wallet
8835,2495,1896,20240702,199.0,Success,Debit Card
8836,2496,1897,20240512,149.0,Success,Debit Card
8837,2497,1898,20230207,499.0,Success,UPI
8838,2498,1899,20230922,149.0,Success,Credit Card
8839,2498,1899,20231022,149.0,Success,Wallet
8840,2498,1899,20231121,149.0,Success,Debit Card
8841,2498,1899,20231221,149.0,Success,PayPal
8842,2498,1899,20240120,149.0,Success,Credit Card
8843,2498,1899,20240219,149.0,Success,Debit Card
8844,2498,1899,20240320,149.0,Success,UPI
8845,2498,1899,20240419,149.0,Success,Credit Card
8846,2498,1899,20240519,149.0,Success,PayPal
8847,2498,1899,20240618,149.0,Success,Debit Card
8848,2498,1899,20240718,149.0,Success,Credit Card
8849,2498,1899,20240817,149.0,Success,Credit Card
8850,2499,1900,20230213,199.0,Success,Wallet
8851,2500,1901,20230327,199.0,Success,UPI
8852,2500,1901,20230426,199.0,Success,Credit Card
8853,2500,1901,20230526,199.0,Failed,Credit Card
8854,2500,1901,20230625,199.0,Success,UPI
8855,2500,1901,20230725,199.0,Success,PayPal
8856,2500,1901,20230824,199.0,Success,Wallet
8857,2500,1901,20230923,199.0,Success,Wallet
8858,2500,1901,20231023,199.0,Success,PayPal
8859,2500,1901,20231122,199.0,Success,Credit Card
8860,2500,1901,20231222,199.0,Success,PayPal
8861,2500,1901,20240121,199.0,Success,Debit Card
8862,2500,1901,20240220,199.0,Success,Wallet
8863,2501,1902,20240221,149.0,Success,Wallet
8864,2501,1902,20240322,149.0,Success,Credit Card
8865,2501,1902,20240421,149.0,Success,Credit Card
8866,2501,1902,20240521,149.0,Success,Wallet
8867,2501,1902,20240620,149.0,Success,Wallet
8868,2501,1902,20240720,149.0,Success,PayPal
8869,2501,1902,20240819,149.0,Success,UPI
8870,2501,1902,20240918,149.0,Success,Debit Card
8871,2501,1902,20241018,149.0,Success,PayPal
8872,2501,1902,20241117,149.0,Success,Wallet
8873,2502,1903,20240211,799.0,Success,PayPal
8874,2502,1903,20240312,799.0,Failed,PayPal
8875,2502,1903,20240411,799.0,Success,UPI
8876,2502,1903,20240511,799.0,Success,Credit Card
8877,2502,1903,20240610,799.0,Success,Wallet
8878,2502,1903,20240710,799.0,Success,Debit Card
8879,2502,1903,20240809,799.0,Success,PayPal
8880,2502,1903,20240908,799.0,Success,Wallet
8881,2502,1903,20241008,799.0,Failed,Credit Card
8882,2502,1903,20241107,799.0,Success,PayPal
8883,2503,1904,20240807,-499.0,Refunded,Wallet
8884,2503,1904,20240906,499.0,Success,Debit Card
8885,2503,1904,20241006,499.0,Success,Credit Card
8886,2504,1905,20241111,499.0,Success,UPI
8887,2505,1906,20230915,199.0,Success,Credit Card
8888,2505,1906,20231015,199.0,Success,PayPal
8889,2505,1906,20231114,199.0,Success,Debit Card
8890,2506,1907,20230506,149.0,Success,PayPal
8891,2507,1907,20230618,-149.0,Refunded,Debit Card
8892,2508,1908,20240204,199.0,Success,Credit Card
8893,2509,1909,20230812,199.0,Success,Wallet
8894,2509,1909,20230911,199.0,Success,PayPal
8895,2509,1909,20231011,199.0,Success,Credit Card
8896,2510,1910,20231009,799.0,Success,UPI
8897,2510,1910,20231108,799.0,Success,Debit Card
8898,2510,1910,20231208,799.0,Success,Wallet
8899,2510,1910,20240107,799.0,Success,Credit Card
8900,2510,1910,20240206,799.0,Success,Debit Card
8901,2510,1910,20240307,799.0,Success,Wallet
8902,2511,1910,20240414,149.0,Success,Credit Card
8903,2512,1911,20230227,199.0,Success,Wallet
8904,2513,1912,20230426,499.0,Success,Debit Card
8905,2514,1912,20230608,149.0,Success,Credit Card
8906,2515,1913,20230910,499.0,Success,Credit Card
8907,2516,1914,20240107,499.0,Success,UPI
8908,2516,1914,20240206,499.0,Success,PayPal
8909,2516,1914,20240307,499.0,Success,Debit Card
8910,2516,1914,20240406,499.0,Failed,PayPal
8911,2516,1914,20240506,499.0,Success,Credit Card
8912,2516,1914,20240605,499.0,Success,PayPal
8913,2517,1915,20230122,799.0,Success,Credit Card
8914,2518,1915,20230224,149.0,Success,Debit Card
8915,2518,1915,20230326,149.0,Success,UPI
8916,2518,1915,20230425,149.0,Success,PayPal
8917,2518,1915,20230525,149.0,Success,UPI
8918,2518,1915,20230624,149.0,Success,Wallet
8919,2518,1915,20230724,149.0,Success,UPI
8920,2519,1916,20241109,-149.0,Refunded,PayPal
8921,2520,1917,20230903,499.0,Success,Wallet
8922,2520,1917,20231003,499.0,Success,Wallet
8923,2520,1917,20231102,499.0,Success,Wallet
8924,2520,1917,20231202,499.0,Success,Wallet
8925,2520,1917,20240101,499.0,Success,Wallet
8926,2520,1917,20240131,499.0,Success,Debit Card
8927,2521,1918,20241218,799.0,Failed,Credit Card
8928,2522,1919,20240701,-499.0,Refunded,Debit Card
8929,2522,1919,20240731,499.0,Success,Debit Card
8930,2522,1919,20240830,499.0,Success,PayPal
8931,2522,1919,20240929,499.0,Success,Debit Card
8932,2522,1919,20241029,499.0,Success,Wallet
8933,2522,1919,20241128,499.0,Success,Credit Card
8934,2523,1920,20240207,499.0,Success,UPI
8935,2523,1920,20240308,499.0,Success,Debit Card
8936,2523,1920,20240407,499.0,Success,Debit Card
8937,2523,1920,20240507,499.0,Success,Wallet
8938,2523,1920,20240606,499.0,Success,Debit Card
8939,2523,1920,20240706,499.0,Success,Debit Card
8940,2524,1921,20230830,199.0,Failed,Debit Card
8941,2524,1921,20230929,199.0,Success,Wallet
8942,2524,1921,20231029,199.0,Success,PayPal
8943,2524,1921,20231128,199.0,Success,Debit Card
8944,2524,1921,20231228,199.0,Success,UPI
8945,2524,1921,20240127,199.0,Success,UPI
8946,2524,1921,20240226,199.0,Success,Credit Card
8947,2524,1921,20240327,199.0,Success,Credit Card
8948,2524,1921,20240426,199.0,Success,UPI
8949,2524,1921,20240526,199.0,Success,Wallet
8950,2524,1921,20240625,199.0,Success,Debit Card
8951,2524,1921,20240725,199.0,Success,Wallet
8952,2525,1921,20240830,149.0,Failed,UPI
8953,2525,1921,20240929,149.0,Success,PayPal
8954,2525,1921,20241029,149.0,Failed,UPI
8955,2525,1921,20241128,149.0,Success,UPI
8956,2526,1922,20240325,799.0,Success,Debit Card
8957,2527,1923,20241021,499.0,Success,Credit Card
8958,2527,1923,20241120,-499.0,Refunded,Wallet
8959,2528,1924,20230324,799.0,Success,Wallet
8960,2528,1924,20230423,799.0,Success,PayPal
8961,2528,1924,20230523,799.0,Success,UPI
8962,2528,1924,20230622,799.0,Failed,UPI
8963,2528,1924,20230722,799.0,Success,Wallet
8964,2528,1924,20230821,799.0,Success,UPI
8965,2528,1924,20230920,799.0,Success,PayPal
8966,2528,1924,20231020,799.0,Success,Wallet
8967,2528,1924,20231119,799.0,Success,Credit Card
8968,2528,1924,20231219,799.0,Success,Credit Card
8969,2528,1924,20240118,799.0,Success,PayPal
8970,2528,1924,20240217,799.0,Success,Wallet
8971,2529,1924,20240401,499.0,Success,Debit Card
8972,2529,1924,20240501,499.0,Success,UPI
8973,2529,1924,20240531,499.0,Success,PayPal
8974,2529,1924,20240630,499.0,Success,Debit Card
8975,2529,1924,20240730,499.0,Success,PayPal
8976,2529,1924,20240829,499.0,Success,PayPal
8977,2530,1925,20231207,499.0,Success,Wallet
8978,2530,1925,20240106,499.0,Success,Wallet
8979,2530,1925,20240205,499.0,Success,Debit Card
8980,2530,1925,20240306,499.0,Success,PayPal
8981,2530,1925,20240405,499.0,Success,UPI
8982,2530,1925,20240505,499.0,Success,UPI
8983,2530,1925,20240604,499.0,Failed,UPI
8984,2530,1925,20240704,499.0,Success,Credit Card
8985,2530,1925,20240803,499.0,Success,UPI
8986,2530,1925,20240902,499.0,Success,UPI
8987,2530,1925,20241002,499.0,Success,Wallet
8988,2530,1925,20241101,499.0,Success,Debit Card
8989,2531,1926,20230413,799.0,Success,Wallet
8990,2532,1927,20231227,799.0,Success,PayPal
8991,2532,1927,20240126,799.0,Success,UPI
8992,2532,1927,20240225,799.0,Success,Credit Card
8993,2532,1927,20240326,799.0,Success,Credit Card
8994,2532,1927,20240425,799.0,Success,PayPal
8995,2532,1927,20240525,799.0,Success,PayPal
8996,2533,1927,20240630,199.0,Success,Credit Card
8997,2534,1927,20240810,149.0,Success,Wallet
8998,2534,1927,20240909,149.0,Success,Wallet
8999,2534,1927,20241009,149.0,Success,Credit Card
9000,2535,1928,20231201,199.0,Success,Debit Card
9001,2536,1928,20240109,149.0,Success,Credit Card
9002,2537,1929,20241018,499.0,Success,PayPal
9003,2537,1929,20241117,499.0,Success,Debit Card
9004,2538,1930,20241018,499.0,Success,Credit Card
9005,2538,1930,20241117,499.0,Success,Credit Card
9006,2539,1931,20231109,799.0,Success,Debit Card
9007,2539,1931,20231209,799.0,Success,UPI
9008,2539,1931,20240108,799.0,Success,Wallet
9009,2539,1931,20240207,-799.0,Refunded,Wallet
9010,2539,1931,20240308,799.0,Success,Credit Card
9011,2539,1931,20240407,799.0,Success,UPI
9012,2540,1931,20240527,499.0,Success,Debit Card
9013,2541,1932,20230913,199.0,Success,Debit Card
9014,2542,1933,20241026,199.0,Success,Debit Card
9015,2543,1934,20231124,199.0,Success,Credit Card
9016,2543,1934,20231224,199.0,Success,UPI
9017,2543,1934,20240123,199.0,Success,PayPal
9018,2543,1934,20240222,199.0,Success,Wallet
9019,2543,1934,20240323,199.0,Success,PayPal
9020,2543,1934,20240422,199.0,Success,UPI
9021,2544,1934,20240609,199.0,Success,Credit Card
9022,2544,1934,20240709,199.0,Success,Credit Card
9023,2544,1934,20240808,199.0,Success,Credit Card
9024,2544,1934,20240907,199.0,Success,Credit Card
9025,2544,1934,20241007,199.0,Success,UPI
9026,2544,1934,20241106,199.0,Success,PayPal
9027,2545,1934,20241225,799.0,Success,Credit Card
9028,2546,1935,20230924,149.0,Success,Credit Card
9029,2546,1935,20231024,149.0,Success,Wallet
9030,2546,1935,20231123,149.0,Success,Debit Card
9031,2546,1935,20231223,149.0,Success,Debit Card
9032,2546,1935,20240122,149.0,Failed,UPI
9033,2546,1935,20240221,149.0,Success,Debit Card
9034,2546,1935,20240322,149.0,Success,Credit Card
9035,2546,1935,20240421,149.0,Success,PayPal
9036,2546,1935,20240521,149.0,Success,Debit Card
9037,2546,1935,20240620,149.0,Success,Debit Card
9038,2546,1935,20240720,149.0,Success,PayPal
9039,2546,1935,20240819,149.0,Success,Credit Card
9040,2547,1936,20231016,149.0,Success,Wallet
9041,2548,1936,20231115,149.0,Success,Debit Card
9042,2549,1937,20240207,149.0,Success,Credit Card
9043,2549,1937,20240308,149.0,Success,PayPal
9044,2549,1937,20240407,149.0,Success,UPI
9045,2549,1937,20240507,149.0,Success,Debit Card
9046,2549,1937,20240606,149.0,Success,PayPal
9047,2549,1937,20240706,149.0,Success,PayPal
9048,2550,1938,20230818,799.0,Success,Debit Card
9049,2551,1939,20241024,799.0,Success,Debit Card
9050,2551,1939,20241123,799.0,Success,Credit Card
9051,2552,1940,20240418,799.0,Success,PayPal
9052,2552,1940,20240518,799.0,Success,Credit Card
9053,2552,1940,20240617,799.0,Success,UPI
9054,2552,1940,20240717,799.0,Success,Credit Card
9055,2552,1940,20240816,799.0,Success,Wallet
9056,2552,1940,20240915,799.0,Success,Debit Card
9057,2553,1941,20230220,199.0,Success,Debit Card
9058,2553,1941,20230322,199.0,Success,Credit Card
9059,2553,1941,20230421,199.0,Success,Credit Card
9060,2553,1941,20230521,199.0,Success,Credit Card
9061,2553,1941,20230620,199.0,Success,PayPal
9062,2553,1941,20230720,199.0,Success,Credit Card
9063,2554,1942,20230602,799.0,Success,PayPal
9064,2554,1942,20230702,799.0,Success,Credit Card
9065,2554,1942,20230801,799.0,Success,Wallet
9066,2555,1943,20240803,199.0,Success,Wallet
9067,2555,1943,20240902,199.0,Success,UPI
9068,2555,1943,20241002,199.0,Success,UPI
9069,2556,1943,20241114,149.0,Success,PayPal
9070,2557,1944,20240409,499.0,Success,UPI
9071,2557,1944,20240509,499.0,Success,Credit Card
9072,2557,1944,20240608,499.0,Success,UPI
9073,2558,1945,20230728,499.0,Success,Credit Card
9074,2558,1945,20230827,499.0,Success,Wallet
9075,2558,1945,20230926,499.0,Success,Wallet
9076,2559,1946,20230930,499.0,Failed,UPI
9077,2559,1946,20231030,499.0,Success,Credit Card
9078,2559,1946,20231129,499.0,Success,Wallet
9079,2559,1946,20231229,499.0,Success,Credit Card
9080,2559,1946,20240128,499.0,Success,Wallet
9081,2559,1946,20240227,499.0,Success,Credit Card
9082,2560,1947,20240317,799.0,Success,Credit Card
9083,2560,1947,20240416,799.0,Success,UPI
9084,2560,1947,20240516,799.0,Success,PayPal
9085,2560,1947,20240615,799.0,Success,PayPal
9086,2560,1947,20240715,799.0,Success,Debit Card
9087,2560,1947,20240814,799.0,Success,UPI
9088,2560,1947,20240913,799.0,Success,Debit Card
9089,2560,1947,20241013,799.0,Success,PayPal
9090,2560,1947,20241112,799.0,Success,Debit Card
9091,2561,1948,20231017,199.0,Success,UPI
9092,2561,1948,20231116,199.0,Success,Wallet
9093,2561,1948,20231216,199.0,Success,UPI
9094,2561,1948,20240115,199.0,Success,Credit Card
9095,2561,1948,20240214,199.0,Success,PayPal
9096,2561,1948,20240315,199.0,Success,PayPal
9097,2562,1948,20240430,149.0,Success,Debit Card
9098,2563,1949,20240223,499.0,Success,UPI
9099,2564,1949,20240413,149.0,Success,Debit Card
9100,2564,1949,20240513,-149.0,Refunded,UPI
9101,2564,1949,20240612,149.0,Success,Credit Card
9102,2564,1949,20240712,149.0,Success,Debit Card
9103,2564,1949,20240811,149.0,Success,Credit Card
9104,2564,1949,20240910,149.0,Failed,Debit Card
9105,2564,1949,20241010,149.0,Success,Debit Card
9106,2564,1949,20241109,149.0,Success,Wallet
9107,2565,1950,20230830,799.0,Success,PayPal
9108,2565,1950,20230929,799.0,Success,PayPal
9109,2565,1950,20231029,799.0,Success,Credit Card
9110,2566,1951,20240819,199.0,Success,Credit Card
9111,2566,1951,20240918,199.0,Success,PayPal
9112,2566,1951,20241018,199.0,Success,PayPal
9113,2567,1952,20240425,799.0,Success,UPI
9114,2568,1953,20240212,149.0,Success,PayPal
9115,2569,1954,20240309,499.0,Success,Credit Card
9116,2569,1954,20240408,499.0,Success,Debit Card
9117,2569,1954,20240508,499.0,Success,UPI
9118,2570,1955,20240724,149.0,Success,Wallet
9119,2571,1955,20240907,499.0,Success,Debit Card
9120,2571,1955,20241007,499.0,Success,Debit Card
9121,2571,1955,20241106,499.0,Success,UPI
9122,2572,1956,20240427,799.0,Success,PayPal
9123,2573,1956,20240527,199.0,Success,PayPal
9124,2573,1956,20240626,199.0,Success,PayPal
9125,2573,1956,20240726,199.0,Success,UPI
9126,2573,1956,20240825,199.0,Success,Credit Card
9127,2573,1956,20240924,199.0,Success,UPI
9128,2573,1956,20241024,199.0,Success,Wallet
9129,2574,1957,20240904,499.0,Success,Credit Card
9130,2575,1958,20230917,199.0,Success,UPI
9131,2575,1958,20231017,199.0,Success,PayPal
9132,2575,1958,20231116,199.0,Success,Credit Card
9133,2576,1959,20240209,149.0,Success,PayPal
9134,2576,1959,20240310,149.0,Success,UPI
9135,2576,1959,20240409,149.0,Success,Debit Card
9136,2576,1959,20240509,149.0,Success,Debit Card
9137,2576,1959,20240608,149.0,Success,Debit Card
9138,2576,1959,20240708,149.0,Success,PayPal
9139,2576,1959,20240807,149.0,Success,Wallet
9140,2576,1959,20240906,149.0,Success,Wallet
9141,2576,1959,20241006,149.0,Success,PayPal
9142,2576,1959,20241105,149.0,Success,UPI
9143,2577,1960,20240726,499.0,Success,Debit Card
9144,2577,1960,20240825,499.0,Success,PayPal
9145,2577,1960,20240924,499.0,Success,Credit Card
9146,2577,1960,20241024,-499.0,Refunded,UPI
9147,2577,1960,20241123,499.0,Success,Wallet
9148,2578,1961,20240530,499.0,Success,PayPal
9149,2579,1962,20230516,199.0,Success,Wallet
9150,2580,1963,20230526,499.0,Success,Wallet
9151,2580,1963,20230625,499.0,Success,Wallet
9152,2580,1963,20230725,499.0,Success,Wallet
9153,2580,1963,20230824,499.0,Success,Credit Card
9154,2580,1963,20230923,499.0,Success,PayPal
9155,2580,1963,20231023,499.0,Success,Wallet
9156,2581,1964,20230511,149.0,Success,Debit Card
9157,2581,1964,20230610,149.0,Failed,Credit Card
9158,2581,1964,20230710,149.0,Success,PayPal
9159,2581,1964,20230809,149.0,Success,Credit Card
9160,2581,1964,20230908,149.0,Success,UPI
9161,2581,1964,20231008,149.0,Success,Credit Card
9162,2582,1964,20231118,199.0,Success,Credit Card
9163,2583,1965,20240105,499.0,Success,Credit Card
9164,2583,1965,20240204,499.0,Success,UPI
9165,2583,1965,20240305,499.0,Success,Debit Card
9166,2583,1965,20240404,499.0,Success,UPI
9167,2583,1965,20240504,499.0,Success,Credit Card
9168,2583,1965,20240603,499.0,Success,Debit Card
9169,2583,1965,20240703,499.0,Success,UPI
9170,2583,1965,20240802,499.0,Success,Wallet
9171,2583,1965,20240901,499.0,Success,UPI
9172,2583,1965,20241001,499.0,Success,UPI
9173,2583,1965,20241031,499.0,Success,UPI
9174,2583,1965,20241130,499.0,Success,PayPal
9175,2584,1966,20240919,799.0,Success,PayPal
9176,2585,1967,20230618,199.0,Success,Debit Card
9177,2585,1967,20230718,199.0,Success,Credit Card
9178,2585,1967,20230817,199.0,Success,Debit Card
9179,2585,1967,20230916,199.0,Success,PayPal
9180,2585,1967,20231016,199.0,Success,Credit Card
9181,2585,1967,20231115,199.0,Success,PayPal
9182,2585,1967,20231215,199.0,Success,UPI
9183,2585,1967,20240114,199.0,Success,Credit Card
9184,2585,1967,20240213,199.0,Success,Wallet
9185,2585,1967,20240314,199.0,Success,Credit Card
9186,2585,1967,20240413,199.0,Success,PayPal
9187,2585,1967,20240513,199.0,Success,PayPal
9188,2586,1968,20230604,799.0,Failed,Wallet
9189,2586,1968,20230704,799.0,Success,UPI
9190,2586,1968,20230803,799.0,Success,UPI
9191,2587,1968,20230909,149.0,Success,UPI
9192,2588,1969,20240326,499.0,Success,Credit Card
9193,2588,1969,20240425,499.0,Success,Wallet
9194,2588,1969,20240525,499.0,Success,UPI
9195,2588,1969,20240624,499.0,Success,PayPal
9196,2588,1969,20240724,499.0,Success,Credit Card
9197,2588,1969,20240823,499.0,Success,Debit Card
9198,2588,1969,20240922,499.0,Success,UPI
9199,2588,1969,20241022,499.0,Success,Credit Card
9200,2588,1969,20241121,499.0,Success,Credit Card
9201,2589,1970,20230707,499.0,Success,Credit Card
9202,2589,1970,20230806,499.0,Success,PayPal
9203,2589,1970,20230905,499.0,Success,PayPal
9204,2589,1970,20231005,499.0,Success,Credit Card
9205,2589,1970,20231104,499.0,Success,PayPal
9206,2589,1970,20231204,499.0,Success,Credit Card
9207,2590,1971,20240423,199.0,Success,PayPal
9208,2590,1971,20240523,199.0,Success,Credit Card
9209,2590,1971,20240622,199.0,Success,Debit Card
9210,2591,1971,20240802,149.0,Success,Credit Card
9211,2592,1971,20240909,199.0,Success,Credit Card
9212,2593,1972,20240521,199.0,Success,Credit Card
9213,2593,1972,20240620,199.0,Success,Debit Card
9214,2593,1972,20240720,199.0,Success,PayPal
9215,2593,1972,20240819,199.0,Success,Debit Card
9216,2593,1972,20240918,199.0,Success,Wallet
9217,2593,1972,20241018,-199.0,Refunded,Debit Card
9218,2593,1972,20241117,199.0,Success,Credit Card
9219,2594,1973,20240728,149.0,Success,Wallet
9220,2594,1973,20240827,149.0,Success,Credit Card
9221,2594,1973,20240926,149.0,Success,PayPal
9222,2594,1973,20241026,149.0,Success,Debit Card
9223,2594,1973,20241125,149.0,Success,Credit Card
9224,2595,1974,20230601,-199.0,Refunded,Debit Card
9225,2595,1974,20230701,199.0,Success,UPI
9226,2595,1974,20230731,199.0,Success,PayPal
9227,2595,1974,20230830,199.0,Success,Wallet
9228,2595,1974,20230929,199.0,Success,PayPal
9229,2595,1974,20231029,199.0,Success,UPI
9230,2596,1974,20231130,149.0,Success,PayPal
9231,2597,1975,20231018,799.0,Success,UPI
9232,2598,1976,20231007,799.0,Success,Credit Card
9233,2598,1976,20231106,799.0,Success,Credit Card
9234,2598,1976,20231206,799.0,Success,Credit Card
9235,2599,1977,20240820,499.0,Success,Wallet
9236,2600,1978,20240302,149.0,Success,Credit Card
9237,2601,1979,20230407,499.0,Success,UPI
9238,2601,1979,20230507,499.0,Success,UPI
9239,2601,1979,20230606,499.0,Success,Debit Card
9240,2602,1979,20230722,199.0,Failed,PayPal
9241,2602,1979,20230821,199.0,Success,Credit Card
9242,2602,1979,20230920,199.0,Success,PayPal
9243,2603,1979,20231022,799.0,Success,Wallet
9244,2604,1980,20241127,149.0,Success,Debit Card
9245,2605,1981,20230419,499.0,Success,UPI
9246,2606,1981,20230527,499.0,Success,Credit Card
9247,2606,1981,20230626,499.0,Success,Credit Card
9248,2606,1981,20230726,499.0,Success,PayPal
9249,2606,1981,20230825,499.0,Success,UPI
9250,2606,1981,20230924,499.0,Success,Debit Card
9251,2606,1981,20231024,-499.0,Refunded,UPI
9252,2607,1982,20241225,499.0,Success,Debit Card
9253,2608,1983,20231003,799.0,Success,UPI
9254,2608,1983,20231102,799.0,Success,Credit Card
9255,2608,1983,20231202,799.0,Success,Credit Card
9256,2608,1983,20240101,799.0,Success,UPI
9257,2608,1983,20240131,799.0,Success,PayPal
9258,2608,1983,20240301,799.0,Success,UPI
9259,2608,1983,20240331,799.0,Success,UPI
9260,2608,1983,20240430,799.0,Success,PayPal
9261,2608,1983,20240530,799.0,Success,PayPal
9262,2608,1983,20240629,799.0,Success,Debit Card
9263,2608,1983,20240729,799.0,Success,UPI
9264,2608,1983,20240828,799.0,Success,Wallet
9265,2609,1983,20241006,799.0,Success,Debit Card
9266,2610,1983,20241121,499.0,Success,Debit Card
9267,2611,1984,20230214,499.0,Success,Debit Card
9268,2612,1984,20230405,499.0,Success,Credit Card
9269,2612,1984,20230505,499.0,Success,PayPal
9270,2612,1984,20230604,499.0,Success,UPI
9271,2612,1984,20230704,499.0,Success,Debit Card
9272,2612,1984,20230803,499.0,Success,Credit Card
9273,2612,1984,20230902,499.0,Failed,Credit Card
9274,2612,1984,20231002,499.0,Success,PayPal
9275,2612,1984,20231101,499.0,Success,Wallet
9276,2612,1984,20231201,499.0,Failed,UPI
9277,2612,1984,20231231,499.0,Failed,PayPal
9278,2612,1984,20240130,499.0,Success,Credit Card
9279,2612,1984,20240229,499.0,Success,Debit Card
9280,2613,1985,20240805,199.0,Success,Wallet
9281,2613,1985,20240904,199.0,Success,Wallet
9282,2613,1985,20241004,199.0,Success,UPI
9283,2614,1986,20241021,149.0,Success,Credit Card
9284,2614,1986,20241120,149.0,Success,UPI
9285,2615,1987,20230314,199.0,Success,Wallet
9286,2615,1987,20230413,199.0,Failed,Debit Card
9287,2615,1987,20230513,199.0,Success,Debit Card
9288,2615,1987,20230612,199.0,Success,UPI
9289,2615,1987,20230712,-199.0,Refunded,PayPal
9290,2615,1987,20230811,199.0,Success,PayPal
9291,2616,1988,20240213,499.0,Success,UPI
9292,2616,1988,20240314,499.0,Success,Debit Card
9293,2616,1988,20240413,499.0,Success,Credit Card
9294,2616,1988,20240513,499.0,Success,PayPal
9295,2616,1988,20240612,499.0,Success,UPI
9296,2616,1988,20240712,499.0,Success,PayPal
9297,2616,1988,20240811,499.0,Success,UPI
9298,2616,1988,20240910,499.0,Success,UPI
9299,2616,1988,20241010,499.0,Success,Debit Card
9300,2616,1988,20241109,499.0,Success,Debit Card
9301,2617,1989,20240213,149.0,Success,Credit Card
9302,2618,1989,20240318,499.0,Success,PayPal
9303,2619,1990,20240202,199.0,Success,UPI
9304,2619,1990,20240303,199.0,Success,Wallet
9305,2619,1990,20240402,199.0,Success,UPI
9306,2620,1990,20240516,149.0,Success,Credit Card
9307,2620,1990,20240615,149.0,Success,PayPal
9308,2620,1990,20240715,149.0,Success,Credit Card
9309,2620,1990,20240814,149.0,Success,UPI
9310,2620,1990,20240913,149.0,Success,UPI
9311,2620,1990,20241013,149.0,Success,Credit Card
9312,2621,1991,20241031,149.0,Success,Credit Card
9313,2621,1991,20241130,149.0,Success,Debit Card
9314,2622,1992,20240318,199.0,Success,PayPal
9315,2622,1992,20240417,199.0,Success,Credit Card
9316,2622,1992,20240517,199.0,Success,Debit Card
9317,2623,1993,20241202,799.0,Failed,UPI
9318,2624,1994,20240112,199.0,Success,PayPal
9319,2625,1994,20240223,499.0,Success,Debit Card
9320,2625,1994,20240324,499.0,Success,Credit Card
9321,2625,1994,20240423,499.0,Success,Credit Card
9322,2625,1994,20240523,499.0,Success,PayPal
9323,2625,1994,20240622,499.0,Success,Wallet
9324,2625,1994,20240722,499.0,Success,Wallet
9325,2625,1994,20240821,499.0,Success,Credit Card
9326,2625,1994,20240920,499.0,Success,PayPal
9327,2625,1994,20241020,499.0,Success,Wallet
9328,2625,1994,20241119,499.0,Success,PayPal
9329,2626,1995,20240202,799.0,Success,Wallet
9330,2626,1995,20240303,799.0,Success,UPI
9331,2626,1995,20240402,799.0,Failed,PayPal
9332,2627,1995,20240507,799.0,Success,PayPal
9333,2627,1995,20240606,799.0,Success,Credit Card
9334,2627,1995,20240706,799.0,Success,Credit Card
9335,2627,1995,20240805,799.0,Success,Wallet
9336,2627,1995,20240904,799.0,Success,Wallet
9337,2627,1995,20241004,799.0,Success,Debit Card
9338,2627,1995,20241103,799.0,Success,Credit Card
9339,2628,1996,20230403,499.0,Success,UPI
9340,2629,1997,20240320,799.0,Success,Credit Card
9341,2629,1997,20240419,799.0,Success,UPI
9342,2629,1997,20240519,799.0,Success,UPI
9343,2630,1998,20231216,499.0,Success,UPI
9344,2630,1998,20240115,499.0,Success,PayPal
9345,2630,1998,20240214,499.0,Success,UPI
9346,2630,1998,20240315,499.0,Success,PayPal
9347,2630,1998,20240414,499.0,Success,Debit Card
9348,2630,1998,20240514,499.0,Success,Debit Card
9349,2631,1999,20230608,499.0,Success,UPI
9350,2631,1999,20230708,499.0,Success,Debit Card
9351,2631,1999,20230807,499.0,Success,UPI
9352,2631,1999,20230906,499.0,Success,Wallet
9353,2631,1999,20231006,499.0,Success,PayPal
9354,2631,1999,20231105,499.0,Success,Debit Card
9355,2631,1999,20231205,499.0,Success,PayPal
9356,2631,1999,20240104,499.0,Success,Wallet
9357,2631,1999,20240203,499.0,Success,PayPal
9358,2631,1999,20240304,499.0,Success,Credit Card
9359,2631,1999,20240403,499.0,Success,Credit Card
9360,2631,1999,20240503,499.0,Failed,PayPal
9361,2632,2000,20230327,199.0,Success,Wallet
9362,2632,2000,20230426,199.0,Success,UPI
9363,2632,2000,20230526,199.0,Success,Debit Card
9364,2633,2001,20240504,199.0,Success,UPI
9365,2633,2001,20240603,199.0,Success,Debit Card
9366,2633,2001,20240703,199.0,Success,Credit Card
9367,2633,2001,20240802,199.0,Success,PayPal
9368,2633,2001,20240901,199.0,Success,UPI
9369,2633,2001,20241001,199.0,Success,Credit Card
9370,2633,2001,20241031,199.0,Success,UPI
9371,2633,2001,20241130,199.0,Success,Credit Card
9372,2634,2002,20231104,499.0,Success,Wallet
9373,2634,2002,20231204,499.0,Success,Debit Card
9374,2634,2002,20240103,499.0,Success,PayPal
9375,2634,2002,20240202,499.0,Success,Credit Card
9376,2634,2002,20240303,-499.0,Refunded,Credit Card
9377,2634,2002,20240402,499.0,Success,Credit Card
9378,2634,2002,20240502,499.0,Failed,Wallet
9379,2634,2002,20240601,499.0,Success,UPI
9380,2634,2002,20240701,499.0,Success,Wallet
9381,2634,2002,20240731,499.0,Success,PayPal
9382,2634,2002,20240830,499.0,Success,Wallet
9383,2634,2002,20240929,499.0,Success,Wallet
9384,2635,2003,20230218,499.0,Success,PayPal
9385,2636,2004,20230421,149.0,Success,UPI
9386,2636,2004,20230521,149.0,Success,Credit Card
9387,2636,2004,20230620,149.0,Success,Wallet
9388,2636,2004,20230720,149.0,Success,UPI
9389,2636,2004,20230819,149.0,Success,Debit Card
9390,2636,2004,20230918,149.0,Success,Wallet
9391,2636,2004,20231018,149.0,Success,Credit Card
9392,2636,2004,20231117,149.0,Success,UPI
9393,2636,2004,20231217,149.0,Success,UPI
9394,2636,2004,20240116,149.0,Success,Credit Card
9395,2636,2004,20240215,149.0,Success,Wallet
9396,2636,2004,20240316,149.0,Success,UPI
9397,2637,2004,20240505,149.0,Success,PayPal
9398,2638,2005,20241107,199.0,Success,Wallet
9399,2639,2006,20230918,199.0,Success,Debit Card
9400,2639,2006,20231018,199.0,Success,Wallet
9401,2639,2006,20231117,199.0,Success,Credit Card
9402,2639,2006,20231217,199.0,Success,Wallet
9403,2639,2006,20240116,199.0,Success,UPI
9404,2639,2006,20240215,199.0,Success,PayPal
9405,2640,2007,20230427,149.0,Success,Debit Card
9406,2640,2007,20230527,149.0,Success,PayPal
9407,2640,2007,20230626,-149.0,Refunded,PayPal
9408,2640,2007,20230726,149.0,Failed,Wallet
9409,2640,2007,20230825,149.0,Success,Credit Card
9410,2640,2007,20230924,149.0,Success,PayPal
9411,2641,2008,20230706,799.0,Success,Debit Card
9412,2642,2009,20241222,199.0,Success,Wallet
9413,2643,2010,20241117,799.0,Success,Wallet
9414,2644,2011,20230711,799.0,Success,Debit Card
9415,2645,2011,20230824,199.0,Failed,UPI
9416,2645,2011,20230923,199.0,Success,Credit Card
9417,2645,2011,20231023,199.0,Success,PayPal
9418,2645,2011,20231122,199.0,Success,Credit Card
9419,2645,2011,20231222,199.0,Success,Credit Card
9420,2645,2011,20240121,199.0,Success,Wallet
9421,2645,2011,20240220,199.0,Success,UPI
9422,2645,2011,20240321,199.0,Success,UPI
9423,2645,2011,20240420,199.0,Success,Credit Card
9424,2645,2011,20240520,199.0,Success,PayPal
9425,2645,2011,20240619,199.0,Success,Debit Card
9426,2645,2011,20240719,199.0,Success,PayPal
9427,2646,2012,20240910,199.0,Success,Wallet
9428,2646,2012,20241010,199.0,Success,Wallet
9429,2646,2012,20241109,199.0,Success,Credit Card
9430,2647,2013,20240701,799.0,Success,Wallet
9431,2647,2013,20240731,799.0,Success,Wallet
9432,2647,2013,20240830,-799.0,Refunded,Credit Card
9433,2648,2014,20230625,149.0,Success,PayPal
9434,2648,2014,20230725,149.0,Success,Wallet
9435,2648,2014,20230824,149.0,Success,Debit Card
9436,2649,2015,20241104,149.0,Success,Credit Card
9437,2650,2016,20240925,149.0,Success,Credit Card
9438,2651,2017,20241207,149.0,Success,Debit Card
9439,2652,2018,20230509,149.0,Success,Credit Card
9440,2653,2018,20230620,149.0,Success,PayPal
9441,2653,2018,20230720,149.0,Failed,Wallet
9442,2653,2018,20230819,149.0,Success,UPI
9443,2653,2018,20230918,149.0,Success,Wallet
9444,2653,2018,20231018,149.0,Success,Debit Card
9445,2653,2018,20231117,149.0,Success,Wallet
9446,2654,2019,20230117,799.0,Failed,Debit Card
9447,2654,2019,20230216,799.0,Success,Debit Card
9448,2654,2019,20230318,799.0,Success,Debit Card
9449,2654,2019,20230417,-799.0,Refunded,Debit Card
9450,2654,2019,20230517,799.0,Success,Credit Card
9451,2654,2019,20230616,799.0,Success,Debit Card
9452,2655,2019,20230719,499.0,Success,UPI
9453,2655,2019,20230818,499.0,Success,PayPal
9454,2655,2019,20230917,499.0,Success,PayPal
9455,2655,2019,20231017,499.0,Success,PayPal
9456,2655,2019,20231116,499.0,Success,Debit Card
9457,2655,2019,20231216,499.0,Success,UPI
9458,2655,2019,20240115,499.0,Success,Credit Card
9459,2655,2019,20240214,499.0,Success,Debit Card
9460,2655,2019,20240315,499.0,Success,Wallet
9461,2655,2019,20240414,499.0,Success,UPI
9462,2655,2019,20240514,499.0,Success,PayPal
9463,2655,2019,20240613,499.0,Success,Credit Card
9464,2656,2020,20230803,199.0,Success,PayPal
9465,2657,2020,20230908,799.0,Success,Debit Card
9466,2657,2020,20231008,799.0,Success,PayPal
9467,2657,2020,20231107,799.0,Success,Credit Card
9468,2657,2020,20231207,799.0,Success,UPI
9469,2657,2020,20240106,799.0,Success,Credit Card
9470,2657,2020,20240205,799.0,Success,Debit Card
9471,2658,2021,20240322,149.0,Success,UPI
9472,2659,2021,20240427,499.0,Success,Debit Card
9473,2660,2022,20230330,149.0,Success,PayPal
9474,2661,2022,20230504,199.0,Success,PayPal
9475,2661,2022,20230603,199.0,Success,Debit Card
9476,2661,2022,20230703,199.0,Success,Debit Card
9477,2662,2022,20230818,499.0,Success,Debit Card
9478,2663,2023,20240308,499.0,Success,UPI
9479,2663,2023,20240407,499.0,Success,PayPal
9480,2663,2023,20240507,499.0,Success,Debit Card
9481,2663,2023,20240606,499.0,Success,PayPal
9482,2663,2023,20240706,499.0,Failed,UPI
9483,2663,2023,20240805,499.0,Success,Debit Card
9484,2664,2024,20241220,799.0,Success,Credit Card
9485,2665,2025,20240405,149.0,Failed,UPI
9486,2666,2025,20240522,499.0,Success,Debit Card
9487,2667,2026,20240206,499.0,Success,Credit Card
9488,2667,2026,20240307,499.0,Success,Wallet
9489,2667,2026,20240406,499.0,Success,UPI
9490,2667,2026,20240506,499.0,Success,Debit Card
9491,2667,2026,20240605,499.0,Success,Credit Card
9492,2667,2026,20240705,499.0,Success,PayPal
9493,2668,2026,20240806,799.0,Success,Wallet
9494,2668,2026,20240905,799.0,Success,Debit Card
9495,2668,2026,20241005,799.0,Success,PayPal
9496,2668,2026,20241104,799.0,Success,UPI
9497,2669,2027,20240318,199.0,Success,Credit Card
9498,2670,2027,20240418,149.0,Failed,UPI
9499,2670,2027,20240518,149.0,Success,Wallet
9500,2670,2027,20240617,149.0,Success,PayPal
9501,2671,2027,20240725,199.0,Success,Credit Card
9502,2672,2028,20240902,199.0,Success,Wallet
9503,2673,2029,20240514,499.0,Success,Wallet
9504,2673,2029,20240613,499.0,Success,UPI
9505,2673,2029,20240713,499.0,Failed,Debit Card
9506,2674,2030,20240918,199.0,Success,UPI
9507,2674,2030,20241018,199.0,Success,Credit Card
9508,2674,2030,20241117,199.0,Success,UPI
9509,2675,2031,20230826,199.0,Success,Wallet
9510,2675,2031,20230925,199.0,Success,Debit Card
9511,2675,2031,20231025,199.0,Success,UPI
9512,2675,2031,20231124,199.0,Success,Debit Card
9513,2675,2031,20231224,-199.0,Refunded,Credit Card
9514,2675,2031,20240123,199.0,Success,Wallet
9515,2676,2032,20240813,799.0,Success,UPI
9516,2676,2032,20240912,799.0,Success,UPI
9517,2676,2032,20241012,799.0,Success,Wallet
9518,2676,2032,20241111,799.0,Success,PayPal
9519,2677,2033,20241025,149.0,Success,PayPal
9520,2677,2033,20241124,149.0,Success,Wallet
9521,2678,2034,20240929,499.0,Success,Wallet
9522,2679,2035,20230122,149.0,Success,Debit Card
9523,2679,2035,20230221,149.0,Success,PayPal
9524,2679,2035,20230323,149.0,Success,UPI
9525,2680,2035,20230503,199.0,Success,Debit Card
9526,2680,2035,20230602,199.0,Success,PayPal
9527,2680,2035,20230702,199.0,Success,Debit Card
9528,2680,2035,20230801,199.0,Success,PayPal
9529,2680,2035,20230831,199.0,Success,Wallet
9530,2680,2035,20230930,199.0,Success,UPI
9531,2680,2035,20231030,199.0,Success,PayPal
9532,2680,2035,20231129,199.0,Success,Debit Card
9533,2680,2035,20231229,199.0,Success,Debit Card
9534,2680,2035,20240128,199.0,Success,Wallet
9535,2680,2035,20240227,199.0,Success,Credit Card
9536,2680,2035,20240328,199.0,Success,PayPal
9537,2681,2036,20231219,149.0,Success,Credit Card
9538,2682,2036,20240207,799.0,Success,Debit Card
9539,2682,2036,20240308,799.0,Success,Wallet
9540,2682,2036,20240407,799.0,Success,Debit Card
9541,2682,2036,20240507,799.0,Success,Credit Card
9542,2682,2036,20240606,799.0,Success,Debit Card
9543,2682,2036,20240706,799.0,Success,UPI
9544,2683,2037,20241202,499.0,Success,Credit Card
9545,2684,2038,20241103,799.0,Success,Credit Card
9546,2685,2039,20241229,199.0,Success,Credit Card
9547,2686,2040,20241120,149.0,Failed,Debit Card
9548,2687,2041,20230615,499.0,Success,Debit Card
9549,2687,2041,20230715,499.0,Success,Credit Card
9550,2687,2041,20230814,499.0,Success,Credit Card
9551,2687,2041,20230913,499.0,Success,Credit Card
9552,2687,2041,20231013,499.0,Success,PayPal
9553,2687,2041,20231112,499.0,Success,UPI
9554,2687,2041,20231212,499.0,Success,Debit Card
9555,2687,2041,20240111,499.0,Success,UPI
9556,2687,2041,20240210,499.0,Success,Credit Card
9557,2687,2041,20240311,499.0,Success,Debit Card
9558,2687,2041,20240410,499.0,Success,UPI
9559,2687,2041,20240510,499.0,Success,PayPal
9560,2688,2041,20240627,199.0,Success,Wallet
9561,2688,2041,20240727,199.0,Success,UPI
9562,2688,2041,20240826,199.0,Success,Wallet
9563,2688,2041,20240925,199.0,Success,UPI
9564,2688,2041,20241025,199.0,Success,Credit Card
9565,2688,2041,20241124,199.0,Success,Debit Card
9566,2689,2042,20230330,199.0,Success,Debit Card
9567,2690,2042,20230429,149.0,Success,Debit Card
9568,2691,2043,20230610,499.0,Success,Debit Card
9569,2692,2043,20230716,149.0,Success,Debit Card
9570,2693,2043,20230822,199.0,Success,Debit Card
9571,2693,2043,20230921,199.0,Success,Debit Card
9572,2693,2043,20231021,199.0,Success,Credit Card
9573,2693,2043,20231120,199.0,Success,Wallet
9574,2693,2043,20231220,199.0,Success,PayPal
9575,2693,2043,20240119,199.0,Success,Debit Card
9576,2694,2044,20240520,199.0,Success,Wallet
9577,2695,2045,20230119,799.0,Success,UPI
9578,2695,2045,20230218,799.0,Success,PayPal
9579,2695,2045,20230320,799.0,Success,Credit Card
9580,2696,2045,20230429,499.0,Success,Wallet
9581,2696,2045,20230529,499.0,Success,UPI
9582,2696,2045,20230628,499.0,Success,Debit Card
9583,2697,2045,20230804,199.0,Success,Wallet
9584,2698,2046,20230612,499.0,Success,Credit Card
9585,2699,2046,20230722,199.0,Success,Debit Card
9586,2699,2046,20230821,199.0,Success,PayPal
9587,2699,2046,20230920,199.0,Success,Credit Card
9588,2699,2046,20231020,199.0,Success,Wallet
9589,2699,2046,20231119,199.0,Success,UPI
9590,2699,2046,20231219,199.0,Success,Wallet
9591,2700,2047,20230202,499.0,Success,PayPal
9592,2700,2047,20230304,499.0,Success,Wallet
9593,2700,2047,20230403,499.0,Success,Debit Card
9594,2701,2047,20230505,799.0,Success,PayPal
9595,2701,2047,20230604,799.0,Success,Wallet
9596,2701,2047,20230704,799.0,Success,Debit Card
9597,2701,2047,20230803,799.0,Success,Credit Card
9598,2701,2047,20230902,799.0,Success,Debit Card
9599,2701,2047,20231002,799.0,Success,Credit Card
9600,2702,2048,20230821,499.0,Success,PayPal
9601,2703,2049,20231215,149.0,Success,Wallet
9602,2704,2049,20240122,799.0,Failed,Debit Card
9603,2704,2049,20240221,799.0,Success,Debit Card
9604,2704,2049,20240322,799.0,Success,PayPal
9605,2705,2049,20240427,799.0,Success,Credit Card
9606,2705,2049,20240527,799.0,Success,Wallet
9607,2705,2049,20240626,799.0,Success,Credit Card
9608,2706,2050,20240724,499.0,Success,Wallet
9609,2707,2051,20240611,149.0,Success,Wallet
9610,2707,2051,20240711,149.0,Success,Debit Card
9611,2707,2051,20240810,149.0,Success,PayPal
9612,2707,2051,20240909,149.0,Success,Credit Card
9613,2707,2051,20241009,149.0,Success,UPI
9614,2707,2051,20241108,149.0,Success,Credit Card
9615,2708,2052,20240324,199.0,Success,Wallet
9616,2708,2052,20240423,199.0,Success,Debit Card
9617,2708,2052,20240523,199.0,Success,Credit Card
9618,2708,2052,20240622,199.0,Success,PayPal
9619,2708,2052,20240722,199.0,Success,Wallet
9620,2708,2052,20240821,199.0,Success,UPI
9621,2708,2052,20240920,199.0,Success,UPI
9622,2708,2052,20241020,199.0,Success,Wallet
9623,2708,2052,20241119,199.0,Success,Wallet
9624,2709,2053,20230419,149.0,Success,Wallet
9625,2710,2054,20230415,499.0,Success,Debit Card
9626,2711,2055,20241007,799.0,Success,Wallet
9627,2712,2056,20230610,499.0,Success,Credit Card
9628,2713,2057,20240602,149.0,Success,Debit Card
9629,2714,2057,20240706,199.0,Success,PayPal
9630,2714,2057,20240805,199.0,Success,UPI
9631,2714,2057,20240904,199.0,Success,PayPal
9632,2714,2057,20241004,199.0,Success,Debit Card
9633,2714,2057,20241103,199.0,Success,Wallet
9634,2715,2058,20241024,499.0,Success,Credit Card
9635,2715,2058,20241123,-499.0,Refunded,Credit Card
9636,2716,2059,20230726,799.0,Success,Debit Card
9637,2717,2060,20230107,199.0,Success,Debit Card
9638,2717,2060,20230206,199.0,Success,PayPal
9639,2717,2060,20230308,199.0,Success,Credit Card
9640,2717,2060,20230407,199.0,Success,UPI
9641,2717,2060,20230507,199.0,Success,Wallet
9642,2717,2060,20230606,199.0,Success,UPI
9643,2718,2061,20231021,149.0,Success,PayPal
9644,2718,2061,20231120,149.0,Success,Debit Card
9645,2718,2061,20231220,149.0,Success,UPI
9646,2719,2062,20240229,199.0,Success,UPI
9647,2719,2062,20240330,199.0,Success,UPI
9648,2719,2062,20240429,199.0,Success,UPI
9649,2720,2063,20240626,799.0,Success,Credit Card
9650,2721,2064,20240315,799.0,Success,PayPal
9651,2722,2065,20240612,799.0,Success,PayPal
9652,2722,2065,20240712,799.0,Success,Credit Card
9653,2722,2065,20240811,-799.0,Refunded,Credit Card
9654,2722,2065,20240910,799.0,Failed,UPI
9655,2722,2065,20241010,799.0,Success,Debit Card
9656,2722,2065,20241109,799.0,Success,UPI
9657,2723,2065,20241211,199.0,Success,UPI
9658,2724,2066,20230530,149.0,Success,Wallet
9659,2724,2066,20230629,149.0,Success,Wallet
9660,2724,2066,20230729,149.0,Success,Debit Card
9661,2725,2067,20230313,799.0,Success,Debit Card
9662,2726,2068,20230618,499.0,Success,UPI
9663,2726,2068,20230718,499.0,Success,Wallet
9664,2726,2068,20230817,499.0,Success,Credit Card
9665,2726,2068,20230916,499.0,Success,Credit Card
9666,2726,2068,20231016,499.0,Success,Wallet
9667,2726,2068,20231115,499.0,Success,Credit Card
9668,2727,2069,20241107,799.0,Success,Wallet
9669,2728,2070,20241008,199.0,Success,Debit Card
9670,2728,2070,20241107,199.0,Success,Wallet
9671,2729,2071,20231030,199.0,Success,Debit Card
9672,2730,2072,20240720,799.0,Success,Wallet
9673,2731,2073,20231219,199.0,Success,UPI
9674,2732,2074,20240917,149.0,Success,Credit Card
9675,2732,2074,20241017,149.0,Success,Debit Card
9676,2732,2074,20241116,149.0,Success,Wallet
9677,2733,2075,20230730,499.0,Success,UPI
9678,2734,2076,20240328,199.0,Success,PayPal
9679,2735,2077,20241026,199.0,Success,PayPal
9680,2735,2077,20241125,199.0,Success,Wallet
9681,2736,2078,20230328,499.0,Success,Wallet
9682,2736,2078,20230427,499.0,Success,Debit Card
9683,2736,2078,20230527,499.0,Success,UPI
9684,2737,2079,20230510,199.0,Success,Wallet
9685,2737,2079,20230609,199.0,Success,PayPal
9686,2737,2079,20230709,199.0,Success,UPI
9687,2737,2079,20230808,199.0,Success,Debit Card
9688,2737,2079,20230907,199.0,Success,PayPal
9689,2737,2079,20231007,199.0,Success,Credit Card
9690,2738,2079,20231111,499.0,Success,UPI
9691,2738,2079,20231211,499.0,Success,PayPal
9692,2738,2079,20240110,499.0,Success,UPI
9693,2739,2080,20230406,499.0,Success,Credit Card
9694,2740,2080,20230521,799.0,Success,UPI
9695,2741,2080,20230706,149.0,Success,Debit Card
9696,2741,2080,20230805,149.0,Success,Debit Card
9697,2741,2080,20230904,149.0,Success,Credit Card
9698,2741,2080,20231004,149.0,Success,PayPal
9699,2741,2080,20231103,149.0,Success,Credit Card
9700,2741,2080,20231203,149.0,Success,PayPal
9701,2742,2081,20241012,149.0,Success,PayPal
9702,2742,2081,20241111,149.0,Success,PayPal
9703,2743,2082,20240706,499.0,Success,PayPal
9704,2743,2082,20240805,499.0,Success,Credit Card
9705,2743,2082,20240904,499.0,Success,PayPal
9706,2743,2082,20241004,499.0,Success,Debit Card
9707,2743,2082,20241103,499.0,Success,Debit Card
9708,2744,2083,20231108,799.0,Success,Credit Card
9709,2744,2083,20231208,799.0,Success,Credit Card
9710,2744,2083,20240107,799.0,Success,Wallet
9711,2745,2083,20240214,499.0,Success,Credit Card
9712,2745,2083,20240315,499.0,Success,PayPal
9713,2745,2083,20240414,499.0,Success,Credit Card
9714,2746,2083,20240514,799.0,Success,Credit Card
9715,2747,2084,20230303,799.0,Success,Wallet
9716,2747,2084,20230402,799.0,Success,UPI
9717,2747,2084,20230502,799.0,Success,UPI
9718,2747,2084,20230601,799.0,Success,Debit Card
9719,2747,2084,20230701,799.0,Success,Credit Card
9720,2747,2084,20230731,799.0,Success,Wallet
9721,2747,2084,20230830,799.0,Success,Debit Card
9722,2747,2084,20230929,799.0,Success,PayPal
9723,2747,2084,20231029,799.0,Success,Debit Card
9724,2747,2084,20231128,799.0,Success,Credit Card
9725,2747,2084,20231228,799.0,Success,Debit Card
9726,2747,2084,20240127,799.0,Success,UPI
9727,2748,2084,20240312,199.0,Success,Credit Card
9728,2749,2085,20230507,149.0,Success,Debit Card
9729,2749,2085,20230606,149.0,Success,PayPal
9730,2749,2085,20230706,149.0,Success,PayPal
9731,2750,2086,20240404,149.0,Success,Wallet
9732,2750,2086,20240504,149.0,Success,Credit Card
9733,2750,2086,20240603,149.0,Success,PayPal
9734,2751,2086,20240717,199.0,Success,Credit Card
9735,2751,2086,20240816,199.0,Success,Debit Card
9736,2751,2086,20240915,199.0,Failed,PayPal
9737,2751,2086,20241015,199.0,Success,Wallet
9738,2751,2086,20241114,199.0,Success,Debit Card
9739,2752,2087,20231214,799.0,Success,Credit Card
9740,2752,2087,20240113,799.0,Success,PayPal
9741,2752,2087,20240212,799.0,Success,Credit Card
9742,2753,2088,20240802,799.0,Success,Wallet
9743,2753,2088,20240901,799.0,Success,Wallet
9744,2753,2088,20241001,799.0,Failed,Debit Card
9745,2753,2088,20241031,799.0,Success,Credit Card
9746,2753,2088,20241130,799.0,Success,Credit Card
9747,2754,2089,20240630,149.0,Success,UPI
9748,2754,2089,20240730,149.0,Success,UPI
9749,2754,2089,20240829,149.0,Success,Wallet
9750,2754,2089,20240928,149.0,Success,Debit Card
9751,2754,2089,20241028,149.0,Failed,Credit Card
9752,2754,2089,20241127,149.0,Success,PayPal
9753,2755,2090,20241113,799.0,Success,Debit Card
9754,2756,2091,20240122,199.0,Success,Credit Card
9755,2756,2091,20240221,199.0,Success,PayPal
9756,2756,2091,20240322,199.0,Success,Debit Card
9757,2756,2091,20240421,199.0,Success,UPI
9758,2756,2091,20240521,199.0,Success,PayPal
9759,2756,2091,20240620,199.0,Success,UPI
9760,2757,2092,20240612,149.0,Success,Debit Card
9761,2758,2093,20240410,149.0,Success,UPI
9762,2759,2093,20240525,799.0,Success,PayPal
9763,2760,2094,20240226,799.0,Success,Wallet
9764,2761,2095,20230514,199.0,Failed,UPI
9765,2761,2095,20230613,199.0,Success,PayPal
9766,2761,2095,20230713,199.0,Success,Debit Card
9767,2761,2095,20230812,199.0,Success,Debit Card
9768,2761,2095,20230911,199.0,Success,UPI
9769,2761,2095,20231011,199.0,Success,UPI
9770,2762,2096,20241124,499.0,Success,Credit Card
9771,2763,2097,20240209,149.0,Success,PayPal
9772,2763,2097,20240310,149.0,Success,UPI
9773,2763,2097,20240409,149.0,Success,Debit Card
9774,2763,2097,20240509,149.0,Success,Wallet
9775,2763,2097,20240608,149.0,Success,Wallet
9776,2763,2097,20240708,149.0,Failed,Credit Card
9777,2763,2097,20240807,149.0,Success,UPI
9778,2763,2097,20240906,149.0,Success,Debit Card
9779,2763,2097,20241006,149.0,Success,PayPal
9780,2763,2097,20241105,149.0,Success,PayPal
9781,2764,2098,20240326,799.0,Success,Wallet
9782,2765,2099,20240302,499.0,Success,Credit Card
9783,2765,2099,20240401,499.0,Success,Debit Card
9784,2765,2099,20240501,499.0,Success,Credit Card
9785,2765,2099,20240531,499.0,Success,PayPal
9786,2765,2099,20240630,499.0,Success,Debit Card
9787,2765,2099,20240730,499.0,Success,Credit Card
9788,2766,2099,20240830,499.0,Success,Wallet
9789,2766,2099,20240929,499.0,Success,UPI
9790,2766,2099,20241029,499.0,Success,PayPal
9791,2767,2099,20241215,149.0,Success,Wallet
9792,2768,2100,20241229,499.0,Success,Wallet
9793,2769,2101,20240625,499.0,Success,Credit Card
9794,2769,2101,20240725,499.0,Success,Debit Card
9795,2769,2101,20240824,499.0,Success,UPI
9796,2770,2102,20230203,149.0,Success,UPI
9797,2771,2102,20230314,199.0,Success,Credit Card
9798,2771,2102,20230413,199.0,Success,Wallet
9799,2771,2102,20230513,199.0,Success,Credit Card
9800,2771,2102,20230612,199.0,Success,Wallet
9801,2771,2102,20230712,199.0,Success,Wallet
9802,2771,2102,20230811,199.0,Success,PayPal
9803,2772,2103,20230502,799.0,Success,Wallet
9804,2772,2103,20230601,799.0,Success,UPI
9805,2772,2103,20230701,799.0,Success,UPI
9806,2772,2103,20230731,799.0,Success,UPI
9807,2772,2103,20230830,799.0,Success,PayPal
9808,2772,2103,20230929,799.0,Success,UPI
9809,2772,2103,20231029,799.0,Success,PayPal
9810,2772,2103,20231128,799.0,Success,Wallet
9811,2772,2103,20231228,799.0,Success,Credit Card
9812,2772,2103,20240127,799.0,Success,PayPal
9813,2772,2103,20240226,799.0,Success,UPI
9814,2772,2103,20240327,799.0,Failed,UPI
9815,2773,2104,20240114,-149.0,Refunded,Debit Card
9816,2774,2104,20240224,499.0,Success,Credit Card
9817,2775,2105,20230501,499.0,Success,UPI
9818,2775,2105,20230531,499.0,Success,UPI
9819,2775,2105,20230630,499.0,Success,Credit Card
9820,2775,2105,20230730,499.0,Success,UPI
9821,2775,2105,20230829,499.0,Success,Credit Card
9822,2775,2105,20230928,499.0,Success,UPI
9823,2776,2106,20231029,199.0,Success,UPI
9824,2776,2106,20231128,199.0,Success,PayPal
9825,2776,2106,20231228,199.0,Success,PayPal
9826,2776,2106,20240127,199.0,Success,UPI
9827,2776,2106,20240226,199.0,Success,Credit Card
9828,2776,2106,20240327,199.0,Success,Wallet
9829,2776,2106,20240426,199.0,Success,Debit Card
9830,2776,2106,20240526,199.0,Success,Credit Card
9831,2776,2106,20240625,199.0,Success,Credit Card
9832,2776,2106,20240725,199.0,Success,PayPal
9833,2776,2106,20240824,199.0,Success,PayPal
9834,2776,2106,20240923,199.0,Success,UPI
9835,2777,2107,20240826,799.0,Success,Wallet
9836,2778,2108,20231018,149.0,Success,Wallet
9837,2778,2108,20231117,149.0,Success,Debit Card
9838,2778,2108,20231217,149.0,Success,Credit Card
9839,2779,2109,20230103,499.0,Success,Credit Card
9840,2779,2109,20230202,499.0,Success,Credit Card
9841,2779,2109,20230304,499.0,Success,Debit Card
9842,2779,2109,20230403,499.0,Success,UPI
9843,2779,2109,20230503,499.0,Success,Credit Card
9844,2779,2109,20230602,499.0,Success,UPI
9845,2780,2110,20230215,149.0,Success,Credit Card
9846,2781,2110,20230326,499.0,Success,UPI
9847,2781,2110,20230425,499.0,Success,Wallet
9848,2781,2110,20230525,499.0,Success,Credit Card
9849,2781,2110,20230624,499.0,Success,PayPal
9850,2781,2110,20230724,499.0,Success,PayPal
9851,2781,2110,20230823,499.0,Success,Credit Card
9852,2781,2110,20230922,499.0,Success,Wallet
9853,2781,2110,20231022,499.0,Success,Credit Card
9854,2781,2110,20231121,499.0,Success,UPI
9855,2781,2110,20231221,499.0,Success,UPI
9856,2781,2110,20240120,499.0,Failed,PayPal
9857,2781,2110,20240219,499.0,Success,UPI
9858,2782,2111,20240408,499.0,Success,UPI
9859,2783,2111,20240512,499.0,Success,Wallet
9860,2784,2112,20240912,149.0,Success,UPI
9861,2785,2112,20241026,799.0,Success,Credit Card
9862,2785,2112,20241125,799.0,Success,Credit Card
9863,2786,2113,20240416,499.0,Success,Credit Card
9864,2786,2113,20240516,499.0,Success,Credit Card
9865,2786,2113,20240615,499.0,Success,UPI
9866,2786,2113,20240715,499.0,Success,Credit Card
9867,2786,2113,20240814,499.0,Success,Credit Card
9868,2786,2113,20240913,499.0,Success,UPI
9869,2787,2113,20241025,499.0,Success,PayPal
9870,2787,2113,20241124,499.0,Success,UPI
9871,2788,2114,20231130,149.0,Success,UPI
9872,2788,2114,20231230,149.0,Success,UPI
9873,2788,2114,20240129,149.0,Success,Wallet
9874,2788,2114,20240228,149.0,Success,PayPal
9875,2788,2114,20240329,149.0,Success,PayPal
9876,2788,2114,20240428,149.0,Success,Wallet
9877,2789,2115,20240224,799.0,Success,Debit Card
9878,2789,2115,20240325,799.0,Success,UPI
9879,2789,2115,20240424,799.0,Success,Wallet
9880,2790,2116,20240707,799.0,Success,PayPal
9881,2791,2117,20231012,149.0,Success,UPI
9882,2791,2117,20231111,149.0,Success,Debit Card
9883,2791,2117,20231211,149.0,Success,UPI
9884,2792,2117,20240110,499.0,Success,PayPal
9885,2792,2117,20240209,499.0,Success,Credit Card
9886,2792,2117,20240310,499.0,Success,UPI
9887,2792,2117,20240409,499.0,Success,Wallet
9888,2792,2117,20240509,499.0,Success,Wallet
9889,2792,2117,20240608,499.0,Success,Wallet
9890,2793,2118,20230126,199.0,Success,Debit Card
9891,2793,2118,20230225,199.0,Success,UPI
9892,2793,2118,20230327,199.0,Success,PayPal
9893,2794,2119,20231113,149.0,Success,PayPal
9894,2794,2119,20231213,149.0,Success,Debit Card
9895,2794,2119,20240112,149.0,Success,UPI
9896,2794,2119,20240211,149.0,Success,PayPal
9897,2794,2119,20240312,149.0,Success,PayPal
9898,2794,2119,20240411,149.0,Success,Credit Card
9899,2795,2120,20230329,499.0,Success,Credit Card
9900,2795,2120,20230428,499.0,Success,Debit Card
9901,2795,2120,20230528,499.0,Success,Wallet
9902,2796,2120,20230707,149.0,Success,Credit Card
9903,2797,2121,20230224,-199.0,Refunded,PayPal
9904,2798,2122,20240529,199.0,Success,Wallet
9905,2798,2122,20240628,199.0,Success,UPI
9906,2798,2122,20240728,199.0,Success,Credit Card
9907,2798,2122,20240827,199.0,Success,Credit Card
9908,2798,2122,20240926,199.0,Failed,Wallet
9909,2798,2122,20241026,199.0,Success,Credit Card
9910,2799,2123,20230704,499.0,Success,Debit Card
9911,2799,2123,20230803,499.0,Success,Credit Card
9912,2799,2123,20230902,499.0,Success,PayPal
9913,2800,2124,20241223,799.0,Success,UPI
9914,2801,2125,20240913,499.0,Success,Debit Card
9915,2802,2125,20241026,199.0,Success,UPI
9916,2803,2126,20230124,199.0,Success,Credit Card
9917,2803,2126,20230223,199.0,Success,Wallet
9918,2803,2126,20230325,199.0,Success,Credit Card
9919,2803,2126,20230424,199.0,Success,UPI
9920,2803,2126,20230524,199.0,Success,Wallet
9921,2803,2126,20230623,199.0,Success,UPI
9922,2803,2126,20230723,199.0,Success,Wallet
9923,2803,2126,20230822,199.0,Success,Credit Card
9924,2803,2126,20230921,199.0,Success,UPI
9925,2803,2126,20231021,199.0,Success,Debit Card
9926,2803,2126,20231120,199.0,Success,Credit Card
9927,2803,2126,20231220,199.0,Success,UPI
9928,2804,2126,20240121,-199.0,Refunded,Credit Card
9929,2805,2126,20240309,799.0,Success,PayPal
9930,2805,2126,20240408,799.0,Success,Credit Card
9931,2805,2126,20240508,799.0,Success,PayPal
9932,2805,2126,20240607,799.0,Success,UPI
9933,2805,2126,20240707,799.0,Success,Credit Card
9934,2805,2126,20240806,799.0,Success,PayPal
9935,2806,2127,20240624,199.0,Success,UPI
9936,2806,2127,20240724,199.0,Success,PayPal
9937,2806,2127,20240823,199.0,Success,PayPal
9938,2806,2127,20240922,199.0,Success,PayPal
9939,2806,2127,20241022,199.0,Success,Debit Card
9940,2806,2127,20241121,199.0,Success,Credit Card
9941,2807,2128,20230412,499.0,Success,Credit Card
9942,2807,2128,20230512,499.0,Success,Debit Card
9943,2807,2128,20230611,499.0,Success,Debit Card
9944,2807,2128,20230711,499.0,Success,Debit Card
9945,2807,2128,20230810,499.0,Success,Credit Card
9946,2807,2128,20230909,499.0,Success,Wallet
9947,2808,2129,20230919,199.0,Success,PayPal
9948,2808,2129,20231019,-199.0,Refunded,PayPal
9949,2808,2129,20231118,199.0,Success,PayPal
9950,2809,2129,20240102,149.0,Success,Credit Card
9951,2809,2129,20240201,149.0,Success,Debit Card
9952,2809,2129,20240302,149.0,Success,UPI
9953,2809,2129,20240401,149.0,Success,UPI
9954,2809,2129,20240501,149.0,Success,PayPal
9955,2809,2129,20240531,149.0,Success,Credit Card
9956,2810,2130,20241125,149.0,Success,PayPal
9957,2811,2131,20230705,149.0,Success,Wallet
9958,2811,2131,20230804,149.0,Success,UPI
9959,2811,2131,20230903,149.0,Success,UPI
9960,2811,2131,20231003,149.0,Success,UPI
9961,2811,2131,20231102,149.0,Success,PayPal
9962,2811,2131,20231202,149.0,Success,Wallet
9963,2812,2132,20230412,499.0,Success,PayPal
9964,2812,2132,20230512,499.0,Success,UPI
9965,2812,2132,20230611,499.0,Success,UPI
9966,2812,2132,20230711,499.0,Success,Wallet
9967,2812,2132,20230810,499.0,Success,Wallet
9968,2812,2132,20230909,499.0,Success,Debit Card
9969,2812,2132,20231009,499.0,Success,UPI
9970,2812,2132,20231108,499.0,Success,UPI
9971,2812,2132,20231208,499.0,Success,Credit Card
9972,2812,2132,20240107,499.0,Success,Wallet
9973,2812,2132,20240206,499.0,Success,Debit Card
9974,2812,2132,20240307,499.0,Success,Debit Card
9975,2813,2132,20240417,499.0,Failed,Wallet
9976,2813,2132,20240517,499.0,Success,Credit Card
9977,2813,2132,20240616,499.0,Success,Credit Card
9978,2814,2132,20240804,799.0,Success,Debit Card
9979,2815,2133,20230922,499.0,Success,PayPal
9980,2816,2133,20231022,499.0,Success,Debit Card
9981,2816,2133,20231121,499.0,Success,UPI
9982,2816,2133,20231221,499.0,Success,UPI
9983,2816,2133,20240120,499.0,Success,PayPal
9984,2816,2133,20240219,499.0,Success,Wallet
9985,2816,2133,20240320,499.0,Failed,Debit Card
9986,2816,2133,20240419,499.0,Success,Wallet
9987,2816,2133,20240519,499.0,Success,PayPal
9988,2816,2133,20240618,499.0,Success,UPI
9989,2816,2133,20240718,499.0,Success,Wallet
9990,2816,2133,20240817,499.0,Success,Credit Card
9991,2816,2133,20240916,499.0,Success,UPI
9992,2817,2134,20230223,199.0,Success,UPI
9993,2817,2134,20230325,199.0,Success,Wallet
9994,2817,2134,20230424,199.0,Success,Wallet
9995,2818,2135,20230831,149.0,Success,UPI
9996,2819,2136,20230428,799.0,Failed,Credit Card
9997,2820,2136,20230530,149.0,Success,Credit Card
9998,2820,2136,20230629,149.0,Success,Wallet
9999,2820,2136,20230729,149.0,Success,UPI
10000,2820,2136,20230828,149.0,Success,PayPal
10001,2820,2136,20230927,149.0,Success,UPI
10002,2820,2136,20231027,149.0,Success,Wallet
10003,2821,2137,20240221,499.0,Success,UPI
10004,2821,2137,20240322,499.0,Success,PayPal
10005,2821,2137,20240421,499.0,Success,Debit Card
10006,2821,2137,20240521,499.0,Success,Wallet
10007,2821,2137,20240620,499.0,Success,Debit Card
10008,2821,2137,20240720,499.0,Success,UPI
10009,2821,2137,20240819,499.0,Success,Wallet
10010,2821,2137,20240918,499.0,Success,Wallet
10011,2821,2137,20241018,499.0,Success,PayPal
10012,2821,2137,20241117,499.0,Success,Wallet
10013,2822,2138,20230828,799.0,Success,Credit Card
10014,2822,2138,20230927,799.0,Success,PayPal
10015,2822,2138,20231027,799.0,Success,Debit Card
10016,2822,2138,20231126,-799.0,Refunded,PayPal
10017,2822,2138,20231226,799.0,Success,PayPal
10018,2822,2138,20240125,799.0,Success,PayPal
10019,2823,2138,20240311,799.0,Success,PayPal
10020,2824,2139,20241122,199.0,Success,UPI
10021,2825,2140,20230509,499.0,Success,Wallet
10022,2826,2140,20230623,499.0,Success,PayPal
10023,2826,2140,20230723,499.0,Success,Debit Card
10024,2826,2140,20230822,499.0,Success,PayPal
10025,2827,2140,20231008,149.0,Success,Wallet
10026,2827,2140,20231107,149.0,Success,Credit Card
10027,2827,2140,20231207,149.0,Success,UPI
10028,2827,2140,20240106,149.0,Success,Debit Card
10029,2827,2140,20240205,149.0,Success,UPI
10030,2827,2140,20240306,149.0,Success,Debit Card
10031,2828,2141,20241013,499.0,Success,UPI
10032,2829,2142,20240118,499.0,Success,Credit Card
10033,2830,2142,20240304,799.0,Success,Wallet
10034,2831,2143,20240704,199.0,Success,Credit Card
10035,2831,2143,20240803,199.0,Success,Wallet
10036,2831,2143,20240902,199.0,Success,PayPal
10037,2832,2144,20230212,149.0,Success,Credit Card
10038,2832,2144,20230314,149.0,Success,PayPal
10039,2832,2144,20230413,149.0,Success,Debit Card
10040,2832,2144,20230513,149.0,Success,Wallet
10041,2832,2144,20230612,149.0,Success,Wallet
10042,2832,2144,20230712,149.0,Success,PayPal
10043,2832,2144,20230811,149.0,Success,UPI
10044,2832,2144,20230910,-149.0,Refunded,PayPal
10045,2832,2144,20231010,149.0,Success,PayPal
10046,2832,2144,20231109,149.0,Success,PayPal
10047,2832,2144,20231209,149.0,Success,PayPal
10048,2832,2144,20240108,149.0,Success,PayPal
10049,2833,2145,20240927,199.0,Success,PayPal
10050,2833,2145,20241027,-199.0,Refunded,Credit Card
10051,2833,2145,20241126,199.0,Success,Wallet
10052,2834,2146,20230303,499.0,Success,Credit Card
10053,2834,2146,20230402,499.0,Success,Wallet
10054,2834,2146,20230502,499.0,Success,Credit Card
10055,2834,2146,20230601,499.0,Success,Wallet
10056,2834,2146,20230701,499.0,Success,Debit Card
10057,2834,2146,20230731,499.0,Success,UPI
10058,2834,2146,20230830,499.0,Success,Debit Card
10059,2834,2146,20230929,499.0,Success,PayPal
10060,2834,2146,20231029,499.0,Success,UPI
10061,2834,2146,20231128,499.0,Success,Debit Card
10062,2834,2146,20231228,499.0,Success,UPI
10063,2834,2146,20240127,499.0,Success,Wallet
10064,2835,2147,20241127,199.0,Success,Wallet
10065,2836,2148,20230806,499.0,Success,Debit Card
10066,2836,2148,20230905,499.0,Success,Credit Card
10067,2836,2148,20231005,499.0,Success,PayPal
10068,2836,2148,20231104,499.0,Success,PayPal
10069,2836,2148,20231204,499.0,Success,Wallet
10070,2836,2148,20240103,499.0,Success,PayPal
10071,2836,2148,20240202,499.0,Success,Credit Card
10072,2836,2148,20240303,499.0,Success,Wallet
10073,2836,2148,20240402,499.0,Success,UPI
10074,2836,2148,20240502,499.0,Success,PayPal
10075,2836,2148,20240601,-499.0,Refunded,PayPal
10076,2836,2148,20240701,499.0,Success,UPI
10077,2837,2148,20240803,499.0,Success,Wallet
10078,2837,2148,20240902,499.0,Success,Credit Card
10079,2837,2148,20241002,499.0,Success,Credit Card
10080,2838,2149,20230615,199.0,Success,UPI
10081,2839,2150,20230402,799.0,Success,PayPal
10082,2839,2150,20230502,799.0,Success,Debit Card
10083,2839,2150,20230601,799.0,Success,Wallet
10084,2839,2150,20230701,799.0,Success,PayPal
10085,2839,2150,20230731,799.0,Success,PayPal
10086,2839,2150,20230830,799.0,Success,Credit Card
10087,2840,2150,20231003,499.0,Success,UPI
10088,2840,2150,20231102,499.0,Success,UPI
10089,2840,2150,20231202,499.0,Success,PayPal
10090,2841,2151,20240723,799.0,Success,PayPal
10091,2841,2151,20240822,799.0,Success,PayPal
10092,2841,2151,20240921,799.0,Success,Credit Card
10093,2841,2151,20241021,799.0,Success,UPI
10094,2841,2151,20241120,799.0,Success,Credit Card
10095,2842,2152,20240531,199.0,Success,UPI
10096,2843,2153,20241012,799.0,Success,PayPal
10097,2844,2153,20241120,149.0,Success,PayPal
10098,2845,2153,20241222,799.0,Success,Credit Card
10099,2846,2154,20231007,799.0,Success,Debit Card
10100,2847,2155,20230804,199.0,Success,UPI
10101,2847,2155,20230903,199.0,Success,Credit Card
10102,2847,2155,20231003,199.0,Success,Credit Card
10103,2847,2155,20231102,199.0,Success,UPI
10104,2847,2155,20231202,199.0,Success,UPI
10105,2847,2155,20240101,199.0,Success,UPI
10106,2848,2155,20240202,199.0,Success,UPI
10107,2849,2156,20241209,799.0,Success,Wallet
10108,2850,2157,20240502,799.0,Success,UPI
10109,2850,2157,20240601,799.0,Success,Credit Card
10110,2850,2157,20240701,799.0,Success,Wallet
10111,2850,2157,20240731,799.0,Success,Wallet
10112,2850,2157,20240830,799.0,Success,Wallet
10113,2850,2157,20240929,799.0,Success,UPI
10114,2851,2157,20241111,-499.0,Refunded,PayPal
10115,2852,2158,20240228,499.0,Success,UPI
10116,2852,2158,20240329,-499.0,Refunded,Debit Card
10117,2852,2158,20240428,499.0,Success,UPI
10118,2852,2158,20240528,499.0,Success,PayPal
10119,2852,2158,20240627,499.0,Success,Debit Card
10120,2852,2158,20240727,499.0,Success,PayPal
10121,2852,2158,20240826,499.0,Success,UPI
10122,2852,2158,20240925,499.0,Success,UPI
10123,2852,2158,20241025,-499.0,Refunded,Wallet
10124,2852,2158,20241124,499.0,Success,UPI
10125,2853,2159,20240207,799.0,Success,UPI
10126,2853,2159,20240308,799.0,Success,UPI
10127,2853,2159,20240407,799.0,Success,UPI
10128,2854,2160,20241028,199.0,Success,PayPal
10129,2855,2160,20241130,149.0,Success,PayPal
10130,2856,2161,20241118,499.0,Success,PayPal
10131,2857,2162,20240121,149.0,Success,Debit Card
10132,2857,2162,20240220,149.0,Success,Debit Card
10133,2857,2162,20240321,149.0,Success,UPI
10134,2857,2162,20240420,149.0,Success,UPI
10135,2857,2162,20240520,149.0,Failed,Debit Card
10136,2857,2162,20240619,149.0,Success,Credit Card
10137,2857,2162,20240719,149.0,Success,UPI
10138,2857,2162,20240818,149.0,Success,Credit Card
10139,2857,2162,20240917,149.0,Success,Wallet
10140,2857,2162,20241017,149.0,Success,UPI
10141,2857,2162,20241116,149.0,Success,Debit Card
10142,2858,2163,20241214,499.0,Success,Credit Card
10143,2859,2164,20230717,149.0,Success,PayPal
10144,2859,2164,20230816,149.0,Success,Debit Card
10145,2859,2164,20230915,149.0,Success,PayPal
10146,2860,2164,20231027,499.0,Success,PayPal
10147,2860,2164,20231126,499.0,Success,Debit Card
10148,2860,2164,20231226,499.0,Success,Wallet
10149,2860,2164,20240125,499.0,Success,Debit Card
10150,2860,2164,20240224,499.0,Success,PayPal
10151,2860,2164,20240325,499.0,Success,PayPal
10152,2861,2165,20231015,499.0,Success,Wallet
10153,2862,2165,20231204,-799.0,Refunded,UPI
10154,2862,2165,20240103,799.0,Success,Wallet
10155,2862,2165,20240202,799.0,Success,Wallet
10156,2862,2165,20240303,799.0,Success,PayPal
10157,2862,2165,20240402,799.0,Success,Credit Card
10158,2862,2165,20240502,799.0,Success,Wallet
10159,2863,2165,20240603,199.0,Success,Wallet
10160,2864,2166,20230403,799.0,Success,UPI
10161,2864,2166,20230503,799.0,Success,Debit Card
10162,2864,2166,20230602,799.0,Success,PayPal
10163,2864,2166,20230702,799.0,Success,PayPal
10164,2864,2166,20230801,799.0,Success,Credit Card
10165,2864,2166,20230831,799.0,Success,Debit Card
10166,2865,2167,20230815,199.0,Success,PayPal
10167,2866,2168,20230207,-149.0,Refunded,PayPal
10168,2866,2168,20230309,149.0,Success,Wallet
10169,2866,2168,20230408,149.0,Success,Wallet
10170,2867,2169,20240912,-799.0,Refunded,Credit Card
10171,2868,2170,20241015,799.0,Success,Debit Card
10172,2869,2171,20240527,799.0,Success,PayPal
10173,2869,2171,20240626,799.0,Success,PayPal
10174,2869,2171,20240726,799.0,Success,UPI
10175,2869,2171,20240825,799.0,Success,UPI
10176,2869,2171,20240924,799.0,Success,Wallet
10177,2869,2171,20241024,799.0,Success,Debit Card
10178,2869,2171,20241123,799.0,Success,Wallet
10179,2870,2172,20240802,499.0,Success,UPI
10180,2870,2172,20240901,499.0,Success,Debit Card
10181,2870,2172,20241001,499.0,Success,UPI
10182,2870,2172,20241031,499.0,Success,Credit Card
10183,2870,2172,20241130,499.0,Success,Credit Card
10184,2871,2173,20230308,799.0,Success,PayPal
10185,2871,2173,20230407,799.0,Success,Wallet
10186,2871,2173,20230507,799.0,Success,PayPal
10187,2871,2173,20230606,799.0,Success,Credit Card
10188,2871,2173,20230706,799.0,Success,PayPal
10189,2871,2173,20230805,799.0,Success,UPI
10190,2871,2173,20230904,799.0,Failed,Debit Card
10191,2871,2173,20231004,799.0,Success,PayPal
10192,2871,2173,20231103,799.0,Failed,PayPal
10193,2871,2173,20231203,799.0,Success,PayPal
10194,2871,2173,20240102,799.0,Success,Wallet
10195,2871,2173,20240201,799.0,Success,UPI
10196,2872,2174,20230923,799.0,Success,Debit Card
10197,2872,2174,20231023,799.0,Success,UPI
10198,2872,2174,20231122,799.0,Success,PayPal
10199,2873,2175,20231008,799.0,Success,Credit Card
10200,2874,2175,20231107,799.0,Success,PayPal
10201,2875,2176,20241210,799.0,Success,UPI
10202,2876,2177,20240727,199.0,Success,Wallet
10203,2877,2178,20241120,149.0,Success,Credit Card
10204,2878,2179,20240318,149.0,Failed,Wallet
10205,2878,2179,20240417,149.0,Success,Credit Card
10206,2878,2179,20240517,149.0,Success,PayPal
10207,2878,2179,20240616,149.0,Success,Debit Card
10208,2878,2179,20240716,149.0,Success,PayPal
10209,2878,2179,20240815,149.0,Success,Wallet
10210,2878,2179,20240914,149.0,Success,UPI
10211,2878,2179,20241014,149.0,Success,Credit Card
10212,2878,2179,20241113,149.0,Success,PayPal
10213,2879,2180,20240422,799.0,Success,Debit Card
10214,2879,2180,20240522,799.0,Success,UPI
10215,2879,2180,20240621,799.0,Success,Wallet
10216,2879,2180,20240721,799.0,Success,Debit Card
10217,2879,2180,20240820,799.0,Success,UPI
10218,2879,2180,20240919,799.0,Success,Credit Card
10219,2880,2180,20241107,499.0,Success,Credit Card
10220,2881,2180,20241208,149.0,Success,PayPal
10221,2882,2181,20230818,199.0,Success,Wallet
10222,2883,2182,20240404,149.0,Success,Credit Card
10223,2884,2183,20230325,799.0,Success,UPI
10224,2884,2183,20230424,799.0,Success,PayPal
10225,2884,2183,20230524,799.0,Success,Wallet
10226,2884,2183,20230623,799.0,Success,PayPal
10227,2884,2183,20230723,799.0,Success,Wallet
10228,2884,2183,20230822,799.0,Success,Credit Card
10229,2885,2183,20230923,199.0,Success,PayPal
10230,2886,2184,20230820,799.0,Success,Wallet
10231,2886,2184,20230919,799.0,Success,Wallet
10232,2886,2184,20231019,799.0,Success,Debit Card
10233,2886,2184,20231118,799.0,Success,Debit Card
10234,2886,2184,20231218,799.0,Success,Credit Card
10235,2886,2184,20240117,799.0,Success,PayPal
10236,2886,2184,20240216,799.0,Success,Credit Card
10237,2886,2184,20240317,799.0,Success,Credit Card
10238,2886,2184,20240416,799.0,Success,Wallet
10239,2886,2184,20240516,799.0,Success,Credit Card
10240,2886,2184,20240615,799.0,Success,Debit Card
10241,2886,2184,20240715,799.0,Success,Debit Card
10242,2887,2184,20240824,499.0,Success,UPI
10243,2887,2184,20240923,499.0,Success,Wallet
10244,2887,2184,20241023,499.0,Success,Credit Card
10245,2887,2184,20241122,499.0,Success,Debit Card
10246,2888,2185,20230913,799.0,Failed,Debit Card
10247,2889,2186,20241003,149.0,Success,PayPal
10248,2889,2186,20241102,149.0,Success,UPI
10249,2890,2187,20230125,499.0,Success,Debit Card
10250,2890,2187,20230224,499.0,Failed,Debit Card
10251,2890,2187,20230326,499.0,Success,PayPal
10252,2891,2188,20230914,799.0,Success,Wallet
10253,2892,2189,20231215,199.0,Success,Debit Card
10254,2892,2189,20240114,199.0,Success,UPI
10255,2892,2189,20240213,199.0,Success,Wallet
10256,2892,2189,20240314,199.0,Success,UPI
10257,2892,2189,20240413,199.0,Success,Credit Card
10258,2892,2189,20240513,199.0,Success,Wallet
10259,2892,2189,20240612,199.0,Success,Credit Card
10260,2892,2189,20240712,199.0,Success,Credit Card
10261,2892,2189,20240811,199.0,Success,PayPal
10262,2892,2189,20240910,199.0,Success,Wallet
10263,2892,2189,20241010,199.0,Success,UPI
10264,2892,2189,20241109,199.0,Success,Wallet
10265,2893,2190,20230831,149.0,Success,Wallet
10266,2894,2191,20230408,149.0,Success,Credit Card
10267,2894,2191,20230508,149.0,Success,Credit Card
10268,2894,2191,20230607,149.0,Success,Debit Card
10269,2894,2191,20230707,149.0,Success,Wallet
10270,2894,2191,20230806,149.0,Success,UPI
10271,2894,2191,20230905,149.0,Success,PayPal
10272,2894,2191,20231005,149.0,Success,UPI
10273,2894,2191,20231104,149.0,Success,Credit Card
10274,2894,2191,20231204,149.0,Success,Debit Card
10275,2894,2191,20240103,149.0,Success,Credit Card
10276,2894,2191,20240202,149.0,Success,Credit Card
10277,2894,2191,20240303,149.0,Success,Wallet
10278,2895,2192,20230304,149.0,Success,Debit Card
10279,2896,2192,20230408,799.0,Success,Wallet
10280,2896,2192,20230508,799.0,Success,PayPal
10281,2896,2192,20230607,799.0,Success,Wallet
10282,2896,2192,20230707,799.0,Success,Credit Card
10283,2896,2192,20230806,799.0,Success,UPI
10284,2896,2192,20230905,799.0,Success,PayPal
10285,2896,2192,20231005,799.0,Success,UPI
10286,2896,2192,20231104,799.0,Success,Wallet
10287,2896,2192,20231204,799.0,Failed,UPI
10288,2896,2192,20240103,799.0,Success,Credit Card
10289,2896,2192,20240202,799.0,Success,Credit Card
10290,2896,2192,20240303,799.0,Success,Debit Card
10291,2897,2192,20240407,499.0,Success,Credit Card
10292,2897,2192,20240507,499.0,Success,Debit Card
10293,2897,2192,20240606,499.0,Success,Debit Card
10294,2897,2192,20240706,499.0,Success,Wallet
10295,2897,2192,20240805,499.0,Success,Credit Card
10296,2897,2192,20240904,499.0,Success,UPI
10297,2897,2192,20241004,499.0,Success,Wallet
10298,2897,2192,20241103,499.0,Success,PayPal
10299,2898,2193,20241211,499.0,Success,PayPal
10300,2899,2194,20240328,799.0,Success,PayPal
10301,2899,2194,20240427,799.0,Failed,Wallet
10302,2899,2194,20240527,799.0,Success,UPI
10303,2899,2194,20240626,799.0,Success,Debit Card
10304,2899,2194,20240726,799.0,Success,Debit Card
10305,2899,2194,20240825,799.0,Success,Wallet
10306,2900,2195,20230309,149.0,Success,UPI
10307,2900,2195,20230408,149.0,Success,Debit Card
10308,2900,2195,20230508,149.0,Success,Wallet
10309,2900,2195,20230607,149.0,Success,Debit Card
10310,2900,2195,20230707,149.0,Success,PayPal
10311,2900,2195,20230806,149.0,Success,UPI
10312,2901,2196,20231029,149.0,Success,UPI
10313,2901,2196,20231128,149.0,Success,Debit Card
10314,2901,2196,20231228,149.0,Success,Wallet
10315,2902,2196,20240213,499.0,Success,Wallet
10316,2902,2196,20240314,499.0,Success,UPI
10317,2902,2196,20240413,499.0,Success,PayPal
10318,2902,2196,20240513,499.0,Success,Debit Card
10319,2902,2196,20240612,499.0,Failed,PayPal
10320,2902,2196,20240712,499.0,Success,PayPal
10321,2903,2197,20240225,799.0,Success,Debit Card
10322,2903,2197,20240326,799.0,Success,UPI
10323,2903,2197,20240425,-799.0,Refunded,Wallet
10324,2903,2197,20240525,799.0,Success,UPI
10325,2903,2197,20240624,799.0,Success,Credit Card
10326,2903,2197,20240724,799.0,Success,Debit Card
10327,2903,2197,20240823,799.0,Failed,Credit Card
10328,2903,2197,20240922,799.0,Failed,Debit Card
10329,2903,2197,20241022,799.0,Success,PayPal
10330,2903,2197,20241121,799.0,Success,PayPal
10331,2904,2198,20240930,199.0,Success,Debit Card
10332,2905,2198,20241105,199.0,Success,Credit Card
10333,2906,2199,20240314,499.0,Success,PayPal
10334,2906,2199,20240413,499.0,Success,Wallet
10335,2906,2199,20240513,499.0,Success,Debit Card
10336,2906,2199,20240612,499.0,Success,Credit Card
10337,2906,2199,20240712,499.0,Success,PayPal
10338,2906,2199,20240811,499.0,Success,Debit Card
10339,2906,2199,20240910,499.0,Success,UPI
10340,2906,2199,20241010,499.0,Success,Credit Card
10341,2906,2199,20241109,499.0,Success,UPI
10342,2907,2200,20241122,799.0,Success,UPI
10343,2908,2201,20230717,199.0,Success,Debit Card
10344,2909,2201,20230825,149.0,Success,Debit Card
10345,2910,2201,20231004,199.0,Success,PayPal
10346,2911,2202,20230311,799.0,Success,PayPal
10347,2911,2202,20230410,799.0,Success,Wallet
10348,2911,2202,20230510,799.0,Success,Wallet
10349,2912,2202,20230628,149.0,Success,Debit Card
10350,2912,2202,20230728,149.0,Success,UPI
10351,2912,2202,20230827,149.0,Success,UPI
10352,2913,2203,20240809,149.0,Failed,Wallet
10353,2913,2203,20240908,149.0,Success,Debit Card
10354,2913,2203,20241008,149.0,Success,PayPal
10355,2914,2204,20240307,149.0,Success,Debit Card
10356,2915,2205,20230906,499.0,Success,PayPal
10357,2915,2205,20231006,499.0,Success,Wallet
10358,2915,2205,20231105,499.0,Success,PayPal
10359,2916,2206,20231116,199.0,Success,PayPal
10360,2916,2206,20231216,199.0,Success,Wallet
10361,2916,2206,20240115,199.0,Success,Debit Card
10362,2916,2206,20240214,199.0,Success,Wallet
10363,2916,2206,20240315,199.0,Success,Wallet
10364,2916,2206,20240414,199.0,Success,Wallet
10365,2917,2207,20240102,799.0,Success,UPI
10366,2917,2207,20240201,799.0,Success,Wallet
10367,2917,2207,20240302,799.0,Success,Credit Card
10368,2917,2207,20240401,799.0,Success,Debit Card
10369,2917,2207,20240501,799.0,Success,Wallet
10370,2917,2207,20240531,799.0,Success,PayPal
10371,2917,2207,20240630,799.0,Success,PayPal
10372,2917,2207,20240730,799.0,Success,Debit Card
10373,2917,2207,20240829,799.0,Success,Wallet
10374,2917,2207,20240928,799.0,Success,PayPal
10375,2917,2207,20241028,799.0,Success,PayPal
10376,2917,2207,20241127,799.0,Success,UPI
10377,2918,2208,20230530,799.0,Success,PayPal
10378,2919,2209,20231026,799.0,Success,Wallet
10379,2919,2209,20231125,799.0,Success,PayPal
10380,2919,2209,20231225,799.0,Success,Wallet
10381,2919,2209,20240124,799.0,Success,Credit Card
10382,2919,2209,20240223,799.0,Success,Credit Card
10383,2919,2209,20240324,799.0,Success,UPI
10384,2919,2209,20240423,799.0,Failed,Credit Card
10385,2919,2209,20240523,799.0,Success,PayPal
10386,2919,2209,20240622,799.0,Success,PayPal
10387,2919,2209,20240722,799.0,Success,Debit Card
10388,2919,2209,20240821,799.0,Success,Wallet
10389,2919,2209,20240920,799.0,Success,PayPal
10390,2920,2209,20241101,149.0,Success,Wallet
10391,2920,2209,20241201,149.0,Success,PayPal
10392,2921,2210,20241104,799.0,Success,UPI
10393,2922,2211,20240726,199.0,Success,Debit Card
10394,2922,2211,20240825,199.0,Success,UPI
10395,2922,2211,20240924,199.0,Success,Credit Card
10396,2923,2211,20241030,499.0,Success,UPI
10397,2923,2211,20241129,499.0,Success,PayPal
10398,2924,2212,20230725,499.0,Success,Debit Card
10399,2924,2212,20230824,499.0,Success,Credit Card
10400,2924,2212,20230923,499.0,Success,Wallet
10401,2924,2212,20231023,499.0,Success,Credit Card
10402,2924,2212,20231122,499.0,Success,Debit Card
10403,2924,2212,20231222,499.0,Success,Credit Card
10404,2925,2212,20240201,149.0,Success,UPI
10405,2925,2212,20240302,149.0,Success,Credit Card
10406,2925,2212,20240401,149.0,Success,UPI
10407,2925,2212,20240501,149.0,Success,Credit Card
10408,2925,2212,20240531,149.0,Success,Credit Card
10409,2925,2212,20240630,149.0,Success,PayPal
10410,2926,2213,20231216,799.0,Success,Credit Card
10411,2926,2213,20240115,799.0,Success,Wallet
10412,2926,2213,20240214,799.0,Success,Credit Card
10413,2927,2213,20240315,799.0,Success,Debit Card
10414,2928,2213,20240426,199.0,Success,Wallet
10415,2928,2213,20240526,199.0,Failed,UPI
10416,2928,2213,20240625,199.0,Success,Debit Card
10417,2928,2213,20240725,199.0,Success,Debit Card
10418,2928,2213,20240824,199.0,Success,PayPal
10419,2928,2213,20240923,199.0,Success,Credit Card
10420,2928,2213,20241023,199.0,Success,Debit Card
10421,2928,2213,20241122,199.0,Success,PayPal
10422,2929,2214,20240423,149.0,Success,UPI
10423,2930,2214,20240524,-799.0,Refunded,PayPal
10424,2931,2214,20240702,199.0,Success,Wallet
10425,2932,2215,20240802,799.0,Success,Credit Card
10426,2932,2215,20240901,799.0,Success,UPI
10427,2932,2215,20241001,799.0,Success,Wallet
10428,2932,2215,20241031,799.0,Success,PayPal
10429,2932,2215,20241130,799.0,Success,Debit Card
10430,2933,2216,20230616,499.0,Success,UPI
10431,2933,2216,20230716,499.0,Success,UPI
10432,2933,2216,20230815,499.0,Success,Credit Card
10433,2933,2216,20230914,499.0,Success,Credit Card
10434,2933,2216,20231014,499.0,Success,Wallet
10435,2933,2216,20231113,499.0,Success,Debit Card
10436,2933,2216,20231213,499.0,Success,UPI
10437,2933,2216,20240112,499.0,Success,Debit Card
10438,2933,2216,20240211,499.0,Failed,Credit Card
10439,2933,2216,20240312,499.0,Success,Credit Card
10440,2933,2216,20240411,499.0,Success,Credit Card
10441,2933,2216,20240511,499.0,Success,Credit Card
10442,2934,2217,20230213,799.0,Success,UPI
10443,2934,2217,20230315,799.0,Success,Wallet
10444,2934,2217,20230414,799.0,Success,UPI
10445,2935,2218,20230817,499.0,Success,UPI
10446,2935,2218,20230916,499.0,Success,PayPal
10447,2935,2218,20231016,499.0,Success,PayPal
10448,2935,2218,20231115,499.0,Success,Debit Card
10449,2935,2218,20231215,499.0,Success,Credit Card
10450,2935,2218,20240114,499.0,Success,Debit Card
10451,2935,2218,20240213,499.0,Success,PayPal
10452,2935,2218,20240314,499.0,Success,Credit Card
10453,2935,2218,20240413,499.0,Success,Credit Card
10454,2935,2218,20240513,499.0,Success,Credit Card
10455,2935,2218,20240612,499.0,Success,PayPal
10456,2935,2218,20240712,499.0,Success,UPI
10457,2936,2219,20230902,799.0,Success,Wallet
10458,2936,2219,20231002,799.0,Success,Debit Card
10459,2936,2219,20231101,799.0,Success,Credit Card
10460,2937,2219,20231203,499.0,Success,PayPal
10461,2937,2219,20240102,499.0,Success,UPI
10462,2937,2219,20240201,499.0,Success,PayPal
10463,2937,2219,20240302,499.0,Success,Credit Card
10464,2937,2219,20240401,499.0,Success,PayPal
10465,2937,2219,20240501,499.0,Success,Debit Card
10466,2938,2220,20231206,799.0,Success,Credit Card
10467,2938,2220,20240105,799.0,Success,Debit Card
10468,2938,2220,20240204,799.0,Success,Credit Card
10469,2938,2220,20240305,799.0,Success,PayPal
10470,2938,2220,20240404,799.0,Success,Debit Card
10471,2938,2220,20240504,799.0,Success,PayPal
10472,2939,2220,20240619,799.0,Failed,Debit Card
10473,2939,2220,20240719,799.0,Success,Debit Card
10474,2939,2220,20240818,799.0,Success,Wallet
10475,2940,2221,20230107,199.0,Success,PayPal
10476,2940,2221,20230206,199.0,Success,Credit Card
10477,2940,2221,20230308,199.0,Success,Credit Card
10478,2940,2221,20230407,199.0,Success,Credit Card
10479,2940,2221,20230507,199.0,Success,Credit Card
10480,2940,2221,20230606,199.0,Success,UPI
10481,2941,2221,20230708,199.0,Success,Wallet
10482,2941,2221,20230807,199.0,Success,Debit Card
10483,2941,2221,20230906,199.0,Success,PayPal
10484,2941,2221,20231006,199.0,Success,Debit Card
10485,2941,2221,20231105,199.0,Success,Credit Card
10486,2941,2221,20231205,199.0,Success,Wallet
10487,2941,2221,20240104,199.0,Success,Wallet
10488,2941,2221,20240203,199.0,Failed,Debit Card
10489,2941,2221,20240304,199.0,Success,Debit Card
10490,2941,2221,20240403,199.0,Success,UPI
10491,2941,2221,20240503,199.0,Success,Credit Card
10492,2941,2221,20240602,199.0,Success,Credit Card
10493,2942,2222,20240722,799.0,Success,PayPal
10494,2943,2223,20241008,499.0,Success,Credit Card
10495,2943,2223,20241107,499.0,Success,Debit Card
10496,2944,2224,20230131,499.0,Success,Wallet
10497,2944,2224,20230302,499.0,Success,PayPal
10498,2944,2224,20230401,499.0,Failed,UPI
10499,2944,2224,20230501,499.0,Success,UPI
10500,2944,2224,20230531,499.0,Success,Wallet
10501,2944,2224,20230630,499.0,Success,PayPal
10502,2944,2224,20230730,499.0,Success,PayPal
10503,2944,2224,20230829,499.0,Success,Credit Card
10504,2944,2224,20230928,499.0,Success,Debit Card
10505,2944,2224,20231028,499.0,Success,UPI
10506,2944,2224,20231127,499.0,Success,Credit Card
10507,2944,2224,20231227,499.0,Success,UPI
10508,2945,2225,20230926,799.0,Success,Debit Card
10509,2945,2225,20231026,799.0,Success,UPI
10510,2945,2225,20231125,799.0,Success,Wallet
10511,2945,2225,20231225,799.0,Success,Credit Card
10512,2945,2225,20240124,799.0,Success,UPI
10513,2945,2225,20240223,799.0,Success,PayPal
10514,2945,2225,20240324,799.0,Success,Credit Card
10515,2945,2225,20240423,799.0,Success,Credit Card
10516,2945,2225,20240523,799.0,Success,Wallet
10517,2945,2225,20240622,799.0,Success,Credit Card
10518,2945,2225,20240722,799.0,Success,Credit Card
10519,2945,2225,20240821,799.0,Success,UPI
10520,2946,2226,20230909,799.0,Success,UPI
10521,2946,2226,20231009,799.0,Success,Credit Card
10522,2946,2226,20231108,799.0,Failed,Credit Card
10523,2946,2226,20231208,799.0,Success,UPI
10524,2946,2226,20240107,799.0,Success,Debit Card
10525,2946,2226,20240206,799.0,Success,Credit Card
10526,2947,2227,20230926,149.0,Success,Credit Card
10527,2948,2228,20240124,499.0,Success,Wallet
10528,2948,2228,20240223,499.0,Success,UPI
10529,2948,2228,20240324,499.0,Success,Wallet
10530,2949,2228,20240506,149.0,Success,PayPal
10531,2949,2228,20240605,149.0,Success,Credit Card
10532,2949,2228,20240705,149.0,Success,Debit Card
10533,2949,2228,20240804,149.0,Success,PayPal
10534,2949,2228,20240903,149.0,Success,PayPal
10535,2949,2228,20241003,149.0,Success,Wallet
10536,2950,2229,20230804,499.0,Success,Debit Card
10537,2951,2230,20240117,199.0,Success,UPI
10538,2951,2230,20240216,199.0,Success,PayPal
10539,2951,2230,20240317,199.0,Success,PayPal
10540,2951,2230,20240416,199.0,Success,Wallet
10541,2951,2230,20240516,199.0,Success,PayPal
10542,2951,2230,20240615,199.0,Success,PayPal
10543,2952,2231,20240930,799.0,Success,Credit Card
10544,2953,2231,20241110,149.0,Success,UPI
10545,2954,2232,20230528,199.0,Success,UPI
10546,2955,2233,20240123,149.0,Success,Wallet
10547,2956,2234,20241013,499.0,Success,UPI
10548,2957,2235,20240824,149.0,Success,PayPal
10549,2958,2236,20230602,799.0,Success,Debit Card
10550,2958,2236,20230702,799.0,Success,UPI
10551,2958,2236,20230801,799.0,Success,PayPal
10552,2958,2236,20230831,799.0,Success,UPI
10553,2958,2236,20230930,799.0,Success,Credit Card
10554,2958,2236,20231030,799.0,Success,UPI
10555,2959,2237,20231014,149.0,Success,Debit Card
10556,2959,2237,20231113,149.0,Success,Debit Card
10557,2959,2237,20231213,149.0,Success,UPI
10558,2960,2238,20240515,149.0,Success,PayPal
10559,2961,2239,20241110,499.0,Success,UPI
10560,2962,2240,20241022,199.0,Success,Credit Card
10561,2962,2240,20241121,199.0,Success,PayPal
10562,2963,2241,20230703,799.0,Success,Wallet
10563,2963,2241,20230802,799.0,Success,UPI
10564,2963,2241,20230901,799.0,Success,Wallet
10565,2963,2241,20231001,799.0,Success,PayPal
10566,2963,2241,20231031,799.0,Success,Credit Card
10567,2963,2241,20231130,799.0,Success,PayPal
10568,2964,2241,20240115,199.0,Success,UPI
10569,2964,2241,20240214,199.0,Success,UPI
10570,2964,2241,20240315,199.0,Success,Credit Card
10571,2964,2241,20240414,199.0,Success,Wallet
10572,2964,2241,20240514,199.0,Success,Debit Card
10573,2964,2241,20240613,199.0,Success,PayPal
10574,2965,2242,20240509,799.0,Success,PayPal
10575,2966,2243,20240818,499.0,Success,Credit Card
10576,2966,2243,20240917,499.0,Success,Credit Card
10577,2966,2243,20241017,499.0,Success,UPI
10578,2967,2243,20241125,199.0,Success,Wallet
10579,2968,2244,20241027,149.0,Success,Wallet
10580,2969,2245,20240407,499.0,Success,Credit Card
10581,2969,2245,20240507,499.0,Success,PayPal
10582,2969,2245,20240606,499.0,Success,Credit Card
10583,2970,2246,20240122,799.0,Success,UPI
10584,2971,2246,20240227,149.0,Success,Wallet
10585,2971,2246,20240328,149.0,Success,Credit Card
10586,2971,2246,20240427,149.0,Success,Credit Card
10587,2972,2247,20230918,199.0,Success,Wallet
10588,2973,2248,20231030,199.0,Success,PayPal
10589,2973,2248,20231129,199.0,Success,UPI
10590,2973,2248,20231229,199.0,Success,UPI
10591,2973,2248,20240128,199.0,Success,PayPal
10592,2973,2248,20240227,199.0,Success,Credit Card
10593,2973,2248,20240328,199.0,Success,Wallet
10594,2974,2249,20230212,199.0,Success,Debit Card
10595,2974,2249,20230314,199.0,Success,PayPal
10596,2974,2249,20230413,199.0,Success,PayPal
10597,2974,2249,20230513,199.0,Success,Wallet
10598,2974,2249,20230612,199.0,Success,PayPal
10599,2974,2249,20230712,199.0,Success,UPI
10600,2975,2249,20230823,149.0,Success,Credit Card
10601,2975,2249,20230922,149.0,Success,UPI
10602,2975,2249,20231022,149.0,Success,UPI
10603,2975,2249,20231121,149.0,Success,UPI
10604,2975,2249,20231221,149.0,Success,Credit Card
10605,2975,2249,20240120,149.0,Success,UPI
10606,2975,2249,20240219,149.0,Success,UPI
10607,2975,2249,20240320,149.0,Success,Debit Card
10608,2975,2249,20240419,149.0,Success,Wallet
10609,2975,2249,20240519,149.0,Success,UPI
10610,2975,2249,20240618,149.0,Success,Debit Card
10611,2975,2249,20240718,149.0,Success,PayPal
10612,2976,2250,20240406,149.0,Success,PayPal
10613,2976,2250,20240506,-149.0,Refunded,Credit Card
10614,2976,2250,20240605,149.0,Success,Wallet
10615,2976,2250,20240705,149.0,Success,Wallet
10616,2976,2250,20240804,149.0,Success,Credit Card
10617,2976,2250,20240903,149.0,Success,UPI
10618,2976,2250,20241003,149.0,Success,Credit Card
10619,2976,2250,20241102,149.0,Success,Credit Card
10620,2977,2251,20240524,799.0,Success,UPI
10621,2977,2251,20240623,799.0,Success,Credit Card
10622,2977,2251,20240723,-799.0,Refunded,Debit Card
10623,2978,2251,20240903,499.0,Success,PayPal
10624,2979,2252,20240328,149.0,Success,Wallet
10625,2979,2252,20240427,149.0,Success,PayPal
10626,2979,2252,20240527,149.0,Success,Debit Card
10627,2979,2252,20240626,149.0,Success,PayPal
10628,2979,2252,20240726,149.0,Success,Wallet
10629,2979,2252,20240825,149.0,Success,UPI
10630,2980,2252,20241001,799.0,Success,Wallet
10631,2981,2252,20241115,499.0,Success,PayPal
10632,2982,2253,20230326,149.0,Success,Credit Card
10633,2983,2254,20241021,499.0,Success,UPI
10634,2983,2254,20241120,499.0,Success,Debit Card
10635,2984,2255,20230411,799.0,Success,UPI
10636,2985,2256,20230725,799.0,Success,Credit Card
10637,2986,2256,20230907,799.0,Success,PayPal
10638,2987,2256,20231016,499.0,Success,Wallet
10639,2987,2256,20231115,499.0,Success,Wallet
10640,2987,2256,20231215,499.0,Failed,Credit Card
10641,2987,2256,20240114,499.0,Success,UPI
10642,2987,2256,20240213,499.0,Success,Debit Card
10643,2987,2256,20240314,499.0,Success,Credit Card
10644,2988,2257,20231106,799.0,Success,PayPal
10645,2988,2257,20231206,799.0,Failed,PayPal
10646,2988,2257,20240105,799.0,Success,Wallet
10647,2988,2257,20240204,799.0,Success,Credit Card
10648,2988,2257,20240305,799.0,Success,PayPal
10649,2988,2257,20240404,799.0,Success,Credit Card
10650,2989,2257,20240522,149.0,Success,Credit Card
10651,2989,2257,20240621,149.0,Success,PayPal
10652,2989,2257,20240721,149.0,Success,Wallet
10653,2989,2257,20240820,149.0,Success,Credit Card
10654,2989,2257,20240919,149.0,Success,UPI
10655,2989,2257,20241019,149.0,Success,Debit Card
10656,2990,2258,20231009,199.0,Success,PayPal
10657,2991,2258,20231108,199.0,Success,UPI
10658,2991,2258,20231208,199.0,Success,Wallet
10659,2991,2258,20240107,199.0,Success,PayPal
10660,2991,2258,20240206,199.0,Success,Debit Card
10661,2991,2258,20240307,199.0,Success,Debit Card
10662,2991,2258,20240406,199.0,Success,Wallet
10663,2992,2258,20240513,799.0,Success,PayPal
10664,2992,2258,20240612,799.0,Success,PayPal
10665,2992,2258,20240712,799.0,Success,PayPal
10666,2992,2258,20240811,799.0,Success,Credit Card
10667,2992,2258,20240910,799.0,Success,Credit Card
10668,2992,2258,20241010,799.0,Success,UPI
10669,2993,2259,20240710,149.0,Success,UPI
10670,2994,2260,20231221,499.0,Success,Credit Card
10671,2995,2260,20240703,799.0,Success,PayPal
10672,2996,2261,20241102,199.0,Success,Credit Card
10673,2997,2262,20230602,499.0,Success,UPI
10674,2998,2263,20230803,149.0,Success,Credit Card
10675,2999,2263,20230920,149.0,Success,Credit Card
10676,2999,2263,20231020,149.0,Success,PayPal
10677,2999,2263,20231119,149.0,Success,PayPal
10678,2999,2263,20231219,149.0,Success,Credit Card
10679,2999,2263,20240118,149.0,Success,Credit Card
10680,2999,2263,20240217,149.0,Success,PayPal
10681,2999,2263,20240318,149.0,Success,UPI
10682,2999,2263,20240417,149.0,Success,Credit Card
10683,2999,2263,20240517,149.0,Success,Wallet
10684,2999,2263,20240616,149.0,Success,Credit Card
10685,2999,2263,20240716,149.0,Success,Credit Card
10686,2999,2263,20240815,149.0,Success,PayPal
10687,3000,2263,20240918,799.0,Success,PayPal
10688,3000,2263,20241018,799.0,Success,Wallet
10689,3000,2263,20241117,799.0,Success,UPI
10690,3001,2264,20240719,149.0,Success,Debit Card
10691,3001,2264,20240818,149.0,Failed,Wallet
10692,3001,2264,20240917,149.0,Success,UPI
10693,3002,2265,20230329,499.0,Success,UPI
10694,3003,2265,20230508,799.0,Success,UPI
10695,3003,2265,20230607,799.0,Success,PayPal
10696,3003,2265,20230707,-799.0,Refunded,PayPal
10697,3004,2265,20230809,199.0,Success,Credit Card
10698,3004,2265,20230908,199.0,Success,Wallet
10699,3004,2265,20231008,199.0,Success,PayPal
10700,3004,2265,20231107,199.0,Success,PayPal
10701,3004,2265,20231207,199.0,Success,PayPal
10702,3004,2265,20240106,199.0,Success,Credit Card
10703,3004,2265,20240205,199.0,Success,PayPal
10704,3004,2265,20240306,199.0,Success,PayPal
10705,3004,2265,20240405,199.0,Success,PayPal
10706,3004,2265,20240505,199.0,Success,Debit Card
10707,3004,2265,20240604,199.0,Success,Credit Card
10708,3004,2265,20240704,199.0,Success,Wallet
10709,3005,2266,20241215,199.0,Success,Debit Card
10710,3006,2267,20240725,199.0,Success,Debit Card
10711,3006,2267,20240824,199.0,Success,Wallet
10712,3006,2267,20240923,199.0,Success,Debit Card
10713,3007,2267,20241029,199.0,Success,UPI
10714,3007,2267,20241128,199.0,Success,Wallet
10715,3008,2268,20230512,799.0,Success,Credit Card
10716,3009,2269,20241105,199.0,Success,UPI
10717,3010,2270,20241203,199.0,Success,Debit Card
10718,3011,2271,20231103,799.0,Success,Credit Card
10719,3011,2271,20231203,799.0,Success,Wallet
10720,3011,2271,20240102,799.0,Success,Debit Card
10721,3012,2272,20230202,499.0,Success,Credit Card
10722,3012,2272,20230304,499.0,Success,UPI
10723,3012,2272,20230403,499.0,Success,Debit Card
10724,3012,2272,20230503,499.0,Success,PayPal
10725,3012,2272,20230602,499.0,Success,Debit Card
10726,3012,2272,20230702,499.0,Success,UPI
10727,3013,2273,20231205,499.0,Success,Wallet
10728,3014,2273,20240116,799.0,Success,PayPal
10729,3014,2273,20240215,799.0,Success,Wallet
10730,3014,2273,20240316,799.0,Success,Debit Card
10731,3014,2273,20240415,799.0,Success,Debit Card
10732,3014,2273,20240515,799.0,Success,PayPal
10733,3014,2273,20240614,799.0,Success,PayPal
10734,3015,2274,20240914,199.0,Success,UPI
10735,3015,2274,20241014,199.0,Success,Credit Card
10736,3015,2274,20241113,199.0,Success,Wallet
10737,3016,2275,20230729,499.0,Success,Wallet
10738,3016,2275,20230828,499.0,Success,Credit Card
10739,3016,2275,20230927,499.0,Success,Debit Card
10740,3016,2275,20231027,499.0,Success,Credit Card
10741,3016,2275,20231126,499.0,Success,UPI
10742,3016,2275,20231226,499.0,Success,Wallet
10743,3017,2276,20240501,149.0,Success,Wallet
10744,3018,2277,20241016,149.0,Success,UPI
10745,3019,2278,20240720,199.0,Success,UPI
10746,3019,2278,20240819,199.0,Success,PayPal
10747,3019,2278,20240918,199.0,Success,PayPal
10748,3019,2278,20241018,199.0,Success,Wallet
10749,3019,2278,20241117,199.0,Failed,Wallet
10750,3020,2279,20240515,499.0,Success,Wallet
10751,3021,2279,20240619,149.0,Success,Credit Card
10752,3021,2279,20240719,149.0,Success,Credit Card
10753,3021,2279,20240818,149.0,Success,Debit Card
10754,3022,2280,20240131,149.0,Success,Debit Card
10755,3022,2280,20240301,149.0,Success,UPI
10756,3022,2280,20240331,149.0,Success,PayPal
10757,3022,2280,20240430,149.0,Success,Debit Card
10758,3022,2280,20240530,149.0,Success,Credit Card
10759,3022,2280,20240629,149.0,Success,Wallet
10760,3023,2281,20240620,499.0,Success,Debit Card
10761,3023,2281,20240720,499.0,Success,PayPal
10762,3023,2281,20240819,499.0,Success,Credit Card
10763,3023,2281,20240918,499.0,Failed,Credit Card
10764,3023,2281,20241018,499.0,Success,Wallet
10765,3023,2281,20241117,499.0,Success,Wallet
10766,3024,2282,20230112,199.0,Success,Credit Card
10767,3024,2282,20230211,199.0,Success,Debit Card
10768,3024,2282,20230313,199.0,Success,UPI
10769,3024,2282,20230412,199.0,Success,PayPal
10770,3024,2282,20230512,199.0,Success,Credit Card
10771,3024,2282,20230611,199.0,Success,Credit Card
10772,3024,2282,20230711,199.0,Success,PayPal
10773,3024,2282,20230810,199.0,Success,Debit Card
10774,3024,2282,20230909,199.0,Success,Credit Card
10775,3024,2282,20231009,199.0,Success,PayPal
10776,3024,2282,20231108,199.0,Success,Debit Card
10777,3024,2282,20231208,199.0,Success,PayPal
10778,3025,2282,20240122,199.0,Success,Credit Card
10779,3026,2283,20240205,149.0,Success,Debit Card
10780,3027,2284,20240304,199.0,Success,UPI
10781,3028,2285,20230731,199.0,Success,UPI
10782,3028,2285,20230830,199.0,Success,Wallet
10783,3028,2285,20230929,199.0,Success,UPI
10784,3028,2285,20231029,199.0,Success,Wallet
10785,3028,2285,20231128,199.0,Success,Credit Card
10786,3028,2285,20231228,199.0,Success,UPI
10787,3029,2286,20241227,199.0,Success,Credit Card
10788,3030,2287,20231114,799.0,Success,PayPal
10789,3031,2288,20240414,199.0,Success,PayPal
10790,3031,2288,20240514,199.0,Success,PayPal
10791,3031,2288,20240613,199.0,Success,Credit Card
10792,3031,2288,20240713,199.0,Success,PayPal
10793,3031,2288,20240812,199.0,Success,PayPal
10794,3031,2288,20240911,199.0,Success,Debit Card
10795,3032,2289,20240401,149.0,Success,Wallet
10796,3032,2289,20240501,149.0,Success,PayPal
10797,3032,2289,20240531,149.0,Success,UPI
10798,3033,2290,20230910,499.0,Success,Wallet
10799,3034,2291,20240517,799.0,Success,PayPal
10800,3035,2292,20230404,199.0,Success,Debit Card
10801,3035,2292,20230504,199.0,Success,PayPal
10802,3035,2292,20230603,199.0,Success,Credit Card
10803,3035,2292,20230703,199.0,Success,Debit Card
10804,3035,2292,20230802,199.0,Success,UPI
10805,3035,2292,20230901,199.0,Success,Debit Card
10806,3036,2293,20231222,199.0,Success,PayPal
10807,3036,2293,20240121,199.0,Success,Wallet
10808,3036,2293,20240220,199.0,Success,PayPal
10809,3036,2293,20240321,199.0,Success,Debit Card
10810,3036,2293,20240420,199.0,Success,Debit Card
10811,3036,2293,20240520,199.0,Success,Credit Card
10812,3037,2294,20240205,799.0,Success,Wallet
10813,3038,2295,20240301,199.0,Success,Debit Card
10814,3039,2295,20240417,499.0,Success,Debit Card
10815,3040,2295,20240527,799.0,Success,UPI
10816,3040,2295,20240626,799.0,Success,UPI
10817,3040,2295,20240726,799.0,Success,UPI
10818,3040,2295,20240825,799.0,Success,Credit Card
10819,3040,2295,20240924,799.0,Success,Wallet
10820,3040,2295,20241024,799.0,Success,Credit Card
10821,3040,2295,20241123,799.0,Success,PayPal
10822,3041,2296,20240318,199.0,Success,Wallet
10823,3042,2297,20241216,199.0,Success,UPI
10824,3043,2298,20230214,199.0,Success,Credit Card
10825,3043,2298,20230316,199.0,Success,Wallet
10826,3043,2298,20230415,-199.0,Refunded,PayPal
10827,3044,2299,20241005,799.0,Success,Wallet
10828,3045,2299,20241116,199.0,Success,PayPal
10829,3046,2300,20241215,499.0,Success,Debit Card
10830,3047,2301,20240520,149.0,Success,Wallet
10831,3047,2301,20240619,149.0,Success,PayPal
10832,3047,2301,20240719,149.0,Success,Credit Card
10833,3047,2301,20240818,149.0,Success,Wallet
10834,3047,2301,20240917,149.0,Success,Debit Card
10835,3047,2301,20241017,149.0,Success,UPI
10836,3047,2301,20241116,149.0,Success,Credit Card
10837,3048,2302,20240113,149.0,Success,Credit Card
10838,3048,2302,20240212,149.0,Success,Credit Card
10839,3048,2302,20240313,149.0,Success,Credit Card
10840,3048,2302,20240412,149.0,Success,PayPal
10841,3048,2302,20240512,149.0,Success,PayPal
10842,3048,2302,20240611,149.0,Success,UPI
10843,3049,2302,20240724,199.0,Success,Wallet
10844,3050,2303,20231130,149.0,Success,UPI
10845,3051,2304,20240602,499.0,Success,Wallet
10846,3052,2304,20240707,799.0,Success,UPI
10847,3052,2304,20240806,799.0,Success,Debit Card
10848,3052,2304,20240905,799.0,Success,Wallet
10849,3052,2304,20241005,799.0,Success,Debit Card
10850,3052,2304,20241104,799.0,Success,Credit Card
10851,3053,2305,20241212,799.0,Success,Credit Card
10852,3054,2306,20240213,199.0,Success,UPI
10853,3055,2306,20240322,199.0,Success,PayPal
10854,3055,2306,20240421,199.0,Success,Credit Card
10855,3055,2306,20240521,199.0,Success,Debit Card
10856,3055,2306,20240620,199.0,Success,UPI
10857,3055,2306,20240720,199.0,Success,PayPal
10858,3055,2306,20240819,199.0,Success,Credit Card
10859,3055,2306,20240918,199.0,Success,Wallet
10860,3055,2306,20241018,199.0,Success,Wallet
10861,3055,2306,20241117,199.0,Success,PayPal
10862,3056,2307,20230428,499.0,Success,Credit Card
10863,3057,2307,20230608,149.0,Success,PayPal
10864,3058,2308,20240420,149.0,Success,UPI
10865,3059,2308,20240607,799.0,Success,Wallet
10866,3059,2308,20240707,799.0,Success,Debit Card
10867,3059,2308,20240806,799.0,Success,PayPal
10868,3059,2308,20240905,799.0,Success,UPI
10869,3059,2308,20241005,799.0,Success,Wallet
10870,3059,2308,20241104,799.0,Success,Credit Card
10871,3060,2309,20241103,149.0,Success,UPI
10872,3061,2310,20240427,149.0,Success,UPI
10873,3061,2310,20240527,149.0,Success,PayPal
10874,3061,2310,20240626,149.0,Success,Wallet
10875,3061,2310,20240726,149.0,Success,Credit Card
10876,3061,2310,20240825,149.0,Success,UPI
10877,3061,2310,20240924,149.0,Success,Wallet
10878,3061,2310,20241024,149.0,Success,Debit Card
10879,3061,2310,20241123,149.0,Success,Credit Card
10880,3062,2311,20230119,799.0,Success,UPI
10881,3062,2311,20230218,799.0,Success,PayPal
10882,3062,2311,20230320,-799.0,Refunded,Credit Card
10883,3063,2311,20230430,149.0,Success,Debit Card
10884,3063,2311,20230530,149.0,Success,PayPal
10885,3063,2311,20230629,149.0,Success,Wallet
10886,3064,2312,20240701,499.0,Success,Wallet
10887,3065,2312,20240818,499.0,Success,Credit Card
10888,3065,2312,20240917,499.0,Success,Debit Card
10889,3065,2312,20241017,499.0,Success,PayPal
10890,3066,2313,20230112,499.0,Success,PayPal
10891,3066,2313,20230211,499.0,Success,UPI
10892,3066,2313,20230313,499.0,Success,UPI
10893,3066,2313,20230412,499.0,Success,Credit Card
10894,3066,2313,20230512,499.0,Success,Debit Card
10895,3066,2313,20230611,499.0,Success,Credit Card
10896,3066,2313,20230711,499.0,Success,Credit Card
10897,3066,2313,20230810,499.0,Success,UPI
10898,3066,2313,20230909,499.0,Success,Credit Card
10899,3066,2313,20231009,499.0,Success,Credit Card
10900,3066,2313,20231108,499.0,Success,Wallet
10901,3066,2313,20231208,499.0,Success,Wallet
10902,3067,2313,20240123,799.0,Success,UPI
10903,3067,2313,20240222,-799.0,Refunded,PayPal
10904,3067,2313,20240323,799.0,Success,UPI
10905,3067,2313,20240422,799.0,Success,UPI
10906,3067,2313,20240522,799.0,Success,PayPal
10907,3067,2313,20240621,799.0,Success,Debit Card
10908,3068,2313,20240801,149.0,Success,Wallet
10909,3069,2314,20230702,499.0,Success,Wallet
10910,3069,2314,20230801,499.0,Success,Credit Card
10911,3069,2314,20230831,499.0,Failed,Wallet
10912,3069,2314,20230930,499.0,Success,UPI
10913,3069,2314,20231030,499.0,Success,Debit Card
10914,3069,2314,20231129,499.0,Success,PayPal
10915,3070,2315,20240629,149.0,Success,UPI
10916,3071,2315,20240812,149.0,Success,Credit Card
10917,3071,2315,20240911,149.0,Success,PayPal
10918,3071,2315,20241011,149.0,Success,Debit Card
10919,3071,2315,20241110,149.0,Success,Wallet
10920,3072,2316,20241012,499.0,Success,Debit Card
10921,3072,2316,20241111,499.0,Success,Wallet
10922,3073,2317,20230416,149.0,Success,UPI
10923,3074,2318,20240904,199.0,Success,Credit Card
10924,3075,2319,20230726,199.0,Success,PayPal
10925,3076,2320,20230404,199.0,Success,Debit Card
10926,3076,2320,20230504,199.0,Failed,UPI
10927,3076,2320,20230603,199.0,Success,UPI
10928,3076,2320,20230703,199.0,Success,Debit Card
10929,3076,2320,20230802,199.0,Success,Debit Card
10930,3076,2320,20230901,199.0,Success,Credit Card
10931,3077,2320,20231021,499.0,Success,UPI
10932,3077,2320,20231120,499.0,Success,Debit Card
10933,3077,2320,20231220,499.0,Success,Wallet
10934,3078,2320,20240126,499.0,Success,UPI
10935,3079,2321,20231212,499.0,Success,Credit Card
10936,3079,2321,20240111,499.0,Success,UPI
10937,3079,2321,20240210,499.0,Success,UPI
10938,3080,2322,20230409,149.0,Success,Credit Card
10939,3080,2322,20230509,149.0,Failed,Credit Card
10940,3080,2322,20230608,149.0,Success,Debit Card
10941,3080,2322,20230708,149.0,Success,UPI
10942,3080,2322,20230807,149.0,Success,Debit Card
10943,3080,2322,20230906,149.0,Success,UPI
10944,3080,2322,20231006,149.0,Success,PayPal
10945,3080,2322,20231105,149.0,Success,Credit Card
10946,3080,2322,20231205,149.0,Success,Credit Card
10947,3080,2322,20240104,149.0,Success,PayPal
10948,3080,2322,20240203,149.0,Success,Wallet
10949,3080,2322,20240304,149.0,Success,Wallet
10950,3081,2323,20240301,199.0,Success,PayPal
10951,3081,2323,20240331,199.0,Success,UPI
10952,3081,2323,20240430,199.0,Success,Credit Card
10953,3081,2323,20240530,199.0,Success,UPI
10954,3081,2323,20240629,199.0,Success,Credit Card
10955,3081,2323,20240729,199.0,Success,Debit Card
10956,3082,2324,20240729,799.0,Success,Wallet
10957,3082,2324,20240828,799.0,Success,Credit Card
10958,3082,2324,20240927,799.0,Success,Wallet
10959,3082,2324,20241027,799.0,Success,UPI
10960,3082,2324,20241126,799.0,Success,Credit Card
10961,3083,2325,20240708,799.0,Success,Wallet
10962,3084,2326,20230807,199.0,Success,Credit Card
10963,3084,2326,20230906,199.0,Success,UPI
10964,3084,2326,20231006,199.0,Success,Credit Card
10965,3084,2326,20231105,199.0,Success,UPI
10966,3084,2326,20231205,199.0,Success,Credit Card
10967,3084,2326,20240104,199.0,Success,Debit Card
10968,3085,2327,20240216,799.0,Success,Credit Card
10969,3085,2327,20240317,799.0,Success,Credit Card
10970,3085,2327,20240416,-799.0,Refunded,PayPal
10971,3086,2328,20240414,499.0,Success,UPI
10972,3087,2328,20240601,199.0,Success,Credit Card
10973,3087,2328,20240701,199.0,Success,UPI
10974,3087,2328,20240731,199.0,Success,UPI
10975,3088,2329,20241027,199.0,Success,Credit Card
10976,3089,2330,20230812,149.0,Success,UPI
10977,3089,2330,20230911,149.0,Success,PayPal
10978,3089,2330,20231011,149.0,Success,Wallet
10979,3090,2331,20230415,149.0,Success,Wallet
10980,3090,2331,20230515,149.0,Success,Debit Card
10981,3090,2331,20230614,149.0,Success,Debit Card
10982,3090,2331,20230714,149.0,Success,Debit Card
10983,3090,2331,20230813,149.0,Success,PayPal
10984,3090,2331,20230912,149.0,Success,PayPal
10985,3090,2331,20231012,149.0,Success,Wallet
10986,3090,2331,20231111,149.0,Success,Debit Card
10987,3090,2331,20231211,149.0,Success,PayPal
10988,3090,2331,20240110,149.0,Success,Wallet
10989,3090,2331,20240209,149.0,Success,Wallet
10990,3090,2331,20240310,149.0,Success,Wallet
10991,3091,2332,20240805,149.0,Success,UPI
10992,3091,2332,20240904,149.0,Success,PayPal
10993,3091,2332,20241004,149.0,Success,Debit Card
10994,3091,2332,20241103,149.0,Success,Wallet
10995,3092,2333,20231129,499.0,Failed,PayPal
10996,3092,2333,20231229,499.0,Success,Wallet
10997,3092,2333,20240128,499.0,Success,Debit Card
10998,3092,2333,20240227,499.0,Success,Credit Card
10999,3092,2333,20240328,499.0,Success,Wallet
11000,3092,2333,20240427,499.0,Success,Debit Card
11001,3092,2333,20240527,499.0,Success,UPI
11002,3092,2333,20240626,499.0,Success,Debit Card
11003,3092,2333,20240726,499.0,Success,Debit Card
11004,3092,2333,20240825,499.0,Success,Wallet
11005,3092,2333,20240924,499.0,Success,Credit Card
11006,3092,2333,20241024,499.0,Success,PayPal
11007,3093,2333,20241128,199.0,Success,Credit Card
11008,3094,2334,20241211,199.0,Success,UPI
11009,3095,2335,20241205,149.0,Success,PayPal
11010,3096,2336,20230311,499.0,Success,Debit Card
11011,3096,2336,20230410,499.0,Success,PayPal
11012,3096,2336,20230510,499.0,Success,Credit Card
11013,3096,2336,20230609,499.0,Success,PayPal
11014,3096,2336,20230709,499.0,Success,Credit Card
11015,3096,2336,20230808,499.0,Success,Debit Card
11016,3096,2336,20230907,499.0,Success,UPI
11017,3096,2336,20231007,499.0,Success,Credit Card
11018,3096,2336,20231106,499.0,Success,Debit Card
11019,3096,2336,20231206,499.0,Success,PayPal
11020,3096,2336,20240105,499.0,Success,Debit Card
11021,3096,2336,20240204,499.0,Success,Wallet
11022,3097,2337,20240404,499.0,Success,UPI
11023,3097,2337,20240504,499.0,Success,Wallet
11024,3097,2337,20240603,499.0,Success,Credit Card
11025,3097,2337,20240703,499.0,Success,Debit Card
11026,3097,2337,20240802,499.0,Success,UPI
11027,3097,2337,20240901,499.0,Success,Wallet
11028,3097,2337,20241001,499.0,Success,Credit Card
11029,3097,2337,20241031,499.0,Success,Wallet
11030,3097,2337,20241130,499.0,Success,Debit Card
11031,3098,2338,20240530,799.0,Success,PayPal
11032,3099,2339,20230122,499.0,Success,PayPal
11033,3099,2339,20230221,499.0,Success,Wallet
11034,3099,2339,20230323,499.0,Success,UPI
11035,3099,2339,20230422,499.0,Success,Debit Card
11036,3099,2339,20230522,499.0,Success,PayPal
11037,3099,2339,20230621,499.0,Success,UPI
11038,3099,2339,20230721,499.0,Success,Debit Card
11039,3099,2339,20230820,499.0,Success,PayPal
11040,3099,2339,20230919,499.0,Success,UPI
11041,3099,2339,20231019,499.0,Success,Debit Card
11042,3099,2339,20231118,499.0,Success,Credit Card
11043,3099,2339,20231218,499.0,Success,UPI
11044,3100,2340,20230831,149.0,Success,UPI
11045,3100,2340,20230930,149.0,Success,Wallet
11046,3100,2340,20231030,149.0,Success,UPI
11047,3101,2340,20231212,199.0,Success,UPI
11048,3102,2340,20240116,199.0,Success,PayPal
11049,3102,2340,20240215,199.0,Success,Wallet
11050,3102,2340,20240316,199.0,Success,Credit Card
11051,3102,2340,20240415,199.0,Success,UPI
11052,3102,2340,20240515,199.0,Success,Credit Card
11053,3102,2340,20240614,-199.0,Refunded,Wallet
11054,3103,2341,20230323,499.0,Success,Wallet
11055,3103,2341,20230422,499.0,Success,UPI
11056,3103,2341,20230522,499.0,Success,Credit Card
11057,3103,2341,20230621,499.0,Success,UPI
11058,3103,2341,20230721,499.0,Success,PayPal
11059,3103,2341,20230820,499.0,Success,Debit Card
11060,3103,2341,20230919,499.0,Success,Credit Card
11061,3103,2341,20231019,499.0,Success,Wallet
11062,3103,2341,20231118,499.0,Success,PayPal
11063,3103,2341,20231218,499.0,Success,Wallet
11064,3103,2341,20240117,499.0,Success,Wallet
11065,3103,2341,20240216,499.0,Success,Wallet
11066,3104,2341,20240327,199.0,Success,PayPal
11067,3105,2342,20230726,199.0,Success,PayPal
11068,3106,2342,20230909,799.0,Success,Debit Card
11069,3106,2342,20231009,799.0,Success,Debit Card
11070,3106,2342,20231108,799.0,Success,Credit Card
11071,3107,2343,20230901,149.0,Success,Debit Card
11072,3107,2343,20231001,149.0,Success,Debit Card
11073,3107,2343,20231031,149.0,Success,Credit Card
11074,3107,2343,20231130,149.0,Success,UPI
11075,3107,2343,20231230,149.0,Success,Debit Card
11076,3107,2343,20240129,149.0,Success,Debit Card
11077,3107,2343,20240228,149.0,Success,Debit Card
11078,3107,2343,20240329,149.0,Success,Debit Card
11079,3107,2343,20240428,149.0,Success,Wallet
11080,3107,2343,20240528,149.0,Success,Wallet
11081,3107,2343,20240627,149.0,Success,Debit Card
11082,3107,2343,20240727,149.0,Success,Credit Card
11083,3108,2344,20231203,149.0,Success,Wallet
11084,3108,2344,20240102,149.0,Success,PayPal
11085,3108,2344,20240201,149.0,Success,Credit Card
11086,3108,2344,20240302,149.0,Success,Debit Card
11087,3108,2344,20240401,149.0,Success,UPI
11088,3108,2344,20240501,149.0,Success,Credit Card
11089,3109,2344,20240614,799.0,Success,Wallet
11090,3110,2344,20240725,499.0,Success,Debit Card
11091,3110,2344,20240824,499.0,Success,PayPal
11092,3110,2344,20240923,499.0,Success,Credit Card
11093,3110,2344,20241023,499.0,Success,UPI
11094,3110,2344,20241122,499.0,Success,Credit Card
11095,3111,2345,20230210,799.0,Failed,Credit Card
11096,3112,2345,20230319,149.0,Success,UPI
11097,3113,2346,20231023,799.0,Success,Debit Card
11098,3113,2346,20231122,799.0,Success,Wallet
11099,3113,2346,20231222,799.0,Success,PayPal
11100,3113,2346,20240121,799.0,Success,PayPal
11101,3113,2346,20240220,799.0,Success,PayPal
11102,3113,2346,20240321,799.0,Success,Wallet
11103,3113,2346,20240420,799.0,Success,UPI
11104,3113,2346,20240520,799.0,Success,PayPal
11105,3113,2346,20240619,799.0,Success,Credit Card
11106,3113,2346,20240719,799.0,Success,PayPal
11107,3113,2346,20240818,799.0,Success,Debit Card
11108,3113,2346,20240917,799.0,Success,PayPal
11109,3114,2346,20241023,499.0,Success,Credit Card
11110,3115,2347,20231217,499.0,Success,Debit Card
11111,3116,2347,20240122,149.0,Success,PayPal
11112,3116,2347,20240221,149.0,Success,UPI
11113,3116,2347,20240322,149.0,Success,PayPal
11114,3116,2347,20240421,149.0,Success,Wallet
11115,3116,2347,20240521,149.0,Success,Wallet
11116,3116,2347,20240620,149.0,Failed,PayPal
11117,3116,2347,20240720,149.0,Success,PayPal
11118,3116,2347,20240819,149.0,Success,Debit Card
11119,3116,2347,20240918,149.0,Failed,PayPal
11120,3116,2347,20241018,149.0,Success,Wallet
11121,3116,2347,20241117,149.0,Success,Credit Card
11122,3117,2348,20241111,199.0,Success,UPI
11123,3118,2349,20230816,499.0,Success,Debit Card
11124,3119,2350,20230707,799.0,Success,PayPal
11125,3119,2350,20230806,799.0,Success,Debit Card
11126,3119,2350,20230905,799.0,Success,Wallet
11127,3119,2350,20231005,799.0,Success,Credit Card
11128,3119,2350,20231104,799.0,Success,Wallet
11129,3119,2350,20231204,799.0,Success,Wallet
11130,3119,2350,20240103,799.0,Success,Debit Card
11131,3119,2350,20240202,799.0,Success,Debit Card
11132,3119,2350,20240303,799.0,Success,Debit Card
11133,3119,2350,20240402,799.0,Success,Credit Card
11134,3119,2350,20240502,799.0,Success,Wallet
11135,3119,2350,20240601,799.0,Success,PayPal
11136,3120,2351,20240518,199.0,Success,Credit Card
11137,3121,2351,20240620,-149.0,Refunded,Credit Card
11138,3121,2351,20240720,149.0,Success,Wallet
11139,3121,2351,20240819,149.0,Success,Wallet
11140,3121,2351,20240918,149.0,Success,Wallet
11141,3121,2351,20241018,149.0,Success,Debit Card
11142,3121,2351,20241117,149.0,Success,UPI
11143,3122,2352,20230525,499.0,Success,PayPal
11144,3123,2353,20240716,499.0,Success,PayPal
11145,3124,2354,20240423,499.0,Success,Credit Card
11146,3125,2355,20240310,199.0,Success,PayPal
11147,3125,2355,20240409,199.0,Success,UPI
11148,3125,2355,20240509,199.0,Success,Credit Card
11149,3126,2355,20240614,149.0,Success,Wallet
11150,3126,2355,20240714,149.0,Success,PayPal
11151,3126,2355,20240813,149.0,Success,Debit Card
11152,3126,2355,20240912,149.0,Success,Credit Card
11153,3126,2355,20241012,149.0,Success,Credit Card
11154,3126,2355,20241111,149.0,Success,Wallet
11155,3127,2356,20240813,799.0,Success,Wallet
11156,3127,2356,20240912,799.0,Success,PayPal
11157,3127,2356,20241012,799.0,Success,Debit Card
11158,3127,2356,20241111,799.0,Success,PayPal
11159,3128,2357,20240507,799.0,Success,PayPal
11160,3129,2357,20240612,149.0,Success,Wallet
11161,3130,2358,20240122,-799.0,Refunded,Debit Card
11162,3130,2358,20240221,799.0,Success,Wallet
11163,3130,2358,20240322,799.0,Success,Credit Card
11164,3130,2358,20240421,799.0,Success,PayPal
11165,3130,2358,20240521,-799.0,Refunded,Wallet
11166,3130,2358,20240620,799.0,Success,Wallet
11167,3131,2359,20240916,499.0,Success,PayPal
11168,3131,2359,20241016,499.0,Success,Credit Card
11169,3131,2359,20241115,499.0,Success,Credit Card
11170,3132,2360,20240508,149.0,Success,PayPal
11171,3133,2361,20230327,499.0,Success,PayPal
11172,3134,2362,20230629,149.0,Success,Wallet
11173,3134,2362,20230729,149.0,Success,Wallet
11174,3134,2362,20230828,149.0,Success,Credit Card
11175,3134,2362,20230927,149.0,Success,Debit Card
11176,3134,2362,20231027,-149.0,Refunded,PayPal
11177,3134,2362,20231126,149.0,Success,Wallet
11178,3135,2363,20231018,799.0,Success,Credit Card
11179,3136,2364,20231208,799.0,Success,UPI
11180,3136,2364,20240107,799.0,Success,Debit Card
11181,3136,2364,20240206,799.0,Success,UPI
11182,3136,2364,20240307,799.0,Success,Debit Card
11183,3136,2364,20240406,799.0,Success,Wallet
11184,3136,2364,20240506,799.0,Success,UPI
11185,3136,2364,20240605,799.0,Success,PayPal
11186,3136,2364,20240705,799.0,Success,UPI
11187,3136,2364,20240804,799.0,Success,Wallet
11188,3136,2364,20240903,799.0,Success,Credit Card
11189,3136,2364,20241003,-799.0,Refunded,PayPal
11190,3136,2364,20241102,799.0,Success,Wallet
11191,3137,2365,20230714,149.0,Success,Credit Card
11192,3137,2365,20230813,149.0,Success,PayPal
11193,3137,2365,20230912,149.0,Success,Wallet
11194,3138,2365,20231022,149.0,Success,Debit Card
11195,3138,2365,20231121,149.0,Success,Debit Card
11196,3138,2365,20231221,149.0,Success,UPI
11197,3139,2365,20240205,199.0,Success,Credit Card
11198,3140,2366,20240119,799.0,Success,Wallet
11199,3140,2366,20240218,799.0,Success,Wallet
11200,3140,2366,20240319,799.0,Success,PayPal
11201,3140,2366,20240418,799.0,Success,Wallet
11202,3140,2366,20240518,799.0,Success,PayPal
11203,3140,2366,20240617,799.0,Success,Credit Card
11204,3140,2366,20240717,799.0,Success,Debit Card
11205,3140,2366,20240816,799.0,Success,Credit Card
11206,3140,2366,20240915,799.0,Success,Credit Card
11207,3140,2366,20241015,799.0,Success,Wallet
11208,3140,2366,20241114,799.0,Success,Credit Card
11209,3141,2367,20240209,799.0,Success,Wallet
11210,3141,2367,20240310,799.0,Success,Debit Card
11211,3141,2367,20240409,799.0,Success,UPI
11212,3141,2367,20240509,799.0,Success,Wallet
11213,3141,2367,20240608,799.0,Success,Credit Card
11214,3141,2367,20240708,799.0,Success,Wallet
11215,3142,2367,20240820,199.0,Success,Wallet
11216,3143,2368,20241018,199.0,Success,UPI
11217,3143,2368,20241117,199.0,Success,UPI
11218,3144,2369,20230508,149.0,Success,UPI
11219,3145,2370,20240322,499.0,Success,Wallet
11220,3145,2370,20240421,499.0,Success,PayPal
11221,3145,2370,20240521,499.0,Success,Wallet
11222,3146,2371,20231223,-149.0,Refunded,Wallet
11223,3146,2371,20240122,149.0,Success,Credit Card
11224,3146,2371,20240221,149.0,Success,UPI
11225,3146,2371,20240322,149.0,Success,Wallet
11226,3146,2371,20240421,149.0,Success,Debit Card
11227,3146,2371,20240521,149.0,Success,Debit Card
11228,3146,2371,20240620,149.0,Success,UPI
11229,3146,2371,20240720,149.0,Success,PayPal
11230,3146,2371,20240819,149.0,Failed,UPI
11231,3146,2371,20240918,149.0,Failed,Wallet
11232,3146,2371,20241018,149.0,Success,PayPal
11233,3146,2371,20241117,149.0,Success,PayPal
11234,3147,2372,20240113,199.0,Success,Debit Card
11235,3147,2372,20240212,-199.0,Refunded,PayPal
11236,3147,2372,20240313,199.0,Success,Credit Card
11237,3148,2372,20240502,199.0,Success,Debit Card
11238,3149,2373,20240310,199.0,Success,Credit Card
11239,3150,2373,20240414,499.0,Success,Debit Card
11240,3150,2373,20240514,499.0,Success,Credit Card
11241,3150,2373,20240613,499.0,Success,Wallet
11242,3150,2373,20240713,499.0,Success,Credit Card
11243,3150,2373,20240812,499.0,Failed,PayPal
11244,3150,2373,20240911,499.0,Success,PayPal
11245,3151,2374,20240106,149.0,Success,PayPal
11246,3151,2374,20240205,149.0,Success,UPI
11247,3151,2374,20240306,149.0,Success,Credit Card
11248,3151,2374,20240405,149.0,Success,UPI
11249,3151,2374,20240505,149.0,Success,Wallet
11250,3151,2374,20240604,149.0,Success,Wallet
11251,3151,2374,20240704,149.0,Success,PayPal
11252,3151,2374,20240803,149.0,Success,UPI
11253,3151,2374,20240902,149.0,Success,Debit Card
11254,3151,2374,20241002,149.0,Success,Credit Card
11255,3151,2374,20241101,149.0,Success,Wallet
11256,3151,2374,20241201,149.0,Success,PayPal
11257,3152,2375,20241112,199.0,Success,Wallet
11258,3153,2376,20241128,499.0,Success,Credit Card
11259,3154,2377,20241109,149.0,Success,Debit Card
11260,3155,2378,20241021,499.0,Success,PayPal
11261,3155,2378,20241120,499.0,Success,Wallet
11262,3156,2379,20240823,149.0,Success,Debit Card
11263,3157,2380,20240309,199.0,Success,UPI
11264,3158,2381,20231106,499.0,Success,Debit Card
11265,3158,2381,20231206,499.0,Success,PayPal
11266,3158,2381,20240105,499.0,Success,Credit Card
11267,3158,2381,20240204,499.0,Success,Debit Card
11268,3158,2381,20240305,499.0,Success,PayPal
11269,3158,2381,20240404,499.0,Success,Wallet
11270,3159,2381,20240505,499.0,Success,Wallet
11271,3160,2382,20240127,199.0,Success,PayPal
11272,3160,2382,20240226,199.0,Success,Credit Card
11273,3160,2382,20240327,199.0,Success,UPI
11274,3160,2382,20240426,199.0,Success,Credit Card
11275,3160,2382,20240526,199.0,Success,UPI
11276,3160,2382,20240625,199.0,Success,UPI
11277,3161,2383,20230402,799.0,Success,PayPal
11278,3161,2383,20230502,799.0,Success,Wallet
11279,3161,2383,20230601,799.0,Success,Credit Card
11280,3162,2384,20231219,799.0,Success,Debit Card
11281,3162,2384,20240118,799.0,Success,PayPal
11282,3162,2384,20240217,799.0,Success,Debit Card
11283,3163,2385,20240212,499.0,Success,Credit Card
11284,3164,2385,20240401,149.0,Success,UPI
11285,3164,2385,20240501,149.0,Success,Debit Card
11286,3164,2385,20240531,149.0,Success,Credit Card
11287,3164,2385,20240630,149.0,Success,PayPal
11288,3164,2385,20240730,149.0,Success,UPI
11289,3164,2385,20240829,149.0,Success,PayPal
11290,3164,2385,20240928,149.0,Success,Debit Card
11291,3164,2385,20241028,149.0,Success,UPI
11292,3164,2385,20241127,149.0,Success,PayPal
11293,3165,2386,20240518,149.0,Success,Wallet
11294,3165,2386,20240617,149.0,Success,Wallet
11295,3165,2386,20240717,149.0,Success,UPI
11296,3165,2386,20240816,149.0,Success,UPI
11297,3165,2386,20240915,149.0,Success,Debit Card
11298,3165,2386,20241015,149.0,Success,Debit Card
11299,3166,2387,20240303,499.0,Success,Credit Card
11300,3166,2387,20240402,499.0,Success,PayPal
11301,3166,2387,20240502,499.0,Success,Wallet
11302,3166,2387,20240601,499.0,Success,Debit Card
11303,3166,2387,20240701,499.0,Success,PayPal
11304,3166,2387,20240731,499.0,Success,Debit Card
11305,3166,2387,20240830,499.0,Failed,Credit Card
11306,3166,2387,20240929,499.0,Success,UPI
11307,3166,2387,20241029,499.0,Success,Wallet
11308,3166,2387,20241128,499.0,Success,PayPal
11309,3167,2388,20240317,149.0,Success,PayPal
11310,3167,2388,20240416,149.0,Success,PayPal
11311,3167,2388,20240516,149.0,Success,Debit Card
11312,3167,2388,20240615,149.0,Success,Credit Card
11313,3167,2388,20240715,149.0,Failed,Wallet
11314,3167,2388,20240814,149.0,Success,UPI
11315,3167,2388,20240913,149.0,Success,Credit Card
11316,3167,2388,20241013,149.0,Success,PayPal
11317,3167,2388,20241112,149.0,Success,Wallet
11318,3168,2389,20230518,499.0,Failed,UPI
11319,3168,2389,20230617,499.0,Success,PayPal
11320,3168,2389,20230717,499.0,Success,UPI
11321,3168,2389,20230816,499.0,Failed,Credit Card
11322,3168,2389,20230915,499.0,Success,Credit Card
11323,3168,2389,20231015,499.0,Success,UPI
11324,3168,2389,20231114,499.0,Success,PayPal
11325,3168,2389,20231214,499.0,Success,PayPal
11326,3168,2389,20240113,499.0,Success,UPI
11327,3168,2389,20240212,499.0,Success,PayPal
11328,3168,2389,20240313,499.0,Success,PayPal
11329,3168,2389,20240412,499.0,Success,Debit Card
11330,3169,2390,20230423,499.0,Success,Credit Card
11331,3169,2390,20230523,499.0,Success,Wallet
11332,3169,2390,20230622,499.0,Success,Wallet
11333,3169,2390,20230722,499.0,Success,PayPal
11334,3169,2390,20230821,499.0,Success,Wallet
11335,3169,2390,20230920,499.0,Success,UPI
11336,3169,2390,20231020,499.0,Success,PayPal
11337,3169,2390,20231119,499.0,Success,UPI
11338,3169,2390,20231219,499.0,Success,Debit Card
11339,3169,2390,20240118,499.0,Success,UPI
11340,3169,2390,20240217,499.0,Failed,UPI
11341,3169,2390,20240318,499.0,Success,UPI
11342,3170,2391,20230725,149.0,Success,Debit Card
11343,3171,2392,20230716,199.0,Success,UPI
11344,3171,2392,20230815,199.0,Success,UPI
11345,3171,2392,20230914,199.0,Success,Wallet
11346,3171,2392,20231014,199.0,Success,PayPal
11347,3171,2392,20231113,199.0,Success,PayPal
11348,3171,2392,20231213,199.0,Success,PayPal
11349,3172,2393,20240327,199.0,Success,Debit Card
11350,3173,2393,20240509,799.0,Success,Wallet
11351,3174,2394,20241013,799.0,Success,Debit Card
11352,3175,2395,20230508,149.0,Success,Wallet
11353,3176,2396,20230829,199.0,Success,Wallet
11354,3176,2396,20230928,199.0,Success,Credit Card
11355,3176,2396,20231028,199.0,Success,PayPal
11356,3176,2396,20231127,199.0,Success,Debit Card
11357,3176,2396,20231227,199.0,Success,Debit Card
11358,3176,2396,20240126,199.0,Success,PayPal
11359,3177,2397,20230110,199.0,Success,PayPal
11360,3178,2398,20241112,799.0,Success,Wallet
11361,3179,2399,20230805,799.0,Success,UPI
11362,3180,2400,20240616,799.0,Success,Credit Card
11363,3180,2400,20240716,799.0,Success,PayPal
11364,3180,2400,20240815,799.0,Success,Credit Card
11365,3180,2400,20240914,799.0,Success,Credit Card
11366,3180,2400,20241014,799.0,Success,UPI
11367,3180,2400,20241113,799.0,Success,UPI
11368,3181,2401,20231212,799.0,Success,Credit Card
11369,3181,2401,20240111,799.0,Success,Debit Card
11370,3181,2401,20240210,799.0,Success,Wallet
11371,3182,2401,20240315,799.0,Success,Debit Card
11372,3183,2402,20231218,199.0,Success,PayPal
11373,3183,2402,20240117,199.0,Success,Debit Card
11374,3183,2402,20240216,199.0,Success,Wallet
11375,3183,2402,20240317,199.0,Success,PayPal
11376,3183,2402,20240416,199.0,Success,Wallet
11377,3183,2402,20240516,199.0,Success,Wallet
11378,3183,2402,20240615,199.0,Success,Debit Card
11379,3183,2402,20240715,199.0,Success,Debit Card
11380,3183,2402,20240814,199.0,Success,Wallet
11381,3183,2402,20240913,199.0,Success,Debit Card
11382,3183,2402,20241013,199.0,Success,Debit Card
11383,3183,2402,20241112,199.0,Success,Wallet
11384,3184,2402,20241219,799.0,Success,Wallet
11385,3185,2403,20241112,799.0,Success,Wallet
11386,3186,2403,20241227,199.0,Success,PayPal
11387,3187,2404,20231231,799.0,Success,Debit Card
11388,3187,2404,20240130,799.0,Success,Debit Card
11389,3187,2404,20240229,799.0,Success,UPI
11390,3187,2404,20240330,799.0,Success,UPI
11391,3187,2404,20240429,799.0,Success,PayPal
11392,3187,2404,20240529,799.0,Success,Wallet
11393,3188,2405,20241216,149.0,Success,PayPal
11394,3189,2406,20230523,499.0,Success,Debit Card
11395,3189,2406,20230622,499.0,Success,Wallet
11396,3189,2406,20230722,499.0,Success,PayPal
11397,3190,2407,20231014,199.0,Failed,PayPal
11398,3190,2407,20231113,199.0,Success,Credit Card
11399,3190,2407,20231213,199.0,Success,Credit Card
11400,3190,2407,20240112,199.0,Success,Debit Card
11401,3190,2407,20240211,199.0,Success,UPI
11402,3190,2407,20240312,199.0,Success,PayPal
11403,3191,2408,20240407,799.0,Success,UPI
11404,3191,2408,20240507,799.0,Success,PayPal
11405,3191,2408,20240606,-799.0,Refunded,UPI
11406,3191,2408,20240706,799.0,Success,Wallet
11407,3191,2408,20240805,799.0,Success,Credit Card
11408,3191,2408,20240904,799.0,Success,Wallet
11409,3192,2409,20240611,149.0,Success,UPI
11410,3192,2409,20240711,149.0,Success,Debit Card
11411,3192,2409,20240810,149.0,Success,PayPal
11412,3192,2409,20240909,149.0,Success,Credit Card
11413,3192,2409,20241009,149.0,Success,UPI
11414,3192,2409,20241108,149.0,Success,Wallet
11415,3193,2409,20241218,199.0,Success,Debit Card
11416,3194,2410,20241015,149.0,Success,PayPal
11417,3194,2410,20241114,149.0,Success,Debit Card
11418,3195,2411,20230216,149.0,Success,PayPal
11419,3195,2411,20230318,149.0,Success,Debit Card
11420,3195,2411,20230417,149.0,Success,UPI
11421,3195,2411,20230517,149.0,Success,Credit Card
11422,3195,2411,20230616,149.0,Success,PayPal
11423,3195,2411,20230716,149.0,Success,Credit Card
11424,3196,2412,20240913,149.0,Success,Credit Card
11425,3197,2413,20230325,199.0,Success,Credit Card
11426,3198,2414,20240502,199.0,Success,Debit Card
11427,3199,2414,20240620,499.0,Success,PayPal
11428,3199,2414,20240720,499.0,Success,PayPal
11429,3199,2414,20240819,499.0,Success,UPI
11430,3199,2414,20240918,499.0,Success,PayPal
11431,3199,2414,20241018,499.0,Success,Credit Card
11432,3199,2414,20241117,499.0,Success,Wallet
11433,3200,2415,20240130,199.0,Success,PayPal
11434,3200,2415,20240229,199.0,Success,Credit Card
11435,3200,2415,20240330,199.0,Success,UPI
11436,3200,2415,20240429,199.0,Success,Wallet
11437,3200,2415,20240529,199.0,Success,Credit Card
11438,3200,2415,20240628,199.0,Success,Wallet
11439,3200,2415,20240728,199.0,Success,Credit Card
11440,3200,2415,20240827,199.0,Success,Credit Card
11441,3200,2415,20240926,199.0,Success,Credit Card
11442,3200,2415,20241026,199.0,Success,Wallet
11443,3200,2415,20241125,199.0,Success,Credit Card
11444,3201,2416,20240616,199.0,Success,PayPal
11445,3201,2416,20240716,199.0,Success,PayPal
11446,3201,2416,20240815,199.0,Success,UPI
11447,3201,2416,20240914,199.0,Success,Wallet
11448,3201,2416,20241014,199.0,Success,UPI
11449,3201,2416,20241113,199.0,Success,UPI
11450,3202,2417,20230202,149.0,Success,UPI
11451,3202,2417,20230304,149.0,Success,UPI
11452,3202,2417,20230403,149.0,Success,Debit Card
11453,3202,2417,20230503,149.0,Success,Credit Card
11454,3202,2417,20230602,149.0,Success,Credit Card
11455,3202,2417,20230702,149.0,Success,Credit Card
11456,3202,2417,20230801,149.0,Success,PayPal
11457,3202,2417,20230831,149.0,Success,Wallet
11458,3202,2417,20230930,149.0,Success,UPI
11459,3202,2417,20231030,149.0,Success,PayPal
11460,3202,2417,20231129,149.0,Success,Debit Card
11461,3202,2417,20231229,149.0,Success,PayPal
11462,3203,2417,20240214,799.0,Success,UPI
11463,3204,2418,20241120,199.0,Success,Debit Card
11464,3205,2419,20240401,799.0,Success,Credit Card
11465,3205,2419,20240501,799.0,Success,UPI
11466,3205,2419,20240531,799.0,Success,Debit Card
11467,3205,2419,20240630,799.0,Success,Debit Card
11468,3205,2419,20240730,799.0,Success,UPI
11469,3205,2419,20240829,799.0,Success,Wallet
11470,3206,2419,20241015,499.0,Success,Wallet
11471,3206,2419,20241114,499.0,Success,Wallet
11472,3207,2420,20230907,149.0,Success,PayPal
11473,3208,2420,20231012,199.0,Success,Debit Card
11474,3208,2420,20231111,199.0,Success,Credit Card
11475,3208,2420,20231211,199.0,Success,PayPal
11476,3208,2420,20240110,199.0,Success,Debit Card
11477,3208,2420,20240209,199.0,Success,Debit Card
11478,3208,2420,20240310,199.0,Success,Credit Card
11479,3208,2420,20240409,199.0,Success,PayPal
11480,3208,2420,20240509,199.0,Failed,PayPal
11481,3208,2420,20240608,199.0,Failed,UPI
11482,3208,2420,20240708,199.0,Success,PayPal
11483,3208,2420,20240807,199.0,Success,Wallet
11484,3208,2420,20240906,199.0,Success,Credit Card
11485,3209,2421,20241217,499.0,Success,Credit Card
11486,3210,2422,20230130,799.0,Success,PayPal
11487,3211,2422,20230308,199.0,Success,Credit Card
11488,3211,2422,20230407,199.0,Success,Wallet
11489,3211,2422,20230507,199.0,Success,PayPal
11490,3211,2422,20230606,199.0,Success,Credit Card
11491,3211,2422,20230706,199.0,Success,Credit Card
11492,3211,2422,20230805,199.0,Success,PayPal
11493,3211,2422,20230904,199.0,Success,Credit Card
11494,3211,2422,20231004,199.0,Success,Debit Card
11495,3211,2422,20231103,199.0,Success,UPI
11496,3211,2422,20231203,199.0,Success,Credit Card
11497,3211,2422,20240102,199.0,Success,Debit Card
11498,3211,2422,20240201,199.0,Success,UPI
11499,3212,2423,20240128,799.0,Failed,Credit Card
11500,3213,2424,20240502,499.0,Success,Credit Card
11501,3213,2424,20240601,499.0,Success,PayPal
11502,3213,2424,20240701,499.0,Success,UPI
11503,3213,2424,20240731,499.0,Failed,Debit Card
11504,3213,2424,20240830,499.0,Success,Debit Card
11505,3213,2424,20240929,499.0,Success,PayPal
11506,3214,2425,20240701,149.0,Success,PayPal
11507,3214,2425,20240731,149.0,Success,UPI
11508,3214,2425,20240830,149.0,Success,Debit Card
11509,3215,2426,20241209,149.0,Success,UPI
11510,3216,2427,20240907,149.0,Success,Wallet
11511,3217,2428,20240126,799.0,Success,UPI
11512,3217,2428,20240225,799.0,Success,PayPal
11513,3217,2428,20240326,799.0,Success,UPI
11514,3217,2428,20240425,799.0,Success,Debit Card
11515,3217,2428,20240525,799.0,Success,PayPal
11516,3217,2428,20240624,799.0,Success,UPI
11517,3217,2428,20240724,799.0,Success,Credit Card
11518,3217,2428,20240823,799.0,Success,UPI
11519,3217,2428,20240922,799.0,Success,Debit Card
11520,3217,2428,20241022,799.0,Success,UPI
11521,3217,2428,20241121,799.0,Success,PayPal
11522,3218,2429,20240323,799.0,Success,PayPal
11523,3219,2429,20240424,199.0,Success,UPI
11524,3219,2429,20240524,199.0,Failed,Credit Card
11525,3219,2429,20240623,199.0,Success,Credit Card
11526,3219,2429,20240723,199.0,Success,PayPal
11527,3219,2429,20240822,199.0,Success,Credit Card
11528,3219,2429,20240921,199.0,Success,Debit Card
11529,3220,2430,20230331,499.0,Success,Wallet
11530,3220,2430,20230430,499.0,Success,UPI
11531,3220,2430,20230530,499.0,Success,Wallet
11532,3221,2431,20230712,799.0,Success,UPI
11533,3222,2432,20230511,499.0,Success,Debit Card
11534,3223,2433,20230102,149.0,Success,Wallet
11535,3224,2434,20240202,199.0,Success,Wallet
11536,3224,2434,20240303,199.0,Success,PayPal
11537,3224,2434,20240402,199.0,Success,UPI
11538,3225,2434,20240517,499.0,Success,UPI
11539,3226,2434,20240620,799.0,Success,Wallet
11540,3227,2435,20241126,799.0,Success,Wallet
11541,3228,2436,20230816,799.0,Success,PayPal
11542,3228,2436,20230915,799.0,Success,UPI
11543,3228,2436,20231015,799.0,Success,Wallet
11544,3228,2436,20231114,799.0,Success,Debit Card
11545,3228,2436,20231214,799.0,Success,Credit Card
11546,3228,2436,20240113,799.0,Success,UPI
11547,3228,2436,20240212,799.0,Success,Credit Card
11548,3228,2436,20240313,799.0,Success,UPI
11549,3228,2436,20240412,799.0,Success,UPI
11550,3228,2436,20240512,799.0,Success,Debit Card
11551,3228,2436,20240611,799.0,Success,Wallet
11552,3228,2436,20240711,799.0,Success,Debit Card
11553,3229,2437,20240416,499.0,Success,Debit Card
11554,3229,2437,20240516,-499.0,Refunded,Credit Card
11555,3229,2437,20240615,499.0,Success,Credit Card
11556,3229,2437,20240715,499.0,Success,PayPal
11557,3229,2437,20240814,499.0,Success,UPI
11558,3229,2437,20240913,499.0,Success,Debit Card
11559,3229,2437,20241013,-499.0,Refunded,Credit Card
11560,3229,2437,20241112,499.0,Success,Debit Card
11561,3230,2438,20230813,499.0,Success,Debit Card
11562,3230,2438,20230912,-499.0,Refunded,Wallet
11563,3230,2438,20231012,499.0,Success,PayPal
11564,3230,2438,20231111,499.0,Success,PayPal
11565,3230,2438,20231211,499.0,Success,UPI
11566,3230,2438,20240110,499.0,Success,UPI
11567,3230,2438,20240209,499.0,Success,UPI
11568,3230,2438,20240310,499.0,Success,Debit Card
11569,3230,2438,20240409,499.0,Success,Debit Card
11570,3230,2438,20240509,499.0,Success,Debit Card
11571,3230,2438,20240608,499.0,Success,Wallet
11572,3230,2438,20240708,499.0,Success,UPI
11573,3231,2439,20231018,199.0,Success,UPI
11574,3231,2439,20231117,199.0,Success,PayPal
11575,3231,2439,20231217,199.0,Success,Wallet
11576,3231,2439,20240116,199.0,Success,PayPal
11577,3231,2439,20240215,199.0,Success,PayPal
11578,3231,2439,20240316,199.0,Success,UPI
11579,3232,2440,20241220,499.0,Success,Credit Card
11580,3233,2441,20241206,199.0,Success,UPI
11581,3234,2442,20240810,499.0,Success,PayPal
11582,3234,2442,20240909,499.0,Success,PayPal
11583,3234,2442,20241009,499.0,Success,Debit Card
11584,3234,2442,20241108,499.0,Success,UPI
11585,3235,2443,20231026,149.0,Success,PayPal
11586,3235,2443,20231125,149.0,Success,UPI
11587,3235,2443,20231225,149.0,Success,Wallet
11588,3236,2444,20231208,149.0,Success,PayPal
11589,3236,2444,20240107,149.0,Success,Debit Card
11590,3236,2444,20240206,149.0,Success,Wallet
11591,3236,2444,20240307,149.0,Success,Debit Card
11592,3236,2444,20240406,149.0,Success,UPI
11593,3236,2444,20240506,149.0,Success,Credit Card
11594,3237,2444,20240624,149.0,Success,Wallet
11595,3238,2445,20230819,499.0,Success,Credit Card
11596,3238,2445,20230918,499.0,Success,PayPal
11597,3238,2445,20231018,499.0,Success,PayPal
11598,3238,2445,20231117,499.0,Success,Credit Card
11599,3238,2445,20231217,499.0,Success,Credit Card
11600,3238,2445,20240116,499.0,Success,Credit Card
11601,3239,2445,20240306,149.0,Success,Wallet
11602,3240,2446,20230703,499.0,Success,Wallet
11603,3240,2446,20230802,499.0,Success,PayPal
11604,3240,2446,20230901,499.0,Success,Wallet
11605,3241,2447,20241106,199.0,Success,UPI
11606,3242,2448,20231212,799.0,Success,UPI
11607,3243,2448,20240131,499.0,Success,Debit Card
11608,3243,2448,20240301,499.0,Success,Wallet
11609,3243,2448,20240331,499.0,Success,Wallet
11610,3243,2448,20240430,499.0,Success,Debit Card
11611,3243,2448,20240530,499.0,Success,Wallet
11612,3243,2448,20240629,499.0,Success,Wallet
11613,3243,2448,20240729,499.0,Success,Debit Card
11614,3243,2448,20240828,499.0,Success,Credit Card
11615,3243,2448,20240927,499.0,Success,PayPal
11616,3243,2448,20241027,499.0,Success,UPI
11617,3243,2448,20241126,499.0,Success,Debit Card
11618,3244,2449,20240205,149.0,Success,Credit Card
11619,3244,2449,20240306,149.0,Success,Debit Card
11620,3244,2449,20240405,149.0,Success,Wallet
11621,3244,2449,20240505,149.0,Success,Debit Card
11622,3244,2449,20240604,149.0,Success,PayPal
11623,3244,2449,20240704,149.0,Success,UPI
11624,3245,2449,20240820,199.0,Success,Wallet
11625,3246,2450,20231017,799.0,Failed,UPI
11626,3246,2450,20231116,799.0,Success,Wallet
11627,3246,2450,20231216,799.0,Success,PayPal
11628,3247,2450,20240203,199.0,Success,Credit Card
11629,3247,2450,20240304,199.0,Success,Debit Card
11630,3247,2450,20240403,199.0,Success,UPI
11631,3247,2450,20240503,199.0,Success,Wallet
11632,3247,2450,20240602,199.0,Success,Wallet
11633,3247,2450,20240702,199.0,Success,Credit Card
11634,3247,2450,20240801,199.0,Success,Credit Card
11635,3247,2450,20240831,199.0,Failed,UPI
11636,3247,2450,20240930,199.0,Success,UPI
11637,3247,2450,20241030,-199.0,Refunded,PayPal
11638,3247,2450,20241129,199.0,Success,Wallet
11639,3248,2451,20240715,199.0,Success,Wallet
11640,3248,2451,20240814,199.0,Success,Wallet
11641,3248,2451,20240913,199.0,Success,Credit Card
11642,3249,2451,20241025,799.0,Success,UPI
11643,3249,2451,20241124,799.0,Success,Wallet
11644,3250,2452,20240817,799.0,Success,UPI
11645,3250,2452,20240916,799.0,Success,Debit Card
11646,3250,2452,20241016,799.0,Success,UPI
11647,3251,2453,20240413,499.0,Success,UPI
11648,3251,2453,20240513,499.0,Success,PayPal
11649,3251,2453,20240612,499.0,Success,UPI
11650,3252,2454,20241213,199.0,Success,Credit Card
11651,3253,2455,20230812,149.0,Success,Debit Card
11652,3254,2455,20230912,499.0,Success,Debit Card
11653,3255,2455,20231015,199.0,Success,UPI
11654,3256,2456,20240106,799.0,Success,Debit Card
11655,3257,2457,20230601,149.0,Success,UPI
11656,3258,2458,20230622,199.0,Success,UPI
11657,3259,2458,20230810,499.0,Success,Credit Card
11658,3259,2458,20230909,499.0,Success,PayPal
11659,3259,2458,20231009,-499.0,Refunded,Credit Card
11660,3260,2458,20231120,499.0,Success,Wallet
11661,3260,2458,20231220,499.0,Success,Credit Card
11662,3260,2458,20240119,499.0,Success,PayPal
11663,3261,2459,20230703,499.0,Success,Debit Card
11664,3261,2459,20230802,499.0,Success,Credit Card
11665,3261,2459,20230901,499.0,Success,Debit Card
11666,3262,2460,20231213,799.0,Success,Wallet
11667,3263,2460,20240114,199.0,Success,UPI
11668,3264,2461,20240218,199.0,Success,Wallet
11669,3264,2461,20240319,199.0,Success,UPI
11670,3264,2461,20240418,199.0,Success,Debit Card
11671,3265,2462,20240515,499.0,Success,UPI
11672,3265,2462,20240614,499.0,Success,PayPal
11673,3265,2462,20240714,499.0,Success,Wallet
11674,3266,2463,20241030,199.0,Failed,UPI
11675,3266,2463,20241129,199.0,Success,UPI
11676,3267,2464,20241117,149.0,Success,Wallet
11677,3268,2465,20241027,149.0,Success,Credit Card
11678,3268,2465,20241126,149.0,Success,PayPal
11679,3269,2466,20240112,149.0,Success,Debit Card
11680,3269,2466,20240211,149.0,Success,Credit Card
11681,3269,2466,20240312,149.0,Success,Debit Card
11682,3269,2466,20240411,149.0,Success,Wallet
11683,3269,2466,20240511,149.0,Success,Debit Card
11684,3269,2466,20240610,149.0,Success,Credit Card
11685,3269,2466,20240710,149.0,Success,Credit Card
11686,3269,2466,20240809,149.0,Success,Credit Card
11687,3269,2466,20240908,149.0,Success,Debit Card
11688,3269,2466,20241008,149.0,Success,PayPal
11689,3269,2466,20241107,149.0,Success,UPI
11690,3270,2467,20240515,799.0,Success,Debit Card
11691,3270,2467,20240614,799.0,Failed,Credit Card
11692,3270,2467,20240714,-799.0,Refunded,Wallet
11693,3271,2467,20240825,799.0,Success,Credit Card
11694,3271,2467,20240924,799.0,Success,UPI
11695,3271,2467,20241024,799.0,Success,UPI
11696,3272,2468,20230124,149.0,Success,UPI
11697,3272,2468,20230223,149.0,Success,PayPal
11698,3272,2468,20230325,149.0,Success,Wallet
11699,3273,2468,20230509,799.0,Success,Wallet
11700,3274,2468,20230616,199.0,Success,Wallet
11701,3275,2469,20231008,149.0,Success,Debit Card
11702,3276,2470,20230705,199.0,Success,PayPal
11703,3277,2471,20240320,149.0,Success,PayPal
11704,3277,2471,20240419,149.0,Success,Credit Card
11705,3277,2471,20240519,149.0,Success,PayPal
11706,3278,2472,20230307,149.0,Success,Credit Card
11707,3278,2472,20230406,149.0,Success,UPI
11708,3278,2472,20230506,149.0,Success,Credit Card
11709,3278,2472,20230605,149.0,Failed,PayPal
11710,3278,2472,20230705,149.0,Success,Credit Card
11711,3278,2472,20230804,149.0,Success,Wallet
11712,3279,2473,20230709,199.0,Success,UPI
11713,3279,2473,20230808,199.0,Success,Credit Card
11714,3279,2473,20230907,-199.0,Refunded,PayPal
11715,3280,2474,20240723,199.0,Success,Debit Card
11716,3281,2475,20230307,149.0,Success,PayPal
11717,3282,2476,20241029,799.0,Success,Debit Card
11718,3283,2477,20241105,149.0,Success,Debit Card
11719,3284,2478,20230704,799.0,Success,PayPal
11720,3284,2478,20230803,799.0,Success,PayPal
11721,3284,2478,20230902,799.0,Success,Debit Card
11722,3284,2478,20231002,799.0,Success,UPI
11723,3284,2478,20231101,799.0,Success,Debit Card
11724,3284,2478,20231201,799.0,Success,Debit Card
11725,3284,2478,20231231,799.0,Success,PayPal
11726,3284,2478,20240130,799.0,Success,UPI
11727,3284,2478,20240229,799.0,Failed,PayPal
11728,3284,2478,20240330,799.0,Success,Debit Card
11729,3284,2478,20240429,799.0,Success,Credit Card
11730,3284,2478,20240529,799.0,Success,PayPal
11731,3285,2478,20240630,149.0,Success,Wallet
11732,3286,2479,20230506,199.0,Success,Wallet
11733,3287,2480,20230615,199.0,Failed,Credit Card
11734,3288,2480,20230722,149.0,Success,UPI
11735,3288,2480,20230821,149.0,Success,PayPal
11736,3288,2480,20230920,149.0,Success,Credit Card
11737,3289,2481,20230205,499.0,Success,PayPal
11738,3290,2481,20230310,199.0,Success,Wallet
11739,3291,2481,20230427,149.0,Success,Wallet
11740,3292,2482,20240108,499.0,Success,Debit Card
11741,3293,2482,20240216,199.0,Success,PayPal
11742,3293,2482,20240317,199.0,Success,Wallet
11743,3293,2482,20240416,199.0,Success,Wallet
11744,3294,2482,20240603,149.0,Success,PayPal
11745,3294,2482,20240703,149.0,Success,PayPal
11746,3294,2482,20240802,149.0,Success,UPI
11747,3294,2482,20240901,149.0,Success,Debit Card
11748,3294,2482,20241001,149.0,Success,Debit Card
11749,3294,2482,20241031,149.0,Success,Wallet
11750,3295,2483,20241104,799.0,Success,Wallet
11751,3296,2484,20240615,799.0,Success,Wallet
11752,3297,2485,20240813,499.0,Success,PayPal
11753,3298,2486,20231227,799.0,Success,Debit Card
11754,3298,2486,20240126,799.0,Success,PayPal
11755,3298,2486,20240225,799.0,Success,Wallet
11756,3298,2486,20240326,799.0,Success,Credit Card
11757,3298,2486,20240425,799.0,Success,Wallet
11758,3298,2486,20240525,799.0,Success,UPI
11759,3298,2486,20240624,799.0,Success,UPI
11760,3298,2486,20240724,799.0,Success,UPI
11761,3298,2486,20240823,799.0,Success,UPI
11762,3298,2486,20240922,799.0,Success,Credit Card
11763,3298,2486,20241022,799.0,Success,Wallet
11764,3298,2486,20241121,799.0,Failed,Wallet
11765,3299,2487,20230412,149.0,Success,Debit Card
11766,3299,2487,20230512,149.0,Success,Wallet
11767,3299,2487,20230611,149.0,Success,UPI
11768,3299,2487,20230711,149.0,Success,PayPal
11769,3299,2487,20230810,149.0,Success,Wallet
11770,3299,2487,20230909,149.0,Success,Debit Card
11771,3300,2487,20231015,149.0,Success,Wallet
11772,3301,2488,20230712,149.0,Success,Debit Card
11773,3302,2488,20230825,499.0,Success,PayPal
11774,3302,2488,20230924,499.0,Success,Debit Card
11775,3302,2488,20231024,499.0,Success,Wallet
11776,3302,2488,20231123,499.0,Success,Credit Card
11777,3302,2488,20231223,499.0,Success,Credit Card
11778,3302,2488,20240122,499.0,Success,PayPal
11779,3302,2488,20240221,499.0,Success,UPI
11780,3302,2488,20240322,499.0,Success,Credit Card
11781,3302,2488,20240421,499.0,Success,UPI
11782,3302,2488,20240521,499.0,Success,Wallet
11783,3302,2488,20240620,499.0,Success,Wallet
11784,3302,2488,20240720,499.0,Success,UPI
11785,3303,2489,20230518,799.0,Success,Debit Card
11786,3303,2489,20230617,799.0,Success,PayPal
11787,3303,2489,20230717,799.0,Success,UPI
11788,3303,2489,20230816,799.0,Success,PayPal
11789,3303,2489,20230915,799.0,Success,Wallet
11790,3303,2489,20231015,799.0,Success,PayPal
11791,3303,2489,20231114,799.0,Success,Credit Card
11792,3303,2489,20231214,799.0,Success,UPI
11793,3303,2489,20240113,799.0,Success,UPI
11794,3303,2489,20240212,799.0,Success,Debit Card
11795,3303,2489,20240313,799.0,Success,Debit Card
11796,3303,2489,20240412,799.0,Success,Debit Card
11797,3304,2489,20240516,499.0,Success,Credit Card
11798,3304,2489,20240615,499.0,Success,PayPal
11799,3304,2489,20240715,499.0,Success,Wallet
11800,3304,2489,20240814,499.0,Success,Debit Card
11801,3304,2489,20240913,499.0,Success,Credit Card
11802,3304,2489,20241013,499.0,Success,Debit Card
11803,3304,2489,20241112,499.0,Success,UPI
11804,3305,2490,20231012,799.0,Success,PayPal
11805,3306,2491,20240717,149.0,Success,UPI
11806,3306,2491,20240816,149.0,Success,PayPal
11807,3306,2491,20240915,149.0,Success,Credit Card
11808,3306,2491,20241015,149.0,Success,Wallet
11809,3306,2491,20241114,149.0,Success,PayPal
11810,3307,2492,20230617,799.0,Success,Credit Card
11811,3308,2493,20241123,499.0,Success,PayPal
11812,3309,2494,20230728,149.0,Success,PayPal
11813,3309,2494,20230827,149.0,Success,UPI
11814,3309,2494,20230926,149.0,Success,Credit Card
11815,3309,2494,20231026,149.0,Success,Debit Card
11816,3309,2494,20231125,149.0,Success,Credit Card
11817,3309,2494,20231225,149.0,Success,Credit Card
11818,3310,2494,20240206,199.0,Success,Credit Card
11819,3310,2494,20240307,199.0,Success,Credit Card
11820,3310,2494,20240406,199.0,Success,Debit Card
11821,3311,2495,20241010,-799.0,Refunded,PayPal
11822,3311,2495,20241109,799.0,Success,Wallet
11823,3312,2496,20240731,149.0,Success,PayPal
11824,3313,2496,20240911,499.0,Success,UPI
11825,3313,2496,20241011,499.0,Success,Wallet
11826,3313,2496,20241110,499.0,Success,Wallet
11827,3314,2496,20241222,799.0,Success,UPI
11828,3315,2497,20230617,149.0,Success,Wallet
11829,3316,2498,20240320,799.0,Success,PayPal
11830,3316,2498,20240419,799.0,Success,Credit Card
11831,3316,2498,20240519,799.0,Success,Credit Card
11832,3317,2498,20240625,499.0,Success,UPI
11833,3317,2498,20240725,499.0,Success,Credit Card
11834,3317,2498,20240824,499.0,Success,Debit Card
11835,3318,2499,20230321,149.0,Success,UPI
11836,3318,2499,20230420,149.0,Success,Debit Card
11837,3318,2499,20230520,149.0,Success,Wallet
11838,3318,2499,20230619,149.0,Success,Credit Card
11839,3318,2499,20230719,149.0,Success,PayPal
11840,3318,2499,20230818,149.0,Success,Debit Card
11841,3319,2500,20240715,799.0,Success,Credit Card
11842,3319,2500,20240814,799.0,Success,Wallet
11843,3319,2500,20240913,799.0,Success,Credit Card
11844,3320,2500,20241102,199.0,Success,UPI
11845,3321,2501,20240107,199.0,Success,Debit Card
11846,3322,2501,20240208,199.0,Success,PayPal
11847,3323,2502,20230820,199.0,Success,PayPal
11848,3323,2502,20230919,199.0,Success,Wallet
11849,3323,2502,20231019,199.0,Failed,Debit Card
11850,3323,2502,20231118,199.0,Success,Debit Card
11851,3323,2502,20231218,199.0,Success,Wallet
11852,3323,2502,20240117,199.0,Success,PayPal
11853,3323,2502,20240216,199.0,Success,Wallet
11854,3323,2502,20240317,199.0,Success,Debit Card
11855,3323,2502,20240416,199.0,Success,PayPal
11856,3323,2502,20240516,199.0,Success,UPI
11857,3323,2502,20240615,199.0,Success,PayPal
11858,3323,2502,20240715,199.0,Success,Debit Card
11859,3324,2502,20240831,799.0,Success,Debit Card
11860,3324,2502,20240930,799.0,Success,PayPal
11861,3324,2502,20241030,799.0,Success,Wallet
11862,3325,2502,20241218,199.0,Success,Wallet
11863,3326,2503,20230816,199.0,Success,PayPal
11864,3326,2503,20230915,199.0,Success,UPI
11865,3326,2503,20231015,199.0,Success,Debit Card
11866,3326,2503,20231114,199.0,Success,Credit Card
11867,3326,2503,20231214,199.0,Success,Credit Card
11868,3326,2503,20240113,199.0,Success,UPI
11869,3326,2503,20240212,199.0,Success,Debit Card
11870,3326,2503,20240313,199.0,Success,UPI
11871,3326,2503,20240412,199.0,Success,Debit Card
11872,3326,2503,20240512,199.0,Success,Wallet
11873,3326,2503,20240611,199.0,Success,PayPal
11874,3326,2503,20240711,199.0,Success,Debit Card
11875,3327,2504,20230507,799.0,Success,Credit Card
11876,3327,2504,20230606,799.0,Success,PayPal
11877,3327,2504,20230706,799.0,Success,UPI
11878,3327,2504,20230805,799.0,Success,PayPal
11879,3327,2504,20230904,799.0,Success,Wallet
11880,3327,2504,20231004,799.0,Success,Debit Card
11881,3328,2504,20231122,199.0,Success,Credit Card
11882,3328,2504,20231222,199.0,Failed,UPI
11883,3328,2504,20240121,199.0,Success,UPI
11884,3328,2504,20240220,199.0,Success,UPI
11885,3328,2504,20240321,199.0,Success,Wallet
11886,3328,2504,20240420,199.0,Success,UPI
11887,3328,2504,20240520,199.0,Success,Credit Card
11888,3328,2504,20240619,199.0,Success,Wallet
11889,3328,2504,20240719,199.0,Failed,Wallet
11890,3328,2504,20240818,199.0,Success,PayPal
11891,3328,2504,20240917,199.0,Success,UPI
11892,3328,2504,20241017,199.0,Success,UPI
11893,3329,2504,20241201,499.0,Success,Wallet
11894,3330,2505,20240825,799.0,Success,PayPal
11895,3330,2505,20240924,799.0,Success,Debit Card
11896,3330,2505,20241024,799.0,Success,UPI
11897,3331,2506,20240808,499.0,Success,Debit Card
11898,3331,2506,20240907,499.0,Success,Wallet
11899,3331,2506,20241007,499.0,Success,UPI
11900,3331,2506,20241106,499.0,Success,Credit Card
11901,3332,2507,20230219,149.0,Success,Wallet
11902,3333,2508,20230705,499.0,Success,Debit Card
11903,3334,2508,20230810,199.0,Success,PayPal
11904,3334,2508,20230909,199.0,Success,PayPal
11905,3334,2508,20231009,199.0,Success,Credit Card
11906,3334,2508,20231108,199.0,Success,UPI
11907,3334,2508,20231208,-199.0,Refunded,PayPal
11908,3334,2508,20240107,199.0,Success,Debit Card
11909,3334,2508,20240206,199.0,Success,PayPal
11910,3334,2508,20240307,199.0,Success,Wallet
11911,3334,2508,20240406,199.0,Success,UPI
11912,3334,2508,20240506,199.0,Success,Credit Card
11913,3334,2508,20240605,199.0,Success,PayPal
11914,3334,2508,20240705,199.0,Success,Credit Card
11915,3335,2509,20240628,199.0,Success,UPI
11916,3335,2509,20240728,199.0,Success,Credit Card
11917,3335,2509,20240827,199.0,Success,Wallet
11918,3335,2509,20240926,199.0,Success,Debit Card
11919,3335,2509,20241026,199.0,Failed,UPI
11920,3335,2509,20241125,199.0,Success,Credit Card
11921,3336,2510,20240503,499.0,Failed,Credit Card
11922,3336,2510,20240602,499.0,Success,Credit Card
11923,3336,2510,20240702,499.0,Success,Debit Card
11924,3336,2510,20240801,499.0,Success,Credit Card
11925,3336,2510,20240831,499.0,Success,Wallet
11926,3336,2510,20240930,499.0,Success,PayPal
11927,3337,2510,20241102,149.0,Success,PayPal
11928,3338,2511,20240609,199.0,Success,Debit Card
11929,3338,2511,20240709,199.0,Success,Credit Card
11930,3338,2511,20240808,199.0,Success,PayPal
11931,3338,2511,20240907,199.0,Success,UPI
11932,3338,2511,20241007,199.0,Success,Wallet
11933,3338,2511,20241106,-199.0,Refunded,Credit Card
11934,3339,2511,20241219,799.0,Success,UPI
11935,3340,2512,20240123,199.0,Success,UPI
11936,3340,2512,20240222,199.0,Success,UPI
11937,3340,2512,20240323,199.0,Success,PayPal
11938,3340,2512,20240422,199.0,Success,PayPal
11939,3340,2512,20240522,199.0,Success,Credit Card
11940,3340,2512,20240621,199.0,Success,Wallet
11941,3340,2512,20240721,199.0,Success,PayPal
11942,3340,2512,20240820,199.0,Success,PayPal
11943,3340,2512,20240919,199.0,Success,PayPal
11944,3340,2512,20241019,199.0,Success,PayPal
11945,3340,2512,20241118,199.0,Success,Credit Card
11946,3341,2513,20241016,499.0,Success,Credit Card
11947,3341,2513,20241115,499.0,Success,UPI
11948,3342,2514,20240915,149.0,Success,Credit Card
11949,3342,2514,20241015,149.0,Success,UPI
11950,3342,2514,20241114,149.0,Success,Debit Card
11951,3343,2515,20231229,499.0,Success,UPI
11952,3343,2515,20240128,499.0,Success,Credit Card
11953,3343,2515,20240227,499.0,Success,Credit Card
11954,3343,2515,20240328,499.0,Success,Credit Card
11955,3343,2515,20240427,499.0,Success,Debit Card
11956,3343,2515,20240527,499.0,Success,PayPal
11957,3344,2515,20240715,799.0,Success,UPI
11958,3345,2516,20240314,149.0,Success,UPI
11959,3345,2516,20240413,149.0,Success,PayPal
11960,3345,2516,20240513,149.0,Success,PayPal
11961,3346,2517,20230823,149.0,Success,UPI
11962,3346,2517,20230922,149.0,Success,PayPal
11963,3346,2517,20231022,149.0,Success,UPI
11964,3346,2517,20231121,149.0,Success,PayPal
11965,3346,2517,20231221,149.0,Success,PayPal
11966,3346,2517,20240120,149.0,Success,UPI
11967,3346,2517,20240219,149.0,Success,PayPal
11968,3346,2517,20240320,149.0,Success,Debit Card
11969,3346,2517,20240419,149.0,Success,Debit Card
11970,3346,2517,20240519,149.0,Success,Wallet
11971,3346,2517,20240618,149.0,Success,PayPal
11972,3346,2517,20240718,149.0,Success,PayPal
11973,3347,2518,20231109,199.0,Success,UPI
11974,3347,2518,20231209,199.0,Success,Credit Card
11975,3347,2518,20240108,199.0,Success,Credit Card
11976,3348,2519,20241011,149.0,Failed,UPI
11977,3348,2519,20241110,149.0,Success,Credit Card
11978,3349,2520,20230406,799.0,Success,PayPal
11979,3349,2520,20230506,799.0,Success,Wallet
11980,3349,2520,20230605,799.0,Success,UPI
11981,3349,2520,20230705,799.0,Success,Wallet
11982,3349,2520,20230804,799.0,Success,Credit Card
11983,3349,2520,20230903,799.0,Failed,Debit Card
11984,3349,2520,20231003,799.0,Success,Debit Card
11985,3349,2520,20231102,799.0,Success,Debit Card
11986,3349,2520,20231202,799.0,Success,Credit Card
11987,3349,2520,20240101,799.0,Success,Wallet
11988,3349,2520,20240131,799.0,Success,UPI
11989,3349,2520,20240301,799.0,Success,PayPal
11990,3350,2521,20231020,799.0,Success,Debit Card
11991,3350,2521,20231119,799.0,Success,Credit Card
11992,3350,2521,20231219,799.0,Success,UPI
11993,3351,2522,20230111,149.0,Success,PayPal
11994,3352,2523,20230520,-199.0,Refunded,Credit Card
11995,3353,2524,20241124,199.0,Success,PayPal
11996,3354,2525,20240923,499.0,Success,Credit Card
11997,3355,2525,20241104,149.0,Success,PayPal
11998,3356,2526,20240311,199.0,Success,UPI
11999,3356,2526,20240410,199.0,Success,Debit Card
12000,3356,2526,20240510,199.0,Success,PayPal
12001,3356,2526,20240609,199.0,Success,Debit Card
12002,3356,2526,20240709,199.0,Success,Credit Card
12003,3356,2526,20240808,199.0,Success,UPI
12004,3356,2526,20240907,199.0,Success,Debit Card
12005,3356,2526,20241007,199.0,Success,UPI
12006,3356,2526,20241106,199.0,Success,Debit Card
12007,3357,2527,20241108,799.0,Success,Wallet
12008,3358,2528,20240404,149.0,Success,Wallet
12009,3359,2529,20240620,499.0,Success,Credit Card
12010,3359,2529,20240720,499.0,Success,PayPal
12011,3359,2529,20240819,499.0,Success,Wallet
12012,3359,2529,20240918,499.0,Success,Credit Card
12013,3359,2529,20241018,499.0,Success,PayPal
12014,3359,2529,20241117,499.0,Success,Debit Card
12015,3360,2530,20230517,799.0,Success,Wallet
12016,3360,2530,20230616,799.0,Success,Debit Card
12017,3360,2530,20230716,799.0,Success,Credit Card
12018,3361,2530,20230904,499.0,Success,Wallet
12019,3361,2530,20231004,499.0,Success,PayPal
12020,3361,2530,20231103,499.0,Success,Credit Card
12021,3362,2531,20240522,199.0,Success,UPI
12022,3363,2532,20231213,149.0,Success,Credit Card
12023,3364,2532,20240128,149.0,Success,PayPal
12024,3365,2533,20230501,149.0,Success,Credit Card
12025,3365,2533,20230531,149.0,Success,Credit Card
12026,3365,2533,20230630,149.0,Success,PayPal
12027,3365,2533,20230730,149.0,Success,PayPal
12028,3365,2533,20230829,149.0,Success,Credit Card
12029,3365,2533,20230928,149.0,Success,PayPal
12030,3366,2534,20230807,799.0,Success,Wallet
12031,3367,2534,20230906,199.0,Success,Credit Card
12032,3367,2534,20231006,199.0,Success,Debit Card
12033,3367,2534,20231105,199.0,Success,PayPal
12034,3367,2534,20231205,199.0,Success,PayPal
12035,3367,2534,20240104,199.0,Success,Credit Card
12036,3367,2534,20240203,199.0,Success,UPI
12037,3367,2534,20240304,199.0,Success,Wallet
12038,3367,2534,20240403,199.0,Success,Credit Card
12039,3367,2534,20240503,199.0,Success,UPI
12040,3367,2534,20240602,199.0,Success,Credit Card
12041,3367,2534,20240702,199.0,Success,Credit Card
12042,3367,2534,20240801,199.0,Success,PayPal
12043,3368,2535,20230811,499.0,Success,Wallet
12044,3368,2535,20230910,499.0,Success,PayPal
12045,3368,2535,20231010,-499.0,Refunded,PayPal
12046,3368,2535,20231109,499.0,Success,Wallet
12047,3368,2535,20231209,499.0,Success,PayPal
12048,3368,2535,20240108,499.0,Success,Debit Card
12049,3368,2535,20240207,-499.0,Refunded,Credit Card
12050,3368,2535,20240308,499.0,Success,Wallet
12051,3368,2535,20240407,499.0,Success,Wallet
12052,3368,2535,20240507,499.0,Failed,UPI
12053,3368,2535,20240606,499.0,Success,PayPal
12054,3368,2535,20240706,499.0,Success,PayPal
12055,3369,2535,20240825,799.0,Success,Credit Card
12056,3369,2535,20240924,799.0,Success,Wallet
12057,3369,2535,20241024,799.0,Success,Wallet
12058,3369,2535,20241123,799.0,Success,PayPal
12059,3370,2536,20240611,199.0,Success,Credit Card
12060,3371,2537,20240514,499.0,Success,Wallet
12061,3372,2537,20240627,499.0,Success,PayPal
12062,3372,2537,20240727,499.0,Success,UPI
12063,3372,2537,20240826,499.0,Success,Wallet
12064,3372,2537,20240925,499.0,Success,PayPal
12065,3372,2537,20241025,499.0,Success,Credit Card
12066,3372,2537,20241124,499.0,Success,Debit Card
12067,3373,2538,20231203,799.0,Success,Debit Card
12068,3374,2539,20230710,149.0,Success,Wallet
12069,3375,2540,20240518,799.0,Success,Wallet
12070,3376,2541,20230607,149.0,Success,Debit Card
12071,3377,2541,20230717,199.0,Success,Credit Card
12072,3378,2542,20230609,799.0,Success,Wallet
12073,3379,2542,20230709,199.0,Success,PayPal
12074,3379,2542,20230808,199.0,Success,Wallet
12075,3379,2542,20230907,-199.0,Refunded,Wallet
12076,3380,2543,20240119,799.0,Success,UPI
12077,3380,2543,20240218,799.0,Success,PayPal
12078,3380,2543,20240319,-799.0,Refunded,PayPal
12079,3380,2543,20240418,799.0,Success,Wallet
12080,3380,2543,20240518,799.0,Success,Wallet
12081,3380,2543,20240617,799.0,Success,Wallet
12082,3380,2543,20240717,799.0,Success,Wallet
12083,3380,2543,20240816,799.0,Success,Debit Card
12084,3380,2543,20240915,799.0,Success,UPI
12085,3380,2543,20241015,799.0,Success,Debit Card
12086,3380,2543,20241114,799.0,Success,PayPal
12087,3381,2544,20240703,499.0,Success,UPI
12088,3381,2544,20240802,499.0,Success,Wallet
12089,3381,2544,20240901,499.0,Success,PayPal
12090,3381,2544,20241001,499.0,Success,Wallet
12091,3381,2544,20241031,499.0,Success,PayPal
12092,3381,2544,20241130,499.0,Success,Wallet
12093,3382,2545,20240325,199.0,Success,PayPal
12094,3383,2546,20230106,499.0,Success,Debit Card
12095,3384,2546,20230209,499.0,Success,PayPal
12096,3385,2547,20230424,499.0,Success,UPI
12097,3385,2547,20230524,499.0,Success,Wallet
12098,3385,2547,20230623,499.0,Success,Debit Card
12099,3386,2548,20240307,199.0,Success,Debit Card
12100,3386,2548,20240406,199.0,Success,Credit Card
12101,3386,2548,20240506,199.0,Success,Credit Card
12102,3386,2548,20240605,199.0,Success,Wallet
12103,3386,2548,20240705,199.0,Success,PayPal
12104,3386,2548,20240804,199.0,Success,Credit Card
12105,3387,2549,20241113,199.0,Success,UPI
12106,3388,2550,20230930,499.0,Success,UPI
12107,3389,2551,20241129,149.0,Success,PayPal
12108,3390,2552,20240214,499.0,Success,UPI
12109,3391,2552,20240323,799.0,Success,Wallet
12110,3391,2552,20240422,799.0,Success,UPI
12111,3391,2552,20240522,799.0,Success,Credit Card
12112,3392,2553,20240203,149.0,Success,Credit Card
12113,3393,2554,20230122,199.0,Success,Debit Card
12114,3394,2555,20241201,199.0,Success,Debit Card
12115,3395,2556,20240315,149.0,Success,PayPal
12116,3395,2556,20240414,149.0,Success,PayPal
12117,3395,2556,20240514,149.0,Success,Debit Card
12118,3396,2557,20231024,199.0,Success,Credit Card
12119,3396,2557,20231123,199.0,Success,Credit Card
12120,3396,2557,20231223,199.0,Success,UPI
12121,3396,2557,20240122,199.0,Success,PayPal
12122,3396,2557,20240221,199.0,Success,PayPal
12123,3396,2557,20240322,199.0,Success,Wallet
12124,3396,2557,20240421,199.0,Success,Credit Card
12125,3396,2557,20240521,199.0,Success,UPI
12126,3396,2557,20240620,199.0,Success,Credit Card
12127,3396,2557,20240720,199.0,Success,Wallet
12128,3396,2557,20240819,199.0,Success,Debit Card
12129,3396,2557,20240918,199.0,Success,Wallet
12130,3397,2558,20230911,799.0,Success,Debit Card
12131,3398,2559,20230913,149.0,Success,UPI
12132,3399,2559,20231019,199.0,Success,PayPal
12133,3399,2559,20231118,199.0,Success,UPI
12134,3399,2559,20231218,199.0,Success,Wallet
12135,3400,2560,20241218,499.0,Success,Credit Card
12136,3401,2561,20240430,199.0,Success,Debit Card
12137,3401,2561,20240530,199.0,Success,PayPal
12138,3401,2561,20240629,199.0,Success,Credit Card
12139,3402,2561,20240815,499.0,Success,PayPal
12140,3402,2561,20240914,499.0,Success,UPI
12141,3402,2561,20241014,499.0,Success,Credit Card
12142,3402,2561,20241113,499.0,Success,Wallet
12143,3403,2562,20240529,799.0,Success,UPI
12144,3403,2562,20240628,799.0,Success,Debit Card
12145,3403,2562,20240728,799.0,Success,Debit Card
12146,3404,2562,20240905,149.0,Success,Credit Card
12147,3404,2562,20241005,149.0,Success,UPI
12148,3404,2562,20241104,149.0,Success,Wallet
12149,3405,2563,20240828,799.0,Success,PayPal
12150,3406,2564,20230516,499.0,Success,Debit Card
12151,3406,2564,20230615,499.0,Success,PayPal
12152,3406,2564,20230715,499.0,Success,Wallet
12153,3407,2565,20230530,149.0,Success,Credit Card
12154,3407,2565,20230629,149.0,Success,Debit Card
12155,3407,2565,20230729,149.0,Success,Credit Card
12156,3407,2565,20230828,149.0,Success,Wallet
12157,3407,2565,20230927,149.0,Success,Credit Card
12158,3407,2565,20231027,149.0,Success,UPI
12159,3407,2565,20231126,149.0,Success,Credit Card
12160,3407,2565,20231226,149.0,Success,Wallet
12161,3407,2565,20240125,149.0,Success,Credit Card
12162,3407,2565,20240224,149.0,Success,Debit Card
12163,3407,2565,20240325,149.0,Success,PayPal
12164,3407,2565,20240424,149.0,Success,Wallet
12165,3408,2565,20240529,149.0,Success,Credit Card
12166,3409,2566,20230222,199.0,Success,Credit Card
12167,3410,2567,20241010,199.0,Success,UPI
12168,3410,2567,20241109,199.0,Success,PayPal
12169,3411,2568,20230304,199.0,Success,Wallet
12170,3411,2568,20230403,199.0,Success,Credit Card
12171,3411,2568,20230503,199.0,Success,UPI
12172,3412,2569,20230423,499.0,Success,PayPal
12173,3412,2569,20230523,499.0,Success,UPI
12174,3412,2569,20230622,499.0,Success,UPI
12175,3413,2570,20241229,799.0,Success,Wallet
12176,3414,2571,20230706,149.0,Success,UPI
12177,3414,2571,20230805,149.0,Success,Credit Card
12178,3414,2571,20230904,149.0,Success,UPI
12179,3414,2571,20231004,149.0,Success,Wallet
12180,3414,2571,20231103,149.0,Success,Credit Card
12181,3414,2571,20231203,149.0,Success,UPI
12182,3415,2571,20240117,199.0,Success,Credit Card
12183,3416,2571,20240301,499.0,Success,Wallet
12184,3417,2572,20231126,149.0,Success,Debit Card
12185,3418,2572,20240103,799.0,Success,Wallet
12186,3419,2573,20240913,799.0,Success,UPI
12187,3419,2573,20241013,799.0,Success,Debit Card
12188,3419,2573,20241112,799.0,Success,PayPal
12189,3420,2574,20240518,199.0,Success,Wallet
12190,3420,2574,20240617,199.0,Success,Wallet
12191,3420,2574,20240717,199.0,Success,Credit Card
12192,3421,2575,20241116,199.0,Success,Credit Card
12193,3422,2576,20230514,499.0,Success,Wallet
12194,3422,2576,20230613,499.0,Success,Debit Card
12195,3422,2576,20230713,499.0,Success,PayPal
12196,3423,2577,20240826,499.0,Success,Wallet
12197,3423,2577,20240925,499.0,Success,Wallet
12198,3423,2577,20241025,499.0,Success,Credit Card
12199,3423,2577,20241124,499.0,Success,Credit Card
12200,3424,2578,20231010,499.0,Success,Wallet
12201,3425,2579,20230419,149.0,Success,Wallet
12202,3426,2580,20230212,149.0,Success,PayPal
12203,3426,2580,20230314,149.0,Success,Credit Card
12204,3426,2580,20230413,149.0,Success,PayPal
12205,3426,2580,20230513,149.0,Success,Wallet
12206,3426,2580,20230612,149.0,Success,Credit Card
12207,3426,2580,20230712,149.0,Failed,UPI
12208,3426,2580,20230811,149.0,Success,UPI
12209,3426,2580,20230910,149.0,Success,Credit Card
12210,3426,2580,20231010,149.0,Success,PayPal
12211,3426,2580,20231109,149.0,Success,PayPal
12212,3426,2580,20231209,149.0,Success,PayPal
12213,3426,2580,20240108,149.0,Success,Credit Card
12214,3427,2581,20230715,149.0,Success,Credit Card
12215,3428,2582,20230318,199.0,Success,PayPal
12216,3429,2582,20230502,799.0,Success,PayPal
12217,3430,2582,20230621,149.0,Success,Debit Card
12218,3430,2582,20230721,149.0,Success,Wallet
12219,3430,2582,20230820,149.0,Success,UPI
12220,3430,2582,20230919,149.0,Success,Debit Card
12221,3430,2582,20231019,149.0,Success,Credit Card
12222,3430,2582,20231118,149.0,Success,PayPal
12223,3430,2582,20231218,149.0,Success,PayPal
12224,3430,2582,20240117,149.0,Failed,Credit Card
12225,3430,2582,20240216,149.0,Success,Wallet
12226,3430,2582,20240317,149.0,Success,Credit Card
12227,3430,2582,20240416,149.0,Success,UPI
12228,3430,2582,20240516,149.0,Success,Wallet
12229,3431,2583,20240430,499.0,Success,UPI
12230,3431,2583,20240530,499.0,Success,Wallet
12231,3431,2583,20240629,499.0,Success,Debit Card
12232,3431,2583,20240729,499.0,Success,UPI
12233,3431,2583,20240828,499.0,Success,Credit Card
12234,3431,2583,20240927,499.0,Success,UPI
12235,3431,2583,20241027,499.0,Success,Wallet
12236,3431,2583,20241126,499.0,Success,PayPal
12237,3432,2584,20230511,199.0,Success,PayPal
12238,3433,2584,20230625,799.0,Success,Wallet
12239,3433,2584,20230725,799.0,Success,UPI
12240,3433,2584,20230824,799.0,Success,PayPal
12241,3433,2584,20230923,799.0,Success,Debit Card
12242,3433,2584,20231023,799.0,Success,UPI
12243,3433,2584,20231122,799.0,Success,Credit Card
12244,3433,2584,20231222,799.0,Success,Credit Card
12245,3433,2584,20240121,799.0,Success,Debit Card
12246,3433,2584,20240220,799.0,Success,Credit Card
12247,3433,2584,20240321,799.0,Success,Debit Card
12248,3433,2584,20240420,799.0,Success,Credit Card
12249,3433,2584,20240520,799.0,Success,UPI
12250,3434,2584,20240708,799.0,Success,Credit Card
12251,3434,2584,20240807,799.0,Success,Wallet
12252,3434,2584,20240906,799.0,Success,PayPal
12253,3435,2585,20240727,799.0,Success,Credit Card
12254,3436,2586,20230501,499.0,Success,PayPal
12255,3436,2586,20230531,499.0,Success,UPI
12256,3436,2586,20230630,499.0,Success,Wallet
12257,3436,2586,20230730,499.0,Success,Wallet
12258,3436,2586,20230829,499.0,Success,Wallet
12259,3436,2586,20230928,499.0,Success,PayPal
12260,3437,2587,20240530,799.0,Success,Debit Card
12261,3437,2587,20240629,799.0,Success,Debit Card
12262,3437,2587,20240729,799.0,Success,UPI
12263,3437,2587,20240828,799.0,Success,Wallet
12264,3437,2587,20240927,799.0,Failed,UPI
12265,3437,2587,20241027,799.0,Success,PayPal
12266,3438,2588,20230513,149.0,Success,PayPal
12267,3439,2589,20241211,799.0,Success,UPI
12268,3440,2590,20241202,799.0,Success,Credit Card
12269,3441,2591,20230619,149.0,Success,Wallet
12270,3441,2591,20230719,149.0,Success,UPI
12271,3441,2591,20230818,149.0,Success,Wallet
12272,3442,2591,20230927,149.0,Failed,UPI
12273,3442,2591,20231027,149.0,Success,Wallet
12274,3442,2591,20231126,149.0,Success,Debit Card
12275,3442,2591,20231226,-149.0,Refunded,Debit Card
12276,3442,2591,20240125,149.0,Success,UPI
12277,3442,2591,20240224,149.0,Success,Credit Card
12278,3442,2591,20240325,149.0,Success,Wallet
12279,3442,2591,20240424,149.0,Success,Wallet
12280,3442,2591,20240524,149.0,Success,Credit Card
12281,3442,2591,20240623,149.0,Success,Credit Card
12282,3442,2591,20240723,149.0,Success,Credit Card
12283,3442,2591,20240822,149.0,Success,Debit Card
12284,3443,2591,20241006,799.0,Success,PayPal
12285,3443,2591,20241105,799.0,Success,Debit Card
12286,3444,2592,20240204,149.0,Failed,Debit Card
12287,3444,2592,20240305,149.0,Success,UPI
12288,3444,2592,20240404,149.0,Success,Wallet
12289,3444,2592,20240504,149.0,Success,Debit Card
12290,3444,2592,20240603,149.0,Success,Debit Card
12291,3444,2592,20240703,149.0,Success,PayPal
12292,3445,2593,20230104,799.0,Success,PayPal
12293,3446,2594,20230110,199.0,Success,PayPal
12294,3446,2594,20230209,199.0,Success,Credit Card
12295,3446,2594,20230311,199.0,Success,Wallet
12296,3446,2594,20230410,199.0,Success,UPI
12297,3446,2594,20230510,199.0,Success,Wallet
12298,3446,2594,20230609,199.0,Success,UPI
12299,3447,2595,20240621,149.0,Success,Debit Card
12300,3447,2595,20240721,149.0,Success,PayPal
12301,3447,2595,20240820,149.0,Success,Wallet
12302,3447,2595,20240919,149.0,Success,Debit Card
12303,3447,2595,20241019,149.0,Success,Debit Card
12304,3447,2595,20241118,149.0,Success,Wallet
12305,3448,2596,20241226,199.0,Success,UPI
12306,3449,2597,20230216,499.0,Success,UPI
12307,3450,2598,20230601,499.0,Success,UPI
12308,3450,2598,20230701,499.0,Success,Debit Card
12309,3450,2598,20230731,499.0,Success,UPI
12310,3450,2598,20230830,499.0,Success,UPI
12311,3450,2598,20230929,499.0,Success,Wallet
12312,3450,2598,20231029,499.0,Success,Debit Card
12313,3451,2599,20230222,799.0,Success,Credit Card
12314,3452,2600,20230804,149.0,Success,Debit Card
12315,3452,2600,20230903,149.0,Success,Wallet
12316,3452,2600,20231003,149.0,Success,Credit Card
12317,3453,2601,20241009,199.0,Success,Credit Card
12318,3453,2601,20241108,199.0,Success,Credit Card
12319,3454,2602,20241223,199.0,Success,UPI
12320,3455,2603,20240918,149.0,Success,UPI
12321,3455,2603,20241018,149.0,Success,PayPal
12322,3455,2603,20241117,149.0,Success,PayPal
12323,3456,2604,20230111,799.0,Success,Wallet
12324,3457,2605,20230630,799.0,Success,UPI
12325,3457,2605,20230730,799.0,Success,Credit Card
12326,3457,2605,20230829,799.0,Success,UPI
12327,3458,2605,20230929,499.0,Failed,Credit Card
12328,3459,2606,20240820,499.0,Success,Debit Card
12329,3459,2606,20240919,499.0,Success,Wallet
12330,3459,2606,20241019,499.0,Success,Wallet
12331,3459,2606,20241118,499.0,Success,UPI
12332,3460,2607,20241031,799.0,Success,UPI
12333,3460,2607,20241130,799.0,Success,Debit Card
12334,3461,2608,20240718,149.0,Success,Debit Card
12335,3462,2608,20240820,499.0,Success,Debit Card
12336,3462,2608,20240919,499.0,Success,PayPal
12337,3462,2608,20241019,499.0,Success,UPI
12338,3462,2608,20241118,499.0,Success,Credit Card
12339,3463,2609,20231003,199.0,Success,Wallet
12340,3463,2609,20231102,199.0,Success,Debit Card
12341,3463,2609,20231202,199.0,Success,Wallet
12342,3463,2609,20240101,199.0,Success,PayPal
12343,3463,2609,20240131,199.0,Success,Debit Card
12344,3463,2609,20240301,199.0,Success,Credit Card
12345,3464,2609,20240414,149.0,Success,PayPal
12346,3465,2610,20240209,499.0,Success,UPI
12347,3466,2610,20240319,799.0,Success,Debit Card
12348,3466,2610,20240418,799.0,Success,UPI
12349,3466,2610,20240518,799.0,Success,Debit Card
12350,3466,2610,20240617,799.0,Success,Debit Card
12351,3466,2610,20240717,799.0,Success,Debit Card
12352,3466,2610,20240816,799.0,Success,UPI
12353,3467,2611,20240320,799.0,Success,Debit Card
12354,3467,2611,20240419,799.0,Success,UPI
12355,3467,2611,20240519,799.0,Success,Debit Card
12356,3468,2612,20240522,499.0,Success,Credit Card
12357,3468,2612,20240621,499.0,Success,Debit Card
12358,3468,2612,20240721,499.0,Failed,Wallet
12359,3468,2612,20240820,-499.0,Refunded,UPI
12360,3468,2612,20240919,499.0,Success,PayPal
12361,3468,2612,20241019,499.0,Success,Wallet
12362,3469,2613,20230630,149.0,Success,PayPal
12363,3469,2613,20230730,149.0,Success,UPI
12364,3469,2613,20230829,149.0,Success,PayPal
12365,3469,2613,20230928,149.0,Success,Debit Card
12366,3469,2613,20231028,149.0,Success,Wallet
12367,3469,2613,20231127,149.0,Success,Credit Card
12368,3470,2613,20240115,799.0,Success,PayPal
12369,3471,2613,20240218,149.0,Success,Debit Card
12370,3471,2613,20240319,149.0,Success,Debit Card
12371,3471,2613,20240418,149.0,Success,UPI
12372,3471,2613,20240518,149.0,Success,Credit Card
12373,3471,2613,20240617,149.0,Success,Credit Card
12374,3471,2613,20240717,149.0,Success,PayPal
12375,3472,2614,20230704,199.0,Success,UPI
12376,3472,2614,20230803,199.0,Success,UPI
12377,3472,2614,20230902,199.0,Success,UPI
12378,3473,2614,20231015,199.0,Success,Wallet
12379,3474,2615,20230701,149.0,Success,Credit Card
12380,3474,2615,20230731,149.0,Success,UPI
12381,3474,2615,20230830,149.0,Success,Wallet
12382,3474,2615,20230929,149.0,Success,Debit Card
12383,3474,2615,20231029,149.0,Success,Wallet
12384,3474,2615,20231128,149.0,Success,UPI
12385,3474,2615,20231228,149.0,Success,Credit Card
12386,3474,2615,20240127,149.0,Success,PayPal
12387,3474,2615,20240226,149.0,Success,Wallet
12388,3474,2615,20240327,149.0,Success,Debit Card
12389,3474,2615,20240426,149.0,Success,Wallet
12390,3474,2615,20240526,149.0,Success,PayPal
12391,3475,2615,20240629,149.0,Success,Debit Card
12392,3475,2615,20240729,149.0,Success,UPI
12393,3475,2615,20240828,149.0,Failed,UPI
12394,3475,2615,20240927,149.0,Success,Wallet
12395,3475,2615,20241027,149.0,Success,PayPal
12396,3475,2615,20241126,149.0,Success,Debit Card
12397,3476,2616,20230527,499.0,Success,Wallet
12398,3477,2616,20230707,799.0,Success,Debit Card
12399,3478,2617,20241022,199.0,Success,PayPal
12400,3478,2617,20241121,199.0,Success,Credit Card
12401,3479,2618,20230113,199.0,Success,PayPal
12402,3480,2618,20230215,499.0,Success,Debit Card
12403,3481,2619,20230423,199.0,Success,UPI
12404,3481,2619,20230523,199.0,Success,Wallet
12405,3481,2619,20230622,199.0,Failed,PayPal
12406,3481,2619,20230722,199.0,Success,Debit Card
12407,3481,2619,20230821,199.0,Success,PayPal
12408,3481,2619,20230920,199.0,Success,Credit Card
12409,3482,2619,20231104,499.0,Success,Wallet
12410,3483,2620,20230214,499.0,Success,Credit Card
12411,3484,2621,20230527,499.0,Success,UPI
12412,3484,2621,20230626,-499.0,Refunded,UPI
12413,3484,2621,20230726,499.0,Success,Wallet
12414,3484,2621,20230825,499.0,Success,Debit Card
12415,3484,2621,20230924,499.0,Success,Debit Card
12416,3484,2621,20231024,499.0,Success,PayPal
12417,3484,2621,20231123,499.0,Success,Debit Card
12418,3484,2621,20231223,499.0,Success,Debit Card
12419,3484,2621,20240122,499.0,Success,Credit Card
12420,3484,2621,20240221,499.0,Success,PayPal
12421,3484,2621,20240322,499.0,Success,PayPal
12422,3484,2621,20240421,499.0,Success,UPI
12423,3485,2621,20240610,499.0,Success,Credit Card
12424,3486,2621,20240720,499.0,Success,Credit Card
12425,3487,2622,20230110,199.0,Success,Credit Card
12426,3488,2622,20230213,499.0,Success,UPI
12427,3488,2622,20230315,-499.0,Refunded,Debit Card
12428,3488,2622,20230414,499.0,Success,Debit Card
12429,3488,2622,20230514,499.0,Success,PayPal
12430,3488,2622,20230613,499.0,Success,Credit Card
12431,3488,2622,20230713,499.0,Success,Debit Card
12432,3488,2622,20230812,499.0,Success,UPI
12433,3488,2622,20230911,499.0,Success,Credit Card
12434,3488,2622,20231011,499.0,Success,UPI
12435,3488,2622,20231110,499.0,Success,PayPal
12436,3488,2622,20231210,499.0,Success,PayPal
12437,3488,2622,20240109,499.0,Success,UPI
12438,3489,2623,20241225,499.0,Success,PayPal
12439,3490,2624,20240730,799.0,Success,Wallet
12440,3490,2624,20240829,799.0,Success,Wallet
12441,3490,2624,20240928,799.0,Success,PayPal
12442,3490,2624,20241028,799.0,Success,Debit Card
12443,3490,2624,20241127,799.0,Success,PayPal
12444,3491,2625,20240505,149.0,Success,Credit Card
12445,3492,2626,20231001,149.0,Success,Debit Card
12446,3493,2627,20230215,149.0,Success,PayPal
12447,3493,2627,20230317,149.0,Success,Wallet
12448,3493,2627,20230416,149.0,Success,Wallet
12449,3493,2627,20230516,149.0,Success,Wallet
12450,3493,2627,20230615,149.0,Success,PayPal
12451,3493,2627,20230715,149.0,Success,Credit Card
12452,3493,2627,20230814,149.0,Success,Wallet
12453,3493,2627,20230913,149.0,Success,Credit Card
12454,3493,2627,20231013,149.0,Success,UPI
12455,3493,2627,20231112,149.0,Success,Debit Card
12456,3493,2627,20231212,149.0,Success,Wallet
12457,3493,2627,20240111,149.0,Success,Debit Card
12458,3494,2627,20240219,799.0,Success,Wallet
12459,3494,2627,20240320,799.0,Success,Wallet
12460,3494,2627,20240419,799.0,Success,Wallet
12461,3494,2627,20240519,799.0,Success,Credit Card
12462,3494,2627,20240618,799.0,Success,Debit Card
12463,3494,2627,20240718,799.0,Success,Debit Card
12464,3495,2627,20240828,799.0,Success,Debit Card
12465,3496,2628,20240301,199.0,Success,Wallet
12466,3496,2628,20240331,199.0,Failed,PayPal
12467,3496,2628,20240430,199.0,Success,UPI
12468,3496,2628,20240530,199.0,Success,PayPal
12469,3496,2628,20240629,199.0,Success,UPI
12470,3496,2628,20240729,199.0,Success,Debit Card
12471,3496,2628,20240828,199.0,Success,PayPal
12472,3496,2628,20240927,199.0,Success,PayPal
12473,3496,2628,20241027,199.0,Success,UPI
12474,3496,2628,20241126,199.0,Success,UPI
12475,3497,2629,20230821,149.0,Success,UPI
12476,3497,2629,20230920,-149.0,Refunded,Credit Card
12477,3497,2629,20231020,149.0,Success,Debit Card
12478,3498,2630,20231021,799.0,Success,UPI
12479,3499,2631,20241204,799.0,Success,PayPal
12480,3500,2632,20230623,799.0,Success,Debit Card
12481,3501,2632,20230811,799.0,Success,Debit Card
12482,3501,2632,20230910,799.0,Success,Debit Card
12483,3501,2632,20231010,799.0,Success,Credit Card
12484,3501,2632,20231109,799.0,Success,Wallet
12485,3501,2632,20231209,799.0,Success,Debit Card
12486,3501,2632,20240108,799.0,Success,UPI
12487,3502,2633,20231016,149.0,Success,PayPal
12488,3503,2633,20231204,149.0,Success,UPI
12489,3504,2634,20240105,199.0,Success,UPI
12490,3504,2634,20240204,199.0,Failed,Debit Card
12491,3504,2634,20240305,199.0,Success,Wallet
12492,3504,2634,20240404,199.0,Success,Wallet
12493,3504,2634,20240504,-199.0,Refunded,PayPal
12494,3504,2634,20240603,199.0,Success,Credit Card
12495,3504,2634,20240703,199.0,Success,Debit Card
12496,3504,2634,20240802,199.0,Success,Wallet
12497,3504,2634,20240901,199.0,Success,Credit Card
12498,3504,2634,20241001,199.0,Success,PayPal
12499,3504,2634,20241031,199.0,Success,Credit Card
12500,3504,2634,20241130,199.0,Success,Wallet
12501,3505,2635,20230702,149.0,Success,PayPal
12502,3505,2635,20230801,149.0,Success,Credit Card
12503,3505,2635,20230831,149.0,Success,PayPal
12504,3506,2636,20241126,149.0,Success,Wallet
12505,3507,2637,20231105,799.0,Success,Wallet
12506,3507,2637,20231205,799.0,Success,Debit Card
12507,3507,2637,20240104,799.0,Success,Wallet
12508,3507,2637,20240203,799.0,Success,Wallet
12509,3507,2637,20240304,799.0,Success,UPI
12510,3507,2637,20240403,799.0,Success,UPI
12511,3508,2638,20230417,199.0,Success,Credit Card
12512,3509,2638,20230606,149.0,Success,Credit Card
12513,3509,2638,20230706,149.0,Success,PayPal
12514,3509,2638,20230805,149.0,Success,Wallet
12515,3509,2638,20230904,149.0,Success,Debit Card
12516,3509,2638,20231004,149.0,Success,Wallet
12517,3509,2638,20231103,149.0,Success,Debit Card
12518,3510,2639,20230929,799.0,Success,Wallet
12519,3511,2640,20230602,-799.0,Refunded,Debit Card
12520,3512,2641,20240402,799.0,Success,Credit Card
12521,3513,2642,20230310,199.0,Success,PayPal
12522,3513,2642,20230409,199.0,Success,Debit Card
12523,3513,2642,20230509,199.0,Success,Wallet
12524,3513,2642,20230608,199.0,Success,Wallet
12525,3513,2642,20230708,199.0,Success,PayPal
12526,3513,2642,20230807,199.0,Success,Credit Card
12527,3513,2642,20230906,199.0,Success,UPI
12528,3513,2642,20231006,199.0,Success,Debit Card
12529,3513,2642,20231105,199.0,Success,PayPal
12530,3513,2642,20231205,199.0,Success,Wallet
12531,3513,2642,20240104,199.0,Success,UPI
12532,3513,2642,20240203,199.0,Success,PayPal
12533,3514,2643,20231013,149.0,Success,Credit Card
12534,3515,2643,20231115,149.0,Success,Credit Card
12535,3516,2643,20231227,149.0,Success,Debit Card
12536,3517,2644,20230706,199.0,Success,PayPal
12537,3518,2645,20240507,499.0,Success,Debit Card
12538,3519,2645,20240623,799.0,Success,Credit Card
12539,3519,2645,20240723,-799.0,Refunded,UPI
12540,3519,2645,20240822,799.0,Success,PayPal
12541,3519,2645,20240921,799.0,Success,Wallet
12542,3519,2645,20241021,799.0,Success,UPI
12543,3519,2645,20241120,799.0,Success,PayPal
12544,3520,2646,20241013,799.0,Success,Debit Card
12545,3520,2646,20241112,799.0,Success,UPI
12546,3521,2647,20230909,199.0,Success,Credit Card
12547,3522,2648,20240630,199.0,Success,Wallet
12548,3522,2648,20240730,199.0,Success,PayPal
12549,3522,2648,20240829,199.0,Failed,Wallet
12550,3522,2648,20240928,199.0,Success,UPI
12551,3522,2648,20241028,199.0,Failed,Credit Card
12552,3522,2648,20241127,199.0,Success,Debit Card
12553,3523,2649,20240129,199.0,Success,Debit Card
12554,3524,2650,20240814,149.0,Success,UPI
12555,3525,2650,20241003,499.0,Success,Debit Card
12556,3525,2650,20241102,499.0,Success,Wallet
12557,3526,2651,20230331,149.0,Success,Wallet
12558,3526,2651,20230430,149.0,Success,Wallet
12559,3526,2651,20230530,149.0,Success,Wallet
12560,3527,2652,20230118,799.0,Success,Wallet
12561,3527,2652,20230217,799.0,Success,Credit Card
12562,3527,2652,20230319,799.0,Success,Wallet
12563,3527,2652,20230418,799.0,Success,Wallet
12564,3527,2652,20230518,799.0,Success,Wallet
12565,3527,2652,20230617,799.0,Success,PayPal
12566,3528,2653,20230423,499.0,Success,Credit Card
12567,3528,2653,20230523,499.0,Success,Wallet
12568,3528,2653,20230622,499.0,Success,Credit Card
12569,3528,2653,20230722,499.0,Success,Credit Card
12570,3528,2653,20230821,499.0,Success,Credit Card
12571,3528,2653,20230920,499.0,Success,PayPal
12572,3528,2653,20231020,499.0,Success,Credit Card
12573,3528,2653,20231119,499.0,Success,UPI
12574,3528,2653,20231219,499.0,Success,Wallet
12575,3528,2653,20240118,499.0,Success,Debit Card
12576,3528,2653,20240217,499.0,Failed,Debit Card
12577,3528,2653,20240318,499.0,Success,PayPal
12578,3529,2654,20230523,799.0,Success,Credit Card
12579,3529,2654,20230622,799.0,Success,Debit Card
12580,3529,2654,20230722,799.0,Success,PayPal
12581,3530,2655,20240718,149.0,Success,Wallet
12582,3530,2655,20240817,149.0,Success,Credit Card
12583,3530,2655,20240916,149.0,Success,Wallet
12584,3530,2655,20241016,149.0,Success,UPI
12585,3530,2655,20241115,149.0,Success,Wallet
12586,3531,2656,20230227,499.0,Success,Wallet
12587,3532,2657,20241221,499.0,Success,UPI
12588,3533,2658,20240310,199.0,Success,UPI
12589,3534,2658,20240428,499.0,Success,UPI
12590,3534,2658,20240528,499.0,Success,Debit Card
12591,3534,2658,20240627,499.0,Success,PayPal
12592,3534,2658,20240727,499.0,Success,Debit Card
12593,3534,2658,20240826,499.0,Success,Credit Card
12594,3534,2658,20240925,499.0,Success,Debit Card
12595,3535,2659,20240818,149.0,Success,Debit Card
12596,3535,2659,20240917,149.0,Success,PayPal
12597,3535,2659,20241017,149.0,Success,PayPal
12598,3535,2659,20241116,149.0,Success,PayPal
12599,3536,2660,20230611,199.0,Success,PayPal
12600,3536,2660,20230711,199.0,Success,Debit Card
12601,3536,2660,20230810,199.0,Success,Wallet
12602,3536,2660,20230909,199.0,Success,Debit Card
12603,3536,2660,20231009,199.0,Success,Credit Card
12604,3536,2660,20231108,199.0,Success,Wallet
12605,3536,2660,20231208,199.0,Success,Credit Card
12606,3536,2660,20240107,199.0,Success,Wallet
12607,3536,2660,20240206,199.0,Success,Credit Card
12608,3536,2660,20240307,199.0,Success,UPI
12609,3536,2660,20240406,199.0,Success,Debit Card
12610,3536,2660,20240506,199.0,Success,Wallet
12611,3537,2661,20230908,799.0,Failed,UPI
12612,3537,2661,20231008,799.0,Success,Debit Card
12613,3537,2661,20231107,799.0,Success,Credit Card
12614,3537,2661,20231207,799.0,Success,Wallet
12615,3537,2661,20240106,799.0,Success,PayPal
12616,3537,2661,20240205,799.0,Success,Wallet
12617,3537,2661,20240306,799.0,Success,PayPal
12618,3537,2661,20240405,799.0,Success,UPI
12619,3537,2661,20240505,799.0,Success,PayPal
12620,3537,2661,20240604,799.0,Success,Wallet
12621,3537,2661,20240704,799.0,Success,UPI
12622,3537,2661,20240803,799.0,Success,Debit Card
12623,3538,2662,20240302,799.0,Success,Credit Card
12624,3538,2662,20240401,799.0,Success,Wallet
12625,3538,2662,20240501,799.0,Success,Credit Card
12626,3538,2662,20240531,799.0,Success,Wallet
12627,3538,2662,20240630,799.0,Success,Credit Card
12628,3538,2662,20240730,799.0,Success,Credit Card
12629,3538,2662,20240829,799.0,Success,Wallet
12630,3538,2662,20240928,799.0,Success,PayPal
12631,3538,2662,20241028,799.0,Success,UPI
12632,3538,2662,20241127,799.0,Success,PayPal
12633,3539,2663,20230524,799.0,Success,Debit Card
12634,3539,2663,20230623,799.0,Success,Wallet
12635,3539,2663,20230723,799.0,Success,Credit Card
12636,3540,2663,20230823,199.0,Success,Debit Card
12637,3541,2664,20240426,149.0,Success,Credit Card
12638,3542,2665,20241022,799.0,Success,Credit Card
12639,3542,2665,20241121,799.0,Success,Debit Card
12640,3543,2666,20230303,149.0,Success,PayPal
12641,3544,2667,20240530,499.0,Success,UPI
12642,3544,2667,20240629,499.0,Success,Wallet
12643,3544,2667,20240729,499.0,Success,PayPal
12644,3544,2667,20240828,499.0,Success,UPI
12645,3544,2667,20240927,499.0,Success,PayPal
12646,3544,2667,20241027,499.0,Success,Credit Card
12647,3545,2667,20241129,199.0,Success,Debit Card
12648,3546,2667,20241230,799.0,Success,Credit Card
12649,3547,2668,20241127,799.0,Success,Debit Card
12650,3548,2669,20240808,799.0,Success,Debit Card
12651,3548,2669,20240907,799.0,Success,Credit Card
12652,3548,2669,20241007,799.0,Success,Debit Card
12653,3548,2669,20241106,799.0,Success,Credit Card
12654,3549,2670,20230610,499.0,Success,PayPal
12655,3550,2671,20230509,799.0,Success,Wallet
12656,3550,2671,20230608,799.0,Success,Credit Card
12657,3550,2671,20230708,799.0,Success,PayPal
12658,3550,2671,20230807,799.0,Success,Credit Card
12659,3550,2671,20230906,799.0,Success,UPI
12660,3550,2671,20231006,799.0,Success,Debit Card
12661,3550,2671,20231105,799.0,Success,Debit Card
12662,3550,2671,20231205,799.0,Success,Debit Card
12663,3550,2671,20240104,799.0,Success,PayPal
12664,3550,2671,20240203,799.0,Success,UPI
12665,3550,2671,20240304,799.0,Success,Wallet
12666,3550,2671,20240403,799.0,Failed,Wallet
12667,3551,2672,20230813,149.0,Success,Wallet
12668,3551,2672,20230912,149.0,Success,Credit Card
12669,3551,2672,20231012,149.0,Success,Credit Card
12670,3552,2672,20231130,149.0,Success,Wallet
12671,3553,2673,20240726,149.0,Success,UPI
12672,3553,2673,20240825,149.0,Success,Wallet
12673,3553,2673,20240924,149.0,Success,Debit Card
12674,3553,2673,20241024,149.0,Success,Credit Card
12675,3553,2673,20241123,149.0,Success,PayPal
12676,3554,2674,20240424,499.0,Success,Debit Card
12677,3555,2675,20240125,799.0,Success,Credit Card
12678,3555,2675,20240224,799.0,Success,UPI
12679,3555,2675,20240325,799.0,Success,Credit Card
12680,3555,2675,20240424,799.0,Success,PayPal
12681,3555,2675,20240524,799.0,Success,UPI
12682,3555,2675,20240623,799.0,Success,Debit Card
12683,3555,2675,20240723,799.0,Success,PayPal
12684,3555,2675,20240822,799.0,Success,Debit Card
12685,3555,2675,20240921,799.0,Success,PayPal
12686,3555,2675,20241021,799.0,Success,Credit Card
12687,3555,2675,20241120,799.0,Success,Wallet
12688,3556,2676,20240310,149.0,Success,Wallet
12689,3557,2677,20240107,149.0,Failed,Credit Card
12690,3557,2677,20240206,149.0,Success,Credit Card
12691,3557,2677,20240307,149.0,Success,Wallet
12692,3557,2677,20240406,149.0,Success,UPI
12693,3557,2677,20240506,149.0,Success,Debit Card
12694,3557,2677,20240605,149.0,Success,Credit Card
12695,3557,2677,20240705,149.0,Success,Credit Card
12696,3557,2677,20240804,149.0,Success,Credit Card
12697,3557,2677,20240903,149.0,Success,Credit Card
12698,3557,2677,20241003,149.0,Success,PayPal
12699,3557,2677,20241102,149.0,Success,Wallet
12700,3558,2678,20230903,499.0,Success,Debit Card
12701,3559,2678,20231005,149.0,Success,UPI
12702,3560,2679,20230805,799.0,Success,Credit Card
12703,3561,2680,20230712,149.0,Success,Debit Card
12704,3561,2680,20230811,149.0,Success,PayPal
12705,3561,2680,20230910,149.0,Success,Debit Card
12706,3561,2680,20231010,149.0,Success,Debit Card
12707,3561,2680,20231109,149.0,Success,Debit Card
12708,3561,2680,20231209,149.0,Success,Wallet
12709,3562,2680,20240124,149.0,Success,Credit Card
12710,3562,2680,20240223,149.0,Success,Credit Card
12711,3562,2680,20240324,149.0,Success,Debit Card
12712,3562,2680,20240423,149.0,Success,PayPal
12713,3562,2680,20240523,149.0,Success,Credit Card
12714,3562,2680,20240622,149.0,Success,Debit Card
12715,3562,2680,20240722,149.0,Success,Credit Card
12716,3562,2680,20240821,149.0,Success,Wallet
12717,3562,2680,20240920,149.0,Success,Wallet
12718,3562,2680,20241020,149.0,Failed,Credit Card
12719,3562,2680,20241119,149.0,Success,Wallet
12720,3563,2681,20230904,799.0,Success,UPI
12721,3563,2681,20231004,799.0,Success,Credit Card
12722,3563,2681,20231103,799.0,Success,Credit Card
12723,3564,2681,20231219,799.0,Success,UPI
12724,3564,2681,20240118,799.0,Success,PayPal
12725,3564,2681,20240217,799.0,Success,Wallet
12726,3564,2681,20240318,799.0,Success,PayPal
12727,3564,2681,20240417,799.0,Success,Credit Card
12728,3564,2681,20240517,799.0,Success,Debit Card
12729,3565,2681,20240618,499.0,Success,PayPal
12730,3565,2681,20240718,499.0,Success,Credit Card
12731,3565,2681,20240817,499.0,Success,PayPal
12732,3566,2682,20230215,499.0,Success,PayPal
12733,3566,2682,20230317,499.0,Success,Debit Card
12734,3566,2682,20230416,499.0,Success,PayPal
12735,3566,2682,20230516,499.0,Success,Debit Card
12736,3566,2682,20230615,499.0,Success,Credit Card
12737,3566,2682,20230715,499.0,Success,UPI
12738,3567,2683,20230219,149.0,Success,UPI
12739,3568,2683,20230331,199.0,Success,Credit Card
12740,3568,2683,20230430,199.0,Success,Wallet
12741,3568,2683,20230530,199.0,Success,Wallet
12742,3568,2683,20230629,199.0,Success,Credit Card
12743,3568,2683,20230729,199.0,Success,PayPal
12744,3568,2683,20230828,199.0,Success,Debit Card
12745,3568,2683,20230927,-199.0,Refunded,UPI
12746,3568,2683,20231027,199.0,Success,Debit Card
12747,3568,2683,20231126,199.0,Failed,Debit Card
12748,3568,2683,20231226,199.0,Success,Debit Card
12749,3568,2683,20240125,199.0,Success,UPI
12750,3568,2683,20240224,199.0,Success,Credit Card
12751,3569,2684,20240101,199.0,Success,Credit Card
12752,3570,2685,20231119,799.0,Success,PayPal
12753,3570,2685,20231219,799.0,Success,Debit Card
12754,3570,2685,20240118,799.0,Success,PayPal
12755,3571,2685,20240224,149.0,Success,Debit Card
12756,3571,2685,20240325,149.0,Success,UPI
12757,3571,2685,20240424,149.0,Success,Credit Card
12758,3572,2686,20241220,799.0,Success,Credit Card
12759,3573,2687,20240530,499.0,Success,UPI
12760,3574,2688,20230125,149.0,Success,Wallet
12761,3574,2688,20230224,149.0,Success,UPI
12762,3574,2688,20230326,149.0,Success,PayPal
12763,3575,2689,20230208,499.0,Success,Credit Card
12764,3576,2690,20230322,799.0,Success,PayPal
12765,3577,2690,20230427,149.0,Success,Debit Card
12766,3578,2691,20230809,199.0,Success,Credit Card
12767,3578,2691,20230908,199.0,Success,UPI
12768,3578,2691,20231008,199.0,Success,Credit Card
12769,3578,2691,20231107,199.0,Success,UPI
12770,3578,2691,20231207,199.0,Success,Credit Card
12771,3578,2691,20240106,199.0,Success,Debit Card
12772,3578,2691,20240205,199.0,Failed,Debit Card
12773,3578,2691,20240306,199.0,Success,Debit Card
12774,3578,2691,20240405,199.0,Success,Credit Card
12775,3578,2691,20240505,199.0,Success,Wallet
12776,3578,2691,20240604,199.0,Success,PayPal
12777,3578,2691,20240704,199.0,Success,PayPal
12778,3579,2692,20230614,799.0,Success,Debit Card
12779,3579,2692,20230714,799.0,Failed,Credit Card
12780,3579,2692,20230813,799.0,Success,Wallet
12781,3579,2692,20230912,799.0,Success,Debit Card
12782,3579,2692,20231012,799.0,Success,UPI
12783,3579,2692,20231111,799.0,Success,Credit Card
12784,3580,2693,20241029,199.0,Success,PayPal
12785,3581,2693,20241130,499.0,Success,UPI
12786,3582,2694,20230515,149.0,Success,Credit Card
12787,3582,2694,20230614,149.0,Success,Debit Card
12788,3582,2694,20230714,149.0,Success,UPI
12789,3582,2694,20230813,149.0,Success,Wallet
12790,3582,2694,20230912,149.0,Success,PayPal
12791,3582,2694,20231012,149.0,Success,PayPal
12792,3582,2694,20231111,149.0,Success,UPI
12793,3582,2694,20231211,149.0,Success,Debit Card
12794,3582,2694,20240110,149.0,Success,Debit Card
12795,3582,2694,20240209,149.0,Success,Wallet
12796,3582,2694,20240310,149.0,Success,Credit Card
12797,3582,2694,20240409,149.0,Success,Debit Card
12798,3583,2695,20240317,149.0,Success,PayPal
12799,3584,2696,20240201,799.0,Success,Debit Card
12800,3584,2696,20240302,799.0,Success,Wallet
12801,3584,2696,20240401,799.0,Success,UPI
12802,3584,2696,20240501,799.0,Success,PayPal
12803,3584,2696,20240531,799.0,Success,UPI
12804,3584,2696,20240630,799.0,Success,Debit Card
12805,3584,2696,20240730,799.0,Success,Debit Card
12806,3584,2696,20240829,799.0,Success,Wallet
12807,3584,2696,20240928,799.0,Success,Credit Card
12808,3584,2696,20241028,799.0,Success,Wallet
12809,3584,2696,20241127,799.0,Success,UPI
12810,3585,2697,20230318,799.0,Success,Wallet
12811,3585,2697,20230417,799.0,Success,Credit Card
12812,3585,2697,20230517,799.0,Success,Credit Card
12813,3585,2697,20230616,799.0,Success,Credit Card
12814,3585,2697,20230716,799.0,Success,Wallet
12815,3585,2697,20230815,799.0,Success,UPI
12816,3586,2697,20230923,199.0,Success,Credit Card
12817,3586,2697,20231023,199.0,Success,PayPal
12818,3586,2697,20231122,199.0,Success,Debit Card
12819,3586,2697,20231222,199.0,Success,PayPal
12820,3586,2697,20240121,199.0,Success,PayPal
12821,3586,2697,20240220,199.0,Success,UPI
12822,3586,2697,20240321,199.0,Success,Credit Card
12823,3586,2697,20240420,199.0,Failed,Credit Card
12824,3586,2697,20240520,199.0,Success,UPI
12825,3586,2697,20240619,199.0,Success,PayPal
12826,3586,2697,20240719,199.0,Success,Wallet
12827,3586,2697,20240818,199.0,Success,Debit Card
12828,3587,2698,20230410,499.0,Success,Credit Card
12829,3587,2698,20230510,499.0,Success,UPI
12830,3587,2698,20230609,499.0,Success,PayPal
12831,3588,2699,20240714,149.0,Success,UPI
12832,3588,2699,20240813,149.0,Success,Credit Card
12833,3588,2699,20240912,149.0,Success,Credit Card
12834,3588,2699,20241012,149.0,Success,Debit Card
12835,3588,2699,20241111,149.0,Success,Wallet
12836,3589,2700,20230623,799.0,Success,UPI
12837,3589,2700,20230723,-799.0,Refunded,UPI
12838,3589,2700,20230822,799.0,Success,UPI
12839,3589,2700,20230921,799.0,Success,Wallet
12840,3589,2700,20231021,799.0,Success,UPI
12841,3589,2700,20231120,799.0,Success,PayPal
12842,3590,2700,20240108,799.0,Success,UPI
12843,3591,2700,20240212,799.0,Success,Debit Card
12844,3591,2700,20240313,799.0,Success,Credit Card
12845,3591,2700,20240412,799.0,Failed,Credit Card
12846,3591,2700,20240512,799.0,Success,Wallet
12847,3591,2700,20240611,799.0,Success,Credit Card
12848,3591,2700,20240711,799.0,Success,Wallet
12849,3592,2701,20240108,499.0,Success,Credit Card
12850,3593,2702,20240416,149.0,Success,Debit Card
12851,3594,2703,20240328,499.0,Success,Debit Card
12852,3595,2704,20240805,149.0,Success,Debit Card
12853,3595,2704,20240904,149.0,Success,Credit Card
12854,3595,2704,20241004,149.0,Success,Credit Card
12855,3595,2704,20241103,149.0,Success,PayPal
12856,3596,2705,20240215,149.0,Success,UPI
12857,3596,2705,20240316,149.0,Success,Credit Card
12858,3596,2705,20240415,149.0,Success,Wallet
12859,3596,2705,20240515,149.0,Success,Wallet
12860,3596,2705,20240614,149.0,Success,Wallet
12861,3596,2705,20240714,149.0,Success,Wallet
12862,3596,2705,20240813,149.0,Success,Credit Card
12863,3596,2705,20240912,149.0,Success,PayPal
12864,3596,2705,20241012,149.0,Success,Credit Card
12865,3596,2705,20241111,149.0,Success,Wallet
12866,3597,2706,20230513,799.0,Success,Credit Card
12867,3598,2706,20230628,149.0,Success,PayPal
12868,3598,2706,20230728,149.0,Success,UPI
12869,3598,2706,20230827,149.0,Success,Credit Card
12870,3598,2706,20230926,149.0,Success,PayPal
12871,3598,2706,20231026,149.0,Success,UPI
12872,3598,2706,20231125,149.0,Success,Credit Card
12873,3599,2707,20231118,199.0,Success,Wallet
12874,3599,2707,20231218,199.0,Success,Debit Card
12875,3599,2707,20240117,199.0,Success,PayPal
12876,3599,2707,20240216,199.0,Success,PayPal
12877,3599,2707,20240317,199.0,Success,PayPal
12878,3599,2707,20240416,199.0,Success,UPI
12879,3599,2707,20240516,199.0,Failed,Credit Card
12880,3599,2707,20240615,199.0,Success,UPI
12881,3599,2707,20240715,199.0,Success,PayPal
12882,3599,2707,20240814,199.0,Success,Credit Card
12883,3599,2707,20240913,199.0,Success,PayPal
12884,3599,2707,20241013,199.0,Success,Debit Card
12885,3600,2707,20241127,149.0,Success,Debit Card
12886,3601,2708,20240405,149.0,Success,Wallet
12887,3602,2708,20240505,149.0,Success,UPI
12888,3603,2709,20230213,799.0,Success,Debit Card
12889,3603,2709,20230315,799.0,Success,Wallet
12890,3603,2709,20230414,799.0,Success,PayPal
12891,3604,2710,20230908,799.0,Success,UPI
12892,3604,2710,20231008,799.0,Success,PayPal
12893,3604,2710,20231107,799.0,Success,Wallet
12894,3604,2710,20231207,799.0,Success,Wallet
12895,3604,2710,20240106,799.0,Success,PayPal
12896,3604,2710,20240205,799.0,Success,Debit Card
12897,3605,2711,20230418,499.0,Success,Credit Card
12898,3605,2711,20230518,499.0,Success,Debit Card
12899,3605,2711,20230617,499.0,Success,Credit Card
12900,3605,2711,20230717,499.0,Success,UPI
12901,3605,2711,20230816,499.0,Success,Wallet
12902,3605,2711,20230915,499.0,Success,PayPal
12903,3606,2711,20231016,199.0,Success,Credit Card
12904,3606,2711,20231115,199.0,Success,Credit Card
12905,3606,2711,20231215,199.0,Success,Debit Card
12906,3607,2711,20240124,799.0,Success,PayPal
12907,3607,2711,20240223,799.0,Success,UPI
12908,3607,2711,20240324,799.0,Success,Debit Card
12909,3607,2711,20240423,799.0,Success,UPI
12910,3607,2711,20240523,799.0,Success,PayPal
12911,3607,2711,20240622,799.0,Success,PayPal
12912,3607,2711,20240722,799.0,Success,UPI
12913,3607,2711,20240821,799.0,Success,Credit Card
12914,3607,2711,20240920,799.0,Success,UPI
12915,3607,2711,20241020,799.0,Success,UPI
12916,3607,2711,20241119,799.0,Success,Debit Card
12917,3608,2712,20230316,149.0,Success,PayPal
12918,3609,2713,20230406,499.0,Success,Credit Card
12919,3609,2713,20230506,499.0,Success,Wallet
12920,3609,2713,20230605,499.0,Success,PayPal
12921,3609,2713,20230705,499.0,Success,UPI
12922,3609,2713,20230804,499.0,Success,UPI
12923,3609,2713,20230903,499.0,Success,Debit Card
12924,3609,2713,20231003,499.0,Success,Credit Card
12925,3609,2713,20231102,499.0,Success,UPI
12926,3609,2713,20231202,499.0,Success,UPI
12927,3609,2713,20240101,499.0,Success,Wallet
12928,3609,2713,20240131,499.0,Success,UPI
12929,3609,2713,20240301,499.0,Success,UPI
12930,3610,2714,20240421,799.0,Success,Credit Card
12931,3611,2714,20240522,499.0,Success,Wallet
12932,3611,2714,20240621,499.0,Success,Credit Card
12933,3611,2714,20240721,499.0,Success,Credit Card
12934,3612,2714,20240829,149.0,Success,Debit Card
12935,3612,2714,20240928,149.0,Success,Wallet
12936,3612,2714,20241028,149.0,Success,Credit Card
12937,3612,2714,20241127,149.0,Success,PayPal
12938,3613,2715,20240211,149.0,Success,Wallet
12939,3613,2715,20240312,149.0,Success,UPI
12940,3613,2715,20240411,149.0,Success,UPI
12941,3613,2715,20240511,149.0,Success,PayPal
12942,3613,2715,20240610,149.0,Success,Debit Card
12943,3613,2715,20240710,149.0,Success,UPI
12944,3614,2716,20231121,149.0,Success,PayPal
12945,3614,2716,20231221,149.0,Success,UPI
12946,3614,2716,20240120,149.0,Success,Debit Card
12947,3614,2716,20240219,149.0,Success,PayPal
12948,3614,2716,20240320,149.0,Failed,Debit Card
12949,3614,2716,20240419,149.0,Success,Wallet
12950,3615,2717,20241220,799.0,Success,UPI
12951,3616,2718,20230209,149.0,Success,Debit Card
12952,3616,2718,20230311,149.0,Success,PayPal
12953,3616,2718,20230410,149.0,Success,Credit Card
12954,3616,2718,20230510,149.0,Success,Credit Card
12955,3616,2718,20230609,149.0,Success,Wallet
12956,3616,2718,20230709,149.0,Success,Credit Card
12957,3617,2718,20230820,799.0,Success,Wallet
12958,3617,2718,20230919,799.0,Success,Wallet
12959,3617,2718,20231019,799.0,Success,Debit Card
12960,3617,2718,20231118,799.0,Success,UPI
12961,3617,2718,20231218,799.0,Success,UPI
12962,3617,2718,20240117,799.0,Success,Credit Card
12963,3618,2718,20240225,799.0,Success,Wallet
12964,3618,2718,20240326,799.0,Success,Credit Card
12965,3618,2718,20240425,799.0,Success,UPI
12966,3618,2718,20240525,799.0,Success,PayPal
12967,3618,2718,20240624,799.0,Success,UPI
12968,3618,2718,20240724,799.0,Success,PayPal
12969,3618,2718,20240823,799.0,Success,Credit Card
12970,3618,2718,20240922,799.0,Success,Debit Card
12971,3618,2718,20241022,799.0,Success,Debit Card
12972,3618,2718,20241121,799.0,Success,PayPal
12973,3619,2719,20241017,149.0,Success,Credit Card
12974,3620,2720,20240907,499.0,Success,PayPal
12975,3620,2720,20241007,499.0,Success,UPI
12976,3620,2720,20241106,499.0,Success,Credit Card
12977,3621,2720,20241216,799.0,Success,PayPal
12978,3622,2721,20240316,199.0,Success,Credit Card
12979,3622,2721,20240415,199.0,Success,PayPal
12980,3622,2721,20240515,199.0,Success,Credit Card
12981,3622,2721,20240614,199.0,Success,Debit Card
12982,3622,2721,20240714,199.0,Success,Debit Card
12983,3622,2721,20240813,199.0,Success,UPI
12984,3623,2722,20230124,799.0,Success,Debit Card
12985,3623,2722,20230223,799.0,Success,UPI
12986,3623,2722,20230325,799.0,Success,UPI
12987,3624,2723,20230630,499.0,Success,Debit Card
12988,3624,2723,20230730,499.0,Success,Credit Card
12989,3624,2723,20230829,499.0,Success,Debit Card
12990,3624,2723,20230928,499.0,Success,UPI
12991,3624,2723,20231028,499.0,Success,Credit Card
12992,3624,2723,20231127,499.0,Success,PayPal
12993,3625,2723,20240111,149.0,Success,PayPal
12994,3626,2723,20240229,799.0,Success,Debit Card
12995,3627,2724,20230325,499.0,Success,Debit Card
12996,3628,2724,20230424,199.0,Success,Wallet
12997,3629,2724,20230609,149.0,Success,Credit Card
12998,3630,2725,20240305,499.0,Success,Wallet
12999,3631,2726,20230708,199.0,Success,UPI
13000,3632,2727,20231217,799.0,Success,UPI
13001,3633,2728,20240305,799.0,Success,Credit Card
13002,3633,2728,20240404,799.0,Success,PayPal
13003,3633,2728,20240504,799.0,Success,UPI
13004,3633,2728,20240603,799.0,Success,UPI
13005,3633,2728,20240703,799.0,Success,Credit Card
13006,3633,2728,20240802,799.0,Success,Credit Card
13007,3634,2729,20230614,149.0,Success,PayPal
13008,3634,2729,20230714,149.0,Success,Debit Card
13009,3634,2729,20230813,149.0,Success,PayPal
13010,3634,2729,20230912,149.0,Success,Wallet
13011,3634,2729,20231012,149.0,Success,Credit Card
13012,3634,2729,20231111,149.0,Success,UPI
13013,3635,2730,20240807,149.0,Success,Wallet
13014,3635,2730,20240906,149.0,Success,UPI
13015,3635,2730,20241006,149.0,Success,Wallet
13016,3636,2731,20240903,149.0,Success,Debit Card
13017,3636,2731,20241003,149.0,Success,Wallet
13018,3636,2731,20241102,149.0,Success,Credit Card
13019,3637,2732,20240923,799.0,Success,PayPal
13020,3637,2732,20241023,799.0,Success,Debit Card
13021,3637,2732,20241122,799.0,Success,Wallet
13022,3638,2733,20231121,199.0,Success,Debit Card
13023,3638,2733,20231221,199.0,Success,Debit Card
13024,3638,2733,20240120,199.0,Success,Wallet
13025,3639,2734,20230601,499.0,Success,PayPal
13026,3639,2734,20230701,499.0,Success,Wallet
13027,3639,2734,20230731,499.0,Success,Credit Card
13028,3639,2734,20230830,499.0,Success,Credit Card
13029,3639,2734,20230929,499.0,Success,Wallet
13030,3639,2734,20231029,499.0,Success,Debit Card
13031,3639,2734,20231128,499.0,Success,Wallet
13032,3639,2734,20231228,499.0,Success,PayPal
13033,3639,2734,20240127,499.0,Success,UPI
13034,3639,2734,20240226,499.0,Success,PayPal
13035,3639,2734,20240327,499.0,Success,Credit Card
13036,3639,2734,20240426,499.0,Success,Debit Card
13037,3640,2734,20240528,149.0,Success,Credit Card
13038,3641,2735,20241121,199.0,Success,PayPal
13039,3642,2736,20240406,799.0,Success,UPI
13040,3643,2737,20240815,499.0,Success,PayPal
13041,3644,2737,20240930,499.0,Success,UPI
13042,3645,2738,20230712,499.0,Success,PayPal
13043,3646,2738,20230822,149.0,Success,PayPal
13044,3646,2738,20230921,149.0,Success,PayPal
13045,3646,2738,20231021,149.0,Success,UPI
13046,3647,2739,20240907,499.0,Success,PayPal
13047,3648,2740,20230715,149.0,Success,Wallet
13048,3648,2740,20230814,149.0,Success,UPI
13049,3648,2740,20230913,149.0,Success,PayPal
13050,3648,2740,20231013,149.0,Success,Debit Card
13051,3648,2740,20231112,149.0,Success,UPI
13052,3648,2740,20231212,149.0,Success,Credit Card
13053,3648,2740,20240111,149.0,Success,Wallet
13054,3648,2740,20240210,149.0,Success,UPI
13055,3648,2740,20240311,149.0,Success,UPI
13056,3648,2740,20240410,149.0,Success,Credit Card
13057,3648,2740,20240510,149.0,Success,Credit Card
13058,3648,2740,20240609,149.0,Success,UPI
13059,3649,2741,20240108,499.0,Success,Debit Card
13060,3649,2741,20240207,499.0,Success,Wallet
13061,3649,2741,20240308,499.0,Success,Wallet
13062,3650,2741,20240413,799.0,Success,Wallet
13063,3651,2742,20230508,799.0,Success,Debit Card
13064,3652,2743,20240228,149.0,Success,UPI
13065,3653,2743,20240329,799.0,Success,PayPal
13066,3654,2744,20240312,799.0,Success,Credit Card
13067,3655,2745,20230630,199.0,Success,Wallet
13068,3655,2745,20230730,199.0,Success,Wallet
13069,3655,2745,20230829,199.0,Success,Debit Card
13070,3656,2746,20240901,199.0,Success,Wallet
13071,3657,2747,20241106,799.0,Success,PayPal
13072,3658,2748,20241219,199.0,Success,Credit Card
13073,3659,2749,20230412,499.0,Success,Credit Card
13074,3659,2749,20230512,499.0,Success,Debit Card
13075,3659,2749,20230611,499.0,Success,Wallet
13076,3660,2750,20241027,199.0,Success,UPI
13077,3661,2751,20240523,149.0,Success,UPI
13078,3661,2751,20240622,149.0,Success,Credit Card
13079,3661,2751,20240722,149.0,Success,UPI
13080,3661,2751,20240821,149.0,Success,Debit Card
13081,3661,2751,20240920,149.0,Success,Wallet
13082,3661,2751,20241020,149.0,Success,Debit Card
13083,3661,2751,20241119,149.0,Success,UPI
13084,3662,2752,20230413,799.0,Success,UPI
13085,3663,2753,20230203,199.0,Success,Debit Card
13086,3664,2753,20230312,199.0,Success,Credit Card
13087,3665,2754,20230817,199.0,Success,Debit Card
13088,3665,2754,20230916,199.0,Success,Debit Card
13089,3665,2754,20231016,199.0,Success,Wallet
13090,3665,2754,20231115,199.0,Success,PayPal
13091,3665,2754,20231215,199.0,Success,UPI
13092,3665,2754,20240114,199.0,Success,Wallet
13093,3665,2754,20240213,199.0,Success,Credit Card
13094,3665,2754,20240314,199.0,Success,Wallet
13095,3665,2754,20240413,199.0,Success,Credit Card
13096,3665,2754,20240513,199.0,Success,Wallet
13097,3665,2754,20240612,199.0,Success,Wallet
13098,3665,2754,20240712,199.0,Success,Credit Card
13099,3666,2755,20240425,149.0,Success,UPI
13100,3666,2755,20240525,149.0,Success,Debit Card
13101,3666,2755,20240624,149.0,Failed,Wallet
13102,3666,2755,20240724,149.0,Success,Debit Card
13103,3666,2755,20240823,149.0,Success,Wallet
13104,3666,2755,20240922,149.0,Success,Credit Card
13105,3667,2755,20241102,499.0,Success,UPI
13106,3668,2755,20241220,199.0,Success,Debit Card
13107,3669,2756,20240420,199.0,Success,Credit Card
13108,3670,2757,20240210,199.0,Success,PayPal
13109,3670,2757,20240311,199.0,Success,PayPal
13110,3670,2757,20240410,199.0,Success,Debit Card
13111,3670,2757,20240510,199.0,Success,Credit Card
13112,3670,2757,20240609,199.0,Success,Wallet
13113,3670,2757,20240709,199.0,Success,Debit Card
13114,3671,2757,20240815,149.0,Success,Credit Card
13115,3671,2757,20240914,149.0,Success,Debit Card
13116,3671,2757,20241014,149.0,Success,Wallet
13117,3671,2757,20241113,149.0,Success,Wallet
13118,3672,2758,20240603,199.0,Success,UPI
13119,3672,2758,20240703,199.0,Success,Credit Card
13120,3672,2758,20240802,-199.0,Refunded,Credit Card
13121,3672,2758,20240901,199.0,Success,PayPal
13122,3672,2758,20241001,199.0,Success,PayPal
13123,3672,2758,20241031,-199.0,Refunded,PayPal
13124,3673,2758,20241220,499.0,Success,PayPal
13125,3674,2759,20231111,149.0,Success,Wallet
13126,3674,2759,20231211,149.0,Success,Debit Card
13127,3674,2759,20240110,149.0,Success,Credit Card
13128,3675,2760,20240229,499.0,Success,Wallet
13129,3676,2761,20240119,799.0,Success,Credit Card
13130,3676,2761,20240218,799.0,Success,Credit Card
13131,3676,2761,20240319,799.0,Success,UPI
13132,3676,2761,20240418,799.0,Success,Credit Card
13133,3676,2761,20240518,799.0,Success,PayPal
13134,3676,2761,20240617,799.0,Success,Credit Card
13135,3676,2761,20240717,799.0,Success,Wallet
13136,3676,2761,20240816,799.0,Success,PayPal
13137,3676,2761,20240915,799.0,Success,Credit Card
13138,3676,2761,20241015,799.0,Success,Wallet
13139,3676,2761,20241114,799.0,Success,UPI
13140,3677,2762,20231210,199.0,Success,PayPal
13141,3677,2762,20240109,199.0,Success,UPI
13142,3677,2762,20240208,199.0,Success,UPI
13143,3678,2763,20230905,799.0,Success,UPI
13144,3679,2764,20241021,499.0,Success,UPI
13145,3679,2764,20241120,499.0,Success,Credit Card
13146,3680,2765,20240814,499.0,Success,PayPal
13147,3681,2765,20240919,199.0,Success,Wallet
13148,3681,2765,20241019,199.0,Success,Credit Card
13149,3681,2765,20241118,199.0,Success,UPI
13150,3682,2766,20230627,149.0,Success,Debit Card
13151,3682,2766,20230727,149.0,Success,Wallet
13152,3682,2766,20230826,149.0,Success,PayPal
13153,3682,2766,20230925,149.0,Success,PayPal
13154,3682,2766,20231025,149.0,Success,PayPal
13155,3682,2766,20231124,149.0,Success,Debit Card
13156,3682,2766,20231224,-149.0,Refunded,Wallet
13157,3682,2766,20240123,149.0,Success,UPI
13158,3682,2766,20240222,149.0,Success,Debit Card
13159,3682,2766,20240323,149.0,Success,Credit Card
13160,3682,2766,20240422,149.0,Success,UPI
13161,3682,2766,20240522,149.0,Success,UPI
13162,3683,2767,20240323,799.0,Success,PayPal
13163,3683,2767,20240422,799.0,Success,PayPal
13164,3683,2767,20240522,799.0,Success,PayPal
13165,3683,2767,20240621,799.0,Success,Wallet
13166,3683,2767,20240721,799.0,Success,UPI
13167,3683,2767,20240820,799.0,Success,Wallet
13168,3684,2767,20240919,499.0,Success,PayPal
13169,3684,2767,20241019,499.0,Success,Wallet
13170,3684,2767,20241118,499.0,Success,Debit Card
13171,3685,2768,20240531,199.0,Failed,Wallet
13172,3685,2768,20240630,199.0,Success,PayPal
13173,3685,2768,20240730,199.0,Success,Debit Card
13174,3685,2768,20240829,199.0,Success,PayPal
13175,3685,2768,20240928,199.0,Success,Debit Card
13176,3685,2768,20241028,199.0,Success,Debit Card
13177,3686,2768,20241211,199.0,Success,PayPal
13178,3687,2769,20241004,799.0,Success,Debit Card
13179,3687,2769,20241103,799.0,Success,Debit Card
13180,3688,2770,20231127,149.0,Success,UPI
13181,3688,2770,20231227,149.0,Success,Debit Card
13182,3688,2770,20240126,149.0,Success,PayPal
13183,3688,2770,20240225,149.0,Success,Credit Card
13184,3688,2770,20240326,149.0,Success,Debit Card
13185,3688,2770,20240425,149.0,Success,Wallet
13186,3688,2770,20240525,149.0,Success,Credit Card
13187,3688,2770,20240624,149.0,Success,Wallet
13188,3688,2770,20240724,149.0,Success,Credit Card
13189,3688,2770,20240823,149.0,Success,UPI
13190,3688,2770,20240922,149.0,Success,PayPal
13191,3688,2770,20241022,149.0,Success,PayPal
13192,3689,2771,20230112,499.0,Success,UPI
13193,3689,2771,20230211,499.0,Success,Credit Card
13194,3689,2771,20230313,499.0,Success,UPI
13195,3689,2771,20230412,499.0,Success,Credit Card
13196,3689,2771,20230512,499.0,Success,Debit Card
13197,3689,2771,20230611,499.0,Success,UPI
13198,3690,2772,20240924,199.0,Success,Debit Card
13199,3691,2773,20240808,799.0,Success,Credit Card
13200,3692,2774,20240409,499.0,Success,PayPal
13201,3692,2774,20240509,499.0,Success,PayPal
13202,3692,2774,20240608,499.0,Success,Wallet
13203,3693,2775,20230903,799.0,Success,Debit Card
13204,3693,2775,20231003,799.0,Success,Debit Card
13205,3693,2775,20231102,799.0,Success,Wallet
13206,3693,2775,20231202,799.0,Success,Wallet
13207,3693,2775,20240101,799.0,Success,PayPal
13208,3693,2775,20240131,799.0,Success,PayPal
13209,3693,2775,20240301,799.0,Success,Wallet
13210,3693,2775,20240331,799.0,Success,Credit Card
13211,3693,2775,20240430,799.0,Success,PayPal
13212,3693,2775,20240530,799.0,Success,Credit Card
13213,3693,2775,20240629,799.0,Success,UPI
13214,3693,2775,20240729,799.0,Success,Credit Card
13215,3694,2775,20240906,799.0,Success,Wallet
13216,3694,2775,20241006,799.0,Failed,Credit Card
13217,3694,2775,20241105,799.0,Success,PayPal
13218,3695,2776,20240702,499.0,Success,Credit Card
13219,3696,2777,20240123,149.0,Success,Debit Card
13220,3697,2778,20230528,799.0,Success,UPI
13221,3697,2778,20230627,799.0,Success,Debit Card
13222,3697,2778,20230727,799.0,Success,Debit Card
13223,3697,2778,20230826,799.0,Success,PayPal
13224,3697,2778,20230925,799.0,Success,Debit Card
13225,3697,2778,20231025,799.0,Success,PayPal
13226,3697,2778,20231124,799.0,Failed,UPI
13227,3697,2778,20231224,799.0,Success,Debit Card
13228,3697,2778,20240123,799.0,Success,PayPal
13229,3697,2778,20240222,799.0,Success,Debit Card
13230,3697,2778,20240323,799.0,Success,Wallet
13231,3697,2778,20240422,799.0,Success,Credit Card
13232,3698,2778,20240530,799.0,Success,Credit Card
13233,3698,2778,20240629,799.0,Success,Debit Card
13234,3698,2778,20240729,799.0,Success,Credit Card
13235,3699,2778,20240831,499.0,Success,Wallet
13236,3699,2778,20240930,499.0,Success,UPI
13237,3699,2778,20241030,499.0,Success,Debit Card
13238,3699,2778,20241129,499.0,Success,UPI
13239,3700,2779,20230416,199.0,Success,Credit Card
13240,3701,2780,20230420,499.0,Success,Debit Card
13241,3701,2780,20230520,499.0,Success,UPI
13242,3701,2780,20230619,499.0,Success,PayPal
13243,3701,2780,20230719,499.0,Success,Credit Card
13244,3701,2780,20230818,499.0,Success,PayPal
13245,3701,2780,20230917,499.0,Success,Wallet
13246,3702,2781,20230406,149.0,Success,Debit Card
13247,3703,2781,20230524,499.0,Success,PayPal
13248,3704,2782,20230801,799.0,Success,Credit Card
13249,3705,2783,20240228,799.0,Success,Credit Card
13250,3705,2783,20240329,799.0,Success,Credit Card
13251,3705,2783,20240428,799.0,Success,UPI
13252,3705,2783,20240528,799.0,Success,PayPal
13253,3705,2783,20240627,799.0,Success,PayPal
13254,3705,2783,20240727,799.0,Success,Debit Card
13255,3706,2784,20230804,149.0,Success,Credit Card
13256,3706,2784,20230903,149.0,Success,PayPal
13257,3706,2784,20231003,149.0,Success,Debit Card
13258,3706,2784,20231102,149.0,Success,UPI
13259,3706,2784,20231202,149.0,Success,PayPal
13260,3706,2784,20240101,149.0,Success,Wallet
13261,3707,2785,20241010,499.0,Success,PayPal
13262,3707,2785,20241109,499.0,Success,Debit Card
13263,3708,2786,20230111,199.0,Success,UPI
13264,3708,2786,20230210,199.0,Success,UPI
13265,3708,2786,20230312,199.0,Success,Credit Card
13266,3708,2786,20230411,199.0,Success,UPI
13267,3708,2786,20230511,199.0,Success,UPI
13268,3708,2786,20230610,199.0,Success,UPI
13269,3709,2787,20230202,149.0,Success,PayPal
13270,3709,2787,20230304,149.0,Success,UPI
13271,3709,2787,20230403,149.0,Success,PayPal
13272,3709,2787,20230503,149.0,Success,Debit Card
13273,3709,2787,20230602,149.0,Success,Credit Card
13274,3709,2787,20230702,149.0,Success,Credit Card
13275,3710,2788,20240510,799.0,Success,PayPal
13276,3711,2789,20240618,799.0,Success,Wallet
13277,3712,2790,20240912,-499.0,Refunded,Wallet
13278,3712,2790,20241012,499.0,Success,UPI
13279,3712,2790,20241111,499.0,Success,Wallet
13280,3713,2791,20230606,149.0,Success,Debit Card
13281,3714,2792,20230811,149.0,Success,PayPal
13282,3715,2793,20241209,799.0,Success,PayPal
13283,3716,2794,20230405,799.0,Success,Debit Card
13284,3716,2794,20230505,799.0,Success,PayPal
13285,3716,2794,20230604,799.0,Success,Credit Card
13286,3717,2795,20240423,149.0,Success,Credit Card
13287,3717,2795,20240523,149.0,Success,Wallet
13288,3717,2795,20240622,149.0,Success,Wallet
13289,3717,2795,20240722,149.0,Success,Wallet
13290,3717,2795,20240821,149.0,Success,UPI
13291,3717,2795,20240920,149.0,Success,Debit Card
13292,3717,2795,20241020,149.0,Success,Wallet
13293,3717,2795,20241119,149.0,Success,Debit Card
13294,3718,2796,20240214,149.0,Success,Credit Card
13295,3718,2796,20240315,149.0,Success,Credit Card
13296,3718,2796,20240414,149.0,Success,UPI
13297,3718,2796,20240514,149.0,Success,Wallet
13298,3718,2796,20240613,149.0,Success,UPI
13299,3718,2796,20240713,149.0,Success,PayPal
13300,3719,2796,20240820,199.0,Success,Wallet
13301,3720,2797,20231015,799.0,Success,Credit Card
13302,3720,2797,20231114,799.0,Success,PayPal
13303,3720,2797,20231214,799.0,Success,UPI
13304,3721,2798,20240824,149.0,Success,PayPal
13305,3722,2799,20240514,149.0,Success,Credit Card
13306,3723,2799,20240617,499.0,Success,Wallet
13307,3723,2799,20240717,499.0,Success,Wallet
13308,3723,2799,20240816,499.0,Success,Credit Card
13309,3723,2799,20240915,499.0,Success,UPI
13310,3723,2799,20241015,499.0,Success,Credit Card
13311,3723,2799,20241114,499.0,Success,Wallet
13312,3724,2800,20231006,499.0,Success,Wallet
13313,3725,2800,20231119,499.0,Success,Credit Card
13314,3725,2800,20231219,499.0,Success,Debit Card
13315,3725,2800,20240118,499.0,Success,UPI
13316,3725,2800,20240217,499.0,Success,UPI
13317,3725,2800,20240318,499.0,Success,PayPal
13318,3725,2800,20240417,499.0,Success,Debit Card
13319,3726,2801,20240315,199.0,Failed,Wallet
13320,3726,2801,20240414,199.0,Success,Wallet
13321,3726,2801,20240514,199.0,Success,Debit Card
13322,3726,2801,20240613,199.0,Success,PayPal
13323,3726,2801,20240713,199.0,Success,Credit Card
13324,3726,2801,20240812,199.0,Success,PayPal
13325,3726,2801,20240911,199.0,Success,Debit Card
13326,3726,2801,20241011,-199.0,Refunded,UPI
13327,3726,2801,20241110,199.0,Success,PayPal
13328,3727,2802,20241009,199.0,Success,Credit Card
13329,3727,2802,20241108,199.0,Success,Wallet
13330,3728,2803,20240607,199.0,Success,PayPal
13331,3728,2803,20240707,199.0,Success,Debit Card
13332,3728,2803,20240806,199.0,Success,PayPal
13333,3728,2803,20240905,199.0,Success,Debit Card
13334,3728,2803,20241005,199.0,Success,Credit Card
13335,3728,2803,20241104,199.0,Success,UPI
13336,3729,2804,20241022,199.0,Success,Wallet
13337,3730,2805,20230704,499.0,Success,Debit Card
13338,3730,2805,20230803,499.0,Success,Credit Card
13339,3730,2805,20230902,499.0,Success,Wallet
13340,3731,2805,20231022,799.0,Success,Credit Card
13341,3731,2805,20231121,799.0,Success,Debit Card
13342,3731,2805,20231221,799.0,Success,PayPal
13343,3731,2805,20240120,799.0,Success,Debit Card
13344,3731,2805,20240219,799.0,Success,Debit Card
13345,3731,2805,20240320,799.0,Success,Wallet
13346,3731,2805,20240419,799.0,Success,Debit Card
13347,3731,2805,20240519,799.0,Success,Wallet
13348,3731,2805,20240618,799.0,Success,Credit Card
13349,3731,2805,20240718,799.0,Success,UPI
13350,3731,2805,20240817,799.0,Success,UPI
13351,3731,2805,20240916,799.0,Success,Credit Card
13352,3732,2806,20230909,199.0,Success,Debit Card
13353,3732,2806,20231009,199.0,Success,Credit Card
13354,3732,2806,20231108,199.0,Success,Wallet
13355,3732,2806,20231208,199.0,Success,Debit Card
13356,3732,2806,20240107,199.0,Success,UPI
13357,3732,2806,20240206,199.0,Success,Wallet
13358,3733,2807,20230529,799.0,Success,Credit Card
13359,3734,2807,20230703,799.0,Success,Credit Card
13360,3734,2807,20230802,799.0,Success,PayPal
13361,3734,2807,20230901,799.0,Success,UPI
13362,3735,2808,20230112,799.0,Success,PayPal
13363,3736,2809,20231126,799.0,Success,PayPal
13364,3736,2809,20231226,799.0,Success,UPI
13365,3736,2809,20240125,799.0,Success,Wallet
13366,3736,2809,20240224,799.0,Success,Debit Card
13367,3736,2809,20240325,799.0,Success,PayPal
13368,3736,2809,20240424,799.0,Success,Debit Card
13369,3737,2810,20240908,199.0,Success,Wallet
13370,3738,2810,20241010,149.0,Success,PayPal
13371,3739,2811,20231012,799.0,Success,Wallet
13372,3739,2811,20231111,799.0,Success,Credit Card
13373,3739,2811,20231211,799.0,Success,Debit Card
13374,3739,2811,20240110,799.0,Success,Debit Card
13375,3739,2811,20240209,799.0,Success,PayPal
13376,3739,2811,20240310,799.0,Success,Debit Card
13377,3739,2811,20240409,799.0,Success,Debit Card
13378,3739,2811,20240509,799.0,Success,PayPal
13379,3739,2811,20240608,799.0,Success,Wallet
13380,3739,2811,20240708,-799.0,Refunded,Credit Card
13381,3739,2811,20240807,799.0,Success,Wallet
13382,3739,2811,20240906,799.0,Success,Credit Card
13383,3740,2812,20241118,499.0,Success,UPI
13384,3741,2813,20241129,149.0,Success,UPI
13385,3742,2813,20241230,199.0,Success,Debit Card
13386,3743,2814,20230721,199.0,Success,Wallet
13387,3744,2814,20230908,799.0,Success,Debit Card
13388,3744,2814,20231008,799.0,Success,UPI
13389,3744,2814,20231107,799.0,Success,Wallet
13390,3745,2815,20231009,199.0,Success,Wallet
13391,3745,2815,20231108,199.0,Success,Debit Card
13392,3745,2815,20231208,199.0,Success,Credit Card
13393,3746,2815,20240125,799.0,Success,Debit Card
13394,3746,2815,20240224,799.0,Success,Credit Card
13395,3746,2815,20240325,799.0,Success,Debit Card
13396,3746,2815,20240424,799.0,Failed,PayPal
13397,3746,2815,20240524,799.0,Success,PayPal
13398,3746,2815,20240623,799.0,Success,Credit Card
13399,3746,2815,20240723,799.0,Success,PayPal
13400,3746,2815,20240822,799.0,Success,Credit Card
13401,3746,2815,20240921,799.0,Success,Debit Card
13402,3746,2815,20241021,799.0,Success,Debit Card
13403,3746,2815,20241120,799.0,Success,Wallet
13404,3747,2816,20240907,499.0,Success,UPI
13405,3748,2817,20230122,499.0,Success,Credit Card
13406,3749,2818,20240812,799.0,Success,PayPal
13407,3749,2818,20240911,799.0,Success,Wallet
13408,3749,2818,20241011,799.0,Success,PayPal
13409,3749,2818,20241110,799.0,Success,PayPal
13410,3750,2819,20240217,199.0,Success,Credit Card
13411,3751,2820,20230210,149.0,Success,Debit Card
13412,3751,2820,20230312,149.0,Success,Wallet
13413,3751,2820,20230411,149.0,Success,PayPal
13414,3752,2820,20230526,199.0,Failed,UPI
13415,3753,2821,20230408,149.0,Success,Wallet
13416,3754,2822,20231221,799.0,Success,Credit Card
13417,3755,2823,20240520,199.0,Success,PayPal
13418,3756,2823,20240622,199.0,Success,Debit Card
13419,3756,2823,20240722,199.0,Success,PayPal
13420,3756,2823,20240821,-199.0,Refunded,UPI
13421,3757,2823,20240928,799.0,Success,Wallet
13422,3757,2823,20241028,799.0,Success,Wallet
13423,3757,2823,20241127,799.0,Success,Credit Card
13424,3758,2824,20240410,499.0,Success,Credit Card
13425,3759,2825,20230505,499.0,Success,UPI
13426,3759,2825,20230604,499.0,Success,Credit Card
13427,3759,2825,20230704,499.0,Success,Debit Card
13428,3760,2826,20230818,799.0,Success,Wallet
13429,3761,2827,20231127,149.0,Success,Credit Card
13430,3761,2827,20231227,149.0,Success,PayPal
13431,3761,2827,20240126,149.0,Success,PayPal
13432,3761,2827,20240225,149.0,Success,Wallet
13433,3761,2827,20240326,149.0,Success,Credit Card
13434,3761,2827,20240425,149.0,Success,Debit Card
13435,3762,2828,20230401,499.0,Success,Wallet
13436,3762,2828,20230501,499.0,Success,Wallet
13437,3762,2828,20230531,499.0,Success,Debit Card
13438,3763,2829,20240704,199.0,Success,PayPal
13439,3763,2829,20240803,-199.0,Refunded,Wallet
13440,3763,2829,20240902,199.0,Success,Debit Card
13441,3763,2829,20241002,199.0,Success,Wallet
13442,3763,2829,20241101,199.0,Success,Wallet
13443,3763,2829,20241201,199.0,Success,UPI
13444,3764,2830,20230923,499.0,Success,Wallet
13445,3764,2830,20231023,499.0,Success,Debit Card
13446,3764,2830,20231122,499.0,Success,Credit Card
13447,3764,2830,20231222,499.0,Success,Wallet
13448,3764,2830,20240121,499.0,Success,Debit Card
13449,3764,2830,20240220,499.0,Success,Debit Card
13450,3765,2831,20230318,149.0,Success,PayPal
13451,3765,2831,20230417,149.0,Success,Wallet
13452,3765,2831,20230517,149.0,Success,Credit Card
13453,3765,2831,20230616,149.0,Success,UPI
13454,3765,2831,20230716,149.0,Success,PayPal
13455,3765,2831,20230815,149.0,Success,Wallet
13456,3766,2831,20230914,-499.0,Refunded,UPI
13457,3766,2831,20231014,499.0,Success,Debit Card
13458,3766,2831,20231113,499.0,Success,Wallet
13459,3766,2831,20231213,499.0,Success,UPI
13460,3766,2831,20240112,499.0,Success,Debit Card
13461,3766,2831,20240211,499.0,Success,PayPal
13462,3766,2831,20240312,499.0,Success,Wallet
13463,3766,2831,20240411,499.0,Success,Wallet
13464,3766,2831,20240511,499.0,Success,Debit Card
13465,3766,2831,20240610,499.0,Success,Debit Card
13466,3766,2831,20240710,499.0,Success,Debit Card
13467,3766,2831,20240809,499.0,Success,Credit Card
13468,3767,2832,20240124,499.0,Success,PayPal
13469,3767,2832,20240223,499.0,Success,Debit Card
13470,3767,2832,20240324,499.0,Success,UPI
13471,3767,2832,20240423,499.0,Success,Wallet
13472,3767,2832,20240523,499.0,Success,PayPal
13473,3767,2832,20240622,499.0,Success,Credit Card
13474,3767,2832,20240722,499.0,Success,Credit Card
13475,3767,2832,20240821,499.0,Success,UPI
13476,3767,2832,20240920,499.0,Success,PayPal
13477,3767,2832,20241020,499.0,Success,Debit Card
13478,3767,2832,20241119,499.0,Success,Debit Card
13479,3768,2833,20240820,149.0,Success,Credit Card
13480,3768,2833,20240919,149.0,Success,PayPal
13481,3768,2833,20241019,149.0,Success,PayPal
13482,3769,2833,20241204,499.0,Success,Wallet
13483,3770,2834,20230601,199.0,Failed,Credit Card
13484,3771,2835,20240228,199.0,Success,Credit Card
13485,3771,2835,20240329,199.0,Success,Wallet
13486,3771,2835,20240428,199.0,Success,UPI
13487,3771,2835,20240528,199.0,Success,PayPal
13488,3771,2835,20240627,199.0,Success,PayPal
13489,3771,2835,20240727,199.0,Success,Credit Card
13490,3772,2836,20240624,149.0,Success,Credit Card
13491,3772,2836,20240724,-149.0,Refunded,UPI
13492,3772,2836,20240823,-149.0,Refunded,Credit Card
13493,3772,2836,20240922,149.0,Success,Debit Card
13494,3772,2836,20241022,149.0,Success,Wallet
13495,3772,2836,20241121,149.0,Success,Credit Card
13496,3773,2837,20231015,499.0,Success,UPI
13497,3774,2837,20231115,499.0,Success,UPI
13498,3774,2837,20231215,-499.0,Refunded,PayPal
13499,3774,2837,20240114,499.0,Success,Credit Card
13500,3775,2838,20230405,149.0,Success,Debit Card
13501,3775,2838,20230505,149.0,Success,Credit Card
13502,3775,2838,20230604,149.0,Success,Wallet
13503,3776,2838,20230717,499.0,Success,Debit Card
13504,3776,2838,20230816,499.0,Success,PayPal
13505,3776,2838,20230915,499.0,Success,Debit Card
13506,3776,2838,20231015,499.0,Success,UPI
13507,3776,2838,20231114,499.0,Success,Wallet
13508,3776,2838,20231214,499.0,Success,PayPal
13509,3776,2838,20240113,499.0,Success,UPI
13510,3776,2838,20240212,499.0,Success,Wallet
13511,3776,2838,20240313,499.0,Success,UPI
13512,3776,2838,20240412,499.0,Success,PayPal
13513,3776,2838,20240512,499.0,Success,Debit Card
13514,3776,2838,20240611,499.0,Success,Debit Card
13515,3777,2838,20240712,149.0,Success,PayPal
13516,3777,2838,20240811,149.0,Success,Wallet
13517,3777,2838,20240910,149.0,Success,Wallet
13518,3778,2839,20231228,149.0,Success,PayPal
13519,3778,2839,20240127,149.0,Success,Credit Card
13520,3778,2839,20240226,149.0,Success,PayPal
13521,3779,2839,20240409,149.0,Success,Debit Card
13522,3779,2839,20240509,149.0,Success,Debit Card
13523,3779,2839,20240608,149.0,Success,PayPal
13524,3779,2839,20240708,149.0,Success,PayPal
13525,3779,2839,20240807,149.0,Success,PayPal
13526,3779,2839,20240906,149.0,Success,Credit Card
13527,3780,2840,20241024,499.0,Success,PayPal
13528,3780,2840,20241123,499.0,Success,Debit Card
13529,3781,2841,20230318,149.0,Success,Wallet
13530,3781,2841,20230417,149.0,Success,UPI
13531,3781,2841,20230517,149.0,Success,Credit Card
13532,3781,2841,20230616,149.0,Failed,Debit Card
13533,3781,2841,20230716,149.0,Success,PayPal
13534,3781,2841,20230815,149.0,Success,Wallet
13535,3782,2842,20230810,499.0,Success,Wallet
13536,3782,2842,20230909,499.0,Success,Wallet
13537,3782,2842,20231009,499.0,Success,Credit Card
13538,3783,2842,20231112,499.0,Success,PayPal
13539,3784,2843,20230418,199.0,Success,UPI
13540,3785,2843,20230530,799.0,Success,PayPal
13541,3785,2843,20230629,799.0,Success,UPI
13542,3785,2843,20230729,799.0,Success,Credit Card
13543,3786,2843,20230908,149.0,Success,PayPal
13544,3787,2844,20240624,799.0,Success,Wallet
13545,3788,2844,20240731,799.0,Success,Wallet
13546,3789,2844,20240909,499.0,Success,UPI
13547,3790,2845,20231116,199.0,Success,Debit Card
13548,3791,2846,20240531,199.0,Success,PayPal
13549,3792,2846,20240711,499.0,Success,PayPal
13550,3792,2846,20240810,499.0,Success,Debit Card
13551,3792,2846,20240909,499.0,Success,Debit Card
13552,3792,2846,20241009,499.0,Success,PayPal
13553,3792,2846,20241108,499.0,Success,UPI
13554,3793,2847,20240108,499.0,Success,PayPal
13555,3794,2848,20240609,499.0,Success,Credit Card
13556,3795,2849,20231012,499.0,Success,Wallet
13557,3795,2849,20231111,499.0,Success,UPI
13558,3795,2849,20231211,499.0,Success,UPI
13559,3795,2849,20240110,499.0,Success,Debit Card
13560,3795,2849,20240209,499.0,Success,UPI
13561,3795,2849,20240310,499.0,Success,PayPal
13562,3795,2849,20240409,499.0,Success,PayPal
13563,3795,2849,20240509,499.0,Success,PayPal
13564,3795,2849,20240608,499.0,Success,PayPal
13565,3795,2849,20240708,499.0,Success,Wallet
13566,3795,2849,20240807,499.0,Success,UPI
13567,3795,2849,20240906,499.0,Success,Wallet
13568,3796,2850,20240814,149.0,Failed,Debit Card
13569,3797,2851,20230420,499.0,Success,Wallet
13570,3797,2851,20230520,499.0,Success,UPI
13571,3797,2851,20230619,-499.0,Refunded,UPI
13572,3797,2851,20230719,499.0,Success,Wallet
13573,3797,2851,20230818,499.0,Success,Debit Card
13574,3797,2851,20230917,499.0,Success,PayPal
13575,3798,2851,20231018,199.0,Success,Credit Card
13576,3798,2851,20231117,199.0,Success,Wallet
13577,3798,2851,20231217,199.0,Success,Wallet
13578,3798,2851,20240116,199.0,Success,Debit Card
13579,3798,2851,20240215,199.0,Success,PayPal
13580,3798,2851,20240316,199.0,Success,UPI
13581,3798,2851,20240415,199.0,Success,UPI
13582,3798,2851,20240515,199.0,Success,Wallet
13583,3798,2851,20240614,199.0,Success,Wallet
13584,3798,2851,20240714,199.0,Success,Debit Card
13585,3798,2851,20240813,199.0,Success,Debit Card
13586,3798,2851,20240912,199.0,Success,Wallet
13587,3799,2852,20240416,499.0,Success,PayPal
13588,3799,2852,20240516,499.0,Success,Credit Card
13589,3799,2852,20240615,499.0,Success,UPI
13590,3800,2852,20240716,499.0,Success,Debit Card
13591,3800,2852,20240815,499.0,Success,UPI
13592,3800,2852,20240914,499.0,Success,UPI
13593,3800,2852,20241014,499.0,Success,UPI
13594,3800,2852,20241113,499.0,Success,Credit Card
13595,3801,2853,20240627,499.0,Success,Debit Card
13596,3802,2853,20240813,499.0,Success,UPI
13597,3802,2853,20240912,499.0,Success,PayPal
13598,3802,2853,20241012,499.0,Success,PayPal
13599,3802,2853,20241111,499.0,Success,Credit Card
13600,3803,2854,20240717,499.0,Success,Debit Card
13601,3803,2854,20240816,499.0,Success,Credit Card
13602,3803,2854,20240915,499.0,Success,PayPal
13603,3804,2855,20240211,199.0,Success,Wallet
13604,3804,2855,20240312,199.0,Success,Debit Card
13605,3804,2855,20240411,199.0,Success,Wallet
13606,3805,2856,20240327,799.0,Failed,UPI
13607,3806,2856,20240509,149.0,Success,Wallet
13608,3806,2856,20240608,149.0,Success,Wallet
13609,3806,2856,20240708,149.0,Failed,Wallet
13610,3806,2856,20240807,149.0,Success,Credit Card
13611,3806,2856,20240906,149.0,Success,PayPal
13612,3806,2856,20241006,149.0,Success,Credit Card
13613,3806,2856,20241105,149.0,Success,Credit Card
13614,3807,2857,20240127,149.0,Success,Debit Card
13615,3807,2857,20240226,149.0,Success,PayPal
13616,3807,2857,20240327,149.0,Success,PayPal
13617,3808,2858,20230713,199.0,Success,Debit Card
13618,3808,2858,20230812,199.0,Success,Debit Card
13619,3808,2858,20230911,199.0,Success,Wallet
13620,3809,2858,20231028,499.0,Success,UPI
13621,3809,2858,20231127,499.0,Success,Credit Card
13622,3809,2858,20231227,499.0,Success,Debit Card
13623,3809,2858,20240126,499.0,Failed,Wallet
13624,3809,2858,20240225,499.0,Success,Credit Card
13625,3809,2858,20240326,499.0,Success,UPI
13626,3810,2859,20240914,-199.0,Refunded,Debit Card
13627,3810,2859,20241014,-199.0,Refunded,PayPal
13628,3810,2859,20241113,199.0,Success,UPI
13629,3811,2859,20241217,149.0,Success,Credit Card
13630,3812,2860,20230221,149.0,Failed,Debit Card
13631,3812,2860,20230323,149.0,Success,PayPal
13632,3812,2860,20230422,149.0,Success,Wallet
13633,3812,2860,20230522,149.0,Success,Wallet
13634,3812,2860,20230621,149.0,Success,Credit Card
13635,3812,2860,20230721,149.0,Success,Wallet
13636,3812,2860,20230820,149.0,Success,PayPal
13637,3812,2860,20230919,149.0,Success,UPI
13638,3812,2860,20231019,149.0,Success,UPI
13639,3812,2860,20231118,149.0,Success,Credit Card
13640,3812,2860,20231218,149.0,Success,Credit Card
13641,3812,2860,20240117,149.0,Success,Wallet
13642,3813,2860,20240306,499.0,Success,PayPal
13643,3813,2860,20240405,499.0,Success,Credit Card
13644,3813,2860,20240505,-499.0,Refunded,Wallet
13645,3814,2861,20230428,499.0,Success,Wallet
13646,3814,2861,20230528,499.0,Success,PayPal
13647,3814,2861,20230627,499.0,Success,Credit Card
13648,3814,2861,20230727,499.0,Success,PayPal
13649,3814,2861,20230826,499.0,Success,Wallet
13650,3814,2861,20230925,499.0,Success,Debit Card
13651,3814,2861,20231025,499.0,Success,Wallet
13652,3814,2861,20231124,499.0,Success,Debit Card
13653,3814,2861,20231224,499.0,Success,Credit Card
13654,3814,2861,20240123,499.0,Success,Debit Card
13655,3814,2861,20240222,499.0,Success,Debit Card
13656,3814,2861,20240323,499.0,Success,Wallet
13657,3815,2862,20230902,149.0,Success,UPI
13658,3815,2862,20231002,149.0,Success,Credit Card
13659,3815,2862,20231101,149.0,Failed,Debit Card
13660,3815,2862,20231201,149.0,Success,PayPal
13661,3815,2862,20231231,149.0,Success,UPI
13662,3815,2862,20240130,149.0,Success,Wallet
13663,3815,2862,20240229,149.0,Success,UPI
13664,3815,2862,20240330,149.0,Success,Debit Card
13665,3815,2862,20240429,149.0,Success,UPI
13666,3815,2862,20240529,149.0,Success,Credit Card
13667,3815,2862,20240628,149.0,Success,Credit Card
13668,3815,2862,20240728,149.0,Success,PayPal
13669,3816,2862,20240902,199.0,Success,UPI
13670,3816,2862,20241002,199.0,Success,PayPal
13671,3816,2862,20241101,199.0,Success,UPI
13672,3817,2863,20240927,799.0,Success,UPI
13673,3817,2863,20241027,799.0,Success,UPI
13674,3817,2863,20241126,799.0,Success,PayPal
13675,3818,2864,20230414,799.0,Success,UPI
13676,3819,2865,20231002,799.0,Success,Wallet
13677,3820,2865,20231114,149.0,Success,PayPal
13678,3821,2866,20231222,149.0,Success,Debit Card
13679,3821,2866,20240121,149.0,Success,Debit Card
13680,3821,2866,20240220,149.0,Success,Wallet
13681,3821,2866,20240321,149.0,Success,Credit Card
13682,3821,2866,20240420,149.0,Failed,Credit Card
13683,3821,2866,20240520,149.0,Success,PayPal
13684,3822,2867,20230104,149.0,Success,Credit Card
13685,3823,2867,20230221,799.0,Success,UPI
13686,3823,2867,20230323,799.0,Success,PayPal
13687,3823,2867,20230422,799.0,Success,Credit Card
13688,3823,2867,20230522,799.0,Success,UPI
13689,3823,2867,20230621,799.0,Success,UPI
13690,3823,2867,20230721,799.0,Success,PayPal
13691,3823,2867,20230820,799.0,Success,Debit Card
13692,3823,2867,20230919,799.0,Success,Wallet
13693,3823,2867,20231019,799.0,Success,UPI
13694,3823,2867,20231118,799.0,Success,Credit Card
13695,3823,2867,20231218,799.0,Success,Credit Card
13696,3823,2867,20240117,799.0,Success,Wallet
13697,3824,2868,20240929,499.0,Success,PayPal
13698,3824,2868,20241029,499.0,Success,Credit Card
13699,3824,2868,20241128,499.0,Success,Credit Card
13700,3825,2869,20241205,199.0,Success,PayPal
13701,3826,2870,20230620,149.0,Success,PayPal
13702,3826,2870,20230720,149.0,Success,Credit Card
13703,3826,2870,20230819,149.0,Success,PayPal
13704,3827,2870,20231001,499.0,Success,Credit Card
13705,3827,2870,20231031,499.0,Success,UPI
13706,3827,2870,20231130,499.0,Success,Debit Card
13707,3827,2870,20231230,499.0,Success,Credit Card
13708,3827,2870,20240129,499.0,Success,PayPal
13709,3827,2870,20240228,499.0,Success,PayPal
13710,3827,2870,20240329,499.0,Success,PayPal
13711,3827,2870,20240428,499.0,Success,Credit Card
13712,3827,2870,20240528,499.0,Success,Debit Card
13713,3827,2870,20240627,499.0,Success,UPI
13714,3827,2870,20240727,499.0,Failed,UPI
13715,3827,2870,20240826,499.0,Success,UPI
13716,3828,2871,20230114,799.0,Success,PayPal
13717,3829,2872,20230701,149.0,Success,Wallet
13718,3829,2872,20230731,149.0,Success,PayPal
13719,3829,2872,20230830,149.0,Success,Wallet
13720,3830,2873,20230110,499.0,Success,Credit Card
13721,3831,2874,20230102,199.0,Success,Wallet
13722,3832,2875,20230216,149.0,Success,Credit Card
13723,3833,2875,20230330,499.0,Success,UPI
13724,3834,2876,20230822,499.0,Success,Debit Card
13725,3835,2877,20230407,149.0,Success,Debit Card
13726,3835,2877,20230507,149.0,Success,PayPal
13727,3835,2877,20230606,149.0,Success,Wallet
13728,3836,2877,20230725,199.0,Failed,PayPal
13729,3836,2877,20230824,199.0,Success,UPI
13730,3836,2877,20230923,199.0,Success,PayPal
13731,3836,2877,20231023,199.0,Success,UPI
13732,3836,2877,20231122,199.0,Success,UPI
13733,3836,2877,20231222,199.0,Success,UPI
13734,3837,2878,20240408,199.0,Success,PayPal
13735,3838,2878,20240517,149.0,Success,Credit Card
13736,3838,2878,20240616,149.0,Success,PayPal
13737,3838,2878,20240716,149.0,Success,Wallet
13738,3838,2878,20240815,149.0,Success,Debit Card
13739,3838,2878,20240914,149.0,Success,UPI
13740,3838,2878,20241014,149.0,Success,Debit Card
13741,3839,2879,20230921,499.0,Success,PayPal
13742,3840,2880,20230114,499.0,Success,Credit Card
13743,3840,2880,20230213,499.0,Success,UPI
13744,3840,2880,20230315,499.0,Success,Debit Card
13745,3840,2880,20230414,499.0,Success,Debit Card
13746,3840,2880,20230514,499.0,Success,Wallet
13747,3840,2880,20230613,499.0,Success,Wallet
13748,3841,2880,20230801,799.0,Success,Debit Card
13749,3841,2880,20230831,799.0,Success,UPI
13750,3841,2880,20230930,799.0,Success,Wallet
13751,3842,2881,20240614,199.0,Success,Wallet
13752,3842,2881,20240714,199.0,Success,PayPal
13753,3842,2881,20240813,199.0,Success,Wallet
13754,3842,2881,20240912,199.0,Success,PayPal
13755,3842,2881,20241012,199.0,Success,PayPal
13756,3842,2881,20241111,199.0,Success,Credit Card
13757,3843,2882,20240902,799.0,Success,Wallet
13758,3843,2882,20241002,799.0,Success,Credit Card
13759,3843,2882,20241101,799.0,Failed,Wallet
13760,3844,2883,20241017,799.0,Success,PayPal
13761,3844,2883,20241116,799.0,Success,UPI
13762,3845,2884,20230814,149.0,Success,Wallet
13763,3845,2884,20230913,149.0,Success,Wallet
13764,3845,2884,20231013,149.0,Success,Credit Card
13765,3845,2884,20231112,149.0,Success,UPI
13766,3845,2884,20231212,149.0,Success,Credit Card
13767,3845,2884,20240111,149.0,Success,UPI
13768,3846,2885,20230201,149.0,Success,Credit Card
13769,3847,2885,20230310,149.0,Success,Debit Card
13770,3847,2885,20230409,149.0,Success,PayPal
13771,3847,2885,20230509,149.0,Success,Debit Card
13772,3847,2885,20230608,149.0,Success,UPI
13773,3847,2885,20230708,149.0,Success,Wallet
13774,3847,2885,20230807,149.0,Success,PayPal
13775,3847,2885,20230906,149.0,Success,UPI
13776,3847,2885,20231006,149.0,Success,UPI
13777,3847,2885,20231105,149.0,Success,Credit Card
13778,3847,2885,20231205,149.0,Success,Debit Card
13779,3847,2885,20240104,149.0,Failed,PayPal
13780,3847,2885,20240203,149.0,Success,Credit Card
13781,3848,2886,20240317,499.0,Success,Wallet
13782,3848,2886,20240416,499.0,Success,Debit Card
13783,3848,2886,20240516,499.0,Success,PayPal
13784,3848,2886,20240615,499.0,Success,Wallet
13785,3848,2886,20240715,499.0,Success,Credit Card
13786,3848,2886,20240814,499.0,Success,Debit Card
13787,3848,2886,20240913,499.0,Success,Debit Card
13788,3848,2886,20241013,499.0,Success,Wallet
13789,3848,2886,20241112,499.0,Success,Debit Card
13790,3849,2887,20240122,149.0,Success,Credit Card
13791,3849,2887,20240221,149.0,Success,Wallet
13792,3849,2887,20240322,149.0,Success,UPI
13793,3849,2887,20240421,149.0,Success,UPI
13794,3849,2887,20240521,149.0,Success,Debit Card
13795,3849,2887,20240620,149.0,Success,Credit Card
13796,3850,2888,20241003,799.0,Success,Debit Card
13797,3850,2888,20241102,799.0,Success,Credit Card
13798,3851,2889,20240623,499.0,Success,Debit Card
13799,3851,2889,20240723,499.0,Success,UPI
13800,3851,2889,20240822,499.0,Success,UPI
13801,3851,2889,20240921,499.0,Success,UPI
13802,3851,2889,20241021,499.0,Success,PayPal
13803,3851,2889,20241120,499.0,Success,Wallet
13804,3852,2889,20241228,799.0,Success,Wallet
13805,3853,2890,20231206,499.0,Success,Wallet
13806,3853,2890,20240105,499.0,Success,Credit Card
13807,3853,2890,20240204,499.0,Success,Credit Card
13808,3853,2890,20240305,499.0,Success,PayPal
13809,3853,2890,20240404,499.0,Success,Debit Card
13810,3853,2890,20240504,499.0,Success,UPI
13811,3853,2890,20240603,499.0,Success,PayPal
13812,3853,2890,20240703,-499.0,Refunded,PayPal
13813,3853,2890,20240802,499.0,Success,Wallet
13814,3853,2890,20240901,499.0,Success,PayPal
13815,3853,2890,20241001,499.0,Success,Debit Card
13816,3853,2890,20241031,499.0,Success,Debit Card
13817,3854,2891,20231010,499.0,Success,Credit Card
13818,3855,2891,20231127,149.0,Success,PayPal
13819,3855,2891,20231227,149.0,Success,Debit Card
13820,3855,2891,20240126,149.0,Success,PayPal
13821,3856,2892,20241219,799.0,Success,UPI
13822,3857,2893,20240410,799.0,Success,PayPal
13823,3858,2893,20240515,199.0,Success,Wallet
13824,3858,2893,20240614,199.0,Success,Debit Card
13825,3858,2893,20240714,199.0,Success,PayPal
13826,3859,2894,20231023,199.0,Success,Credit Card
13827,3859,2894,20231122,199.0,Success,UPI
13828,3859,2894,20231222,199.0,Success,Credit Card
13829,3859,2894,20240121,199.0,Success,Credit Card
13830,3859,2894,20240220,199.0,Success,UPI
13831,3859,2894,20240321,199.0,Success,Credit Card
13832,3859,2894,20240420,199.0,Success,Debit Card
13833,3859,2894,20240520,199.0,Success,PayPal
13834,3859,2894,20240619,199.0,Success,PayPal
13835,3859,2894,20240719,199.0,Success,PayPal
13836,3859,2894,20240818,199.0,Success,PayPal
13837,3859,2894,20240917,199.0,Success,PayPal
13838,3860,2895,20241202,149.0,Success,PayPal
13839,3861,2896,20231024,199.0,Success,Wallet
13840,3861,2896,20231123,199.0,Success,UPI
13841,3861,2896,20231223,199.0,Success,Wallet
13842,3862,2897,20240513,149.0,Success,Debit Card
13843,3862,2897,20240612,149.0,Success,Debit Card
13844,3862,2897,20240712,149.0,Success,Debit Card
13845,3863,2898,20240409,199.0,Success,UPI
13846,3864,2899,20230507,799.0,Success,Wallet
13847,3865,2900,20231227,149.0,Success,PayPal
13848,3865,2900,20240126,149.0,Success,PayPal
13849,3865,2900,20240225,149.0,Success,Debit Card
13850,3866,2900,20240412,149.0,Success,PayPal
13851,3866,2900,20240512,149.0,Success,Credit Card
13852,3866,2900,20240611,149.0,Failed,Wallet
13853,3866,2900,20240711,149.0,Success,PayPal
13854,3866,2900,20240810,149.0,Success,PayPal
13855,3866,2900,20240909,149.0,Success,UPI
13856,3866,2900,20241009,149.0,Success,UPI
13857,3866,2900,20241108,149.0,Success,PayPal
13858,3867,2901,20230522,199.0,Success,Wallet
13859,3868,2902,20240529,499.0,Success,Credit Card
13860,3869,2902,20240702,149.0,Success,Debit Card
13861,3869,2902,20240801,149.0,Success,Credit Card
13862,3869,2902,20240831,149.0,Success,Wallet
13863,3869,2902,20240930,149.0,Success,UPI
13864,3869,2902,20241030,149.0,Success,UPI
13865,3869,2902,20241129,149.0,Success,UPI
13866,3870,2903,20230330,199.0,Success,Credit Card
13867,3871,2903,20230509,149.0,Success,Debit Card
13868,3872,2904,20230721,199.0,Success,Wallet
13869,3873,2904,20230831,149.0,Success,Wallet
13870,3874,2905,20230813,199.0,Success,UPI
13871,3874,2905,20230912,199.0,Success,UPI
13872,3874,2905,20231012,199.0,Success,Debit Card
13873,3874,2905,20231111,199.0,Success,Wallet
13874,3874,2905,20231211,199.0,Success,Wallet
13875,3874,2905,20240110,199.0,Success,Debit Card
13876,3875,2906,20241125,799.0,Success,PayPal
13877,3876,2907,20230411,199.0,Success,Wallet
13878,3877,2907,20230531,799.0,Success,PayPal
13879,3878,2908,20230627,199.0,Success,PayPal
13880,3878,2908,20230727,199.0,Success,Wallet
13881,3878,2908,20230826,199.0,Success,UPI
13882,3878,2908,20230925,199.0,Success,Credit Card
13883,3878,2908,20231025,199.0,Success,Debit Card
13884,3878,2908,20231124,199.0,Success,PayPal
13885,3878,2908,20231224,199.0,Success,PayPal
13886,3878,2908,20240123,199.0,Success,PayPal
13887,3878,2908,20240222,199.0,Success,UPI
13888,3878,2908,20240323,199.0,Success,Wallet
13889,3878,2908,20240422,199.0,Success,Wallet
13890,3878,2908,20240522,199.0,Success,PayPal
13891,3879,2908,20240709,149.0,Success,Wallet
13892,3879,2908,20240808,149.0,Success,Wallet
13893,3879,2908,20240907,149.0,Success,Wallet
13894,3879,2908,20241007,149.0,Success,PayPal
13895,3879,2908,20241106,149.0,Success,Wallet
13896,3880,2909,20240815,199.0,Success,Credit Card
13897,3880,2909,20240914,199.0,Success,Wallet
13898,3880,2909,20241014,199.0,Success,PayPal
13899,3880,2909,20241113,199.0,Success,Wallet
13900,3881,2910,20230519,499.0,Success,PayPal
13901,3881,2910,20230618,499.0,Success,Debit Card
13902,3881,2910,20230718,499.0,Success,Wallet
13903,3881,2910,20230817,499.0,Success,Credit Card
13904,3881,2910,20230916,499.0,Success,UPI
13905,3881,2910,20231016,499.0,Success,Credit Card
13906,3881,2910,20231115,499.0,Success,Wallet
13907,3881,2910,20231215,499.0,Success,Debit Card
13908,3881,2910,20240114,499.0,Success,UPI
13909,3881,2910,20240213,499.0,Success,Wallet
13910,3881,2910,20240314,499.0,Success,Credit Card
13911,3881,2910,20240413,499.0,Success,Wallet
13912,3882,2911,20230329,799.0,Success,UPI
13913,3883,2912,20240712,149.0,Success,Wallet
13914,3884,2913,20240323,199.0,Failed,Credit Card
13915,3885,2914,20231117,199.0,Success,UPI
13916,3885,2914,20231217,199.0,Success,UPI
13917,3885,2914,20240116,199.0,Success,UPI
13918,3885,2914,20240215,199.0,Success,PayPal
13919,3885,2914,20240316,199.0,Success,UPI
13920,3885,2914,20240415,199.0,Success,Debit Card
13921,3885,2914,20240515,-199.0,Refunded,PayPal
13922,3885,2914,20240614,199.0,Success,Credit Card
13923,3885,2914,20240714,199.0,Success,PayPal
13924,3885,2914,20240813,199.0,Success,Debit Card
13925,3885,2914,20240912,199.0,Failed,UPI
13926,3885,2914,20241012,199.0,Success,UPI
13927,3886,2915,20240424,199.0,Success,UPI
13928,3887,2916,20240225,199.0,Success,UPI
13929,3887,2916,20240326,199.0,Success,Debit Card
13930,3887,2916,20240425,199.0,Success,PayPal
13931,3887,2916,20240525,199.0,Success,Wallet
13932,3887,2916,20240624,199.0,Success,PayPal
13933,3887,2916,20240724,199.0,Success,Credit Card
13934,3888,2917,20240307,149.0,Success,Credit Card
13935,3889,2918,20231106,149.0,Success,Wallet
13936,3889,2918,20231206,149.0,Success,UPI
13937,3889,2918,20240105,149.0,Success,UPI
13938,3889,2918,20240204,149.0,Success,PayPal
13939,3889,2918,20240305,149.0,Success,Debit Card
13940,3889,2918,20240404,149.0,Success,Wallet
13941,3890,2918,20240509,149.0,Success,PayPal
13942,3891,2919,20240927,149.0,Success,UPI
13943,3891,2919,20241027,149.0,Success,Credit Card
13944,3891,2919,20241126,-149.0,Refunded,PayPal
13945,3892,2920,20230224,149.0,Failed,UPI
13946,3892,2920,20230326,149.0,Success,Credit Card
13947,3892,2920,20230425,149.0,Success,Wallet
13948,3893,2920,20230527,499.0,Success,Debit Card
13949,3894,2921,20240418,199.0,Success,Wallet
13950,3894,2921,20240518,199.0,Success,Credit Card
13951,3894,2921,20240617,199.0,Success,UPI
13952,3894,2921,20240717,199.0,Success,PayPal
13953,3894,2921,20240816,199.0,Success,Credit Card
13954,3894,2921,20240915,199.0,Success,Debit Card
13955,3894,2921,20241015,199.0,Success,PayPal
13956,3894,2921,20241114,199.0,Success,Wallet
13957,3895,2922,20230226,499.0,Success,Debit Card
13958,3895,2922,20230328,499.0,Success,Wallet
13959,3895,2922,20230427,499.0,Success,Credit Card
13960,3895,2922,20230527,499.0,Success,Debit Card
13961,3895,2922,20230626,499.0,Success,UPI
13962,3895,2922,20230726,499.0,Success,PayPal
13963,3895,2922,20230825,499.0,Success,Wallet
13964,3895,2922,20230924,499.0,Failed,Wallet
13965,3895,2922,20231024,499.0,Success,Wallet
13966,3895,2922,20231123,499.0,Success,Credit Card
13967,3895,2922,20231223,499.0,Success,Credit Card
13968,3895,2922,20240122,499.0,Success,Wallet
13969,3896,2923,20231208,199.0,Success,UPI
13970,3897,2924,20240508,199.0,Success,Wallet
13971,3897,2924,20240607,199.0,Success,PayPal
13972,3897,2924,20240707,199.0,Success,PayPal
13973,3897,2924,20240806,199.0,Success,PayPal
13974,3897,2924,20240905,199.0,Success,Credit Card
13975,3897,2924,20241005,199.0,Success,PayPal
13976,3898,2924,20241111,199.0,Success,UPI
13977,3899,2925,20240821,199.0,Success,Credit Card
13978,3900,2926,20241219,199.0,Success,Credit Card
13979,3901,2927,20240522,199.0,Success,Debit Card
13980,3901,2927,20240621,199.0,Success,Wallet
13981,3901,2927,20240721,199.0,Success,Wallet
13982,3902,2928,20230608,499.0,Success,Debit Card
13983,3903,2929,20230107,199.0,Success,Wallet
13984,3903,2929,20230206,199.0,Success,Debit Card
13985,3903,2929,20230308,199.0,Success,UPI
13986,3903,2929,20230407,199.0,Success,PayPal
13987,3903,2929,20230507,199.0,Success,PayPal
13988,3903,2929,20230606,199.0,Success,Wallet
13989,3904,2929,20230709,199.0,Success,PayPal
13990,3904,2929,20230808,199.0,Success,UPI
13991,3904,2929,20230907,199.0,Success,PayPal
13992,3905,2930,20230310,199.0,Success,Debit Card
13993,3905,2930,20230409,199.0,Success,Credit Card
13994,3905,2930,20230509,199.0,Success,PayPal
13995,3905,2930,20230608,199.0,Success,PayPal
13996,3905,2930,20230708,199.0,Success,Credit Card
13997,3905,2930,20230807,199.0,Success,Wallet
13998,3905,2930,20230906,199.0,Success,PayPal
13999,3905,2930,20231006,-199.0,Refunded,Debit Card
14000,3905,2930,20231105,199.0,Success,PayPal
14001,3905,2930,20231205,199.0,Success,PayPal
14002,3905,2930,20240104,199.0,Success,PayPal
14003,3905,2930,20240203,199.0,Success,Wallet
14004,3906,2931,20240616,499.0,Success,PayPal
14005,3906,2931,20240716,499.0,Success,Credit Card
14006,3906,2931,20240815,499.0,Success,PayPal
14007,3907,2931,20240924,799.0,Success,Debit Card
14008,3907,2931,20241024,799.0,Success,Debit Card
14009,3907,2931,20241123,799.0,Success,Wallet
14010,3908,2932,20230126,199.0,Success,PayPal
14011,3908,2932,20230225,199.0,Success,Debit Card
14012,3908,2932,20230327,199.0,Success,Wallet
14013,3908,2932,20230426,199.0,Success,Credit Card
14014,3908,2932,20230526,199.0,Success,Debit Card
14015,3908,2932,20230625,199.0,Success,Credit Card
14016,3908,2932,20230725,199.0,Success,Debit Card
14017,3908,2932,20230824,199.0,Success,Debit Card
14018,3908,2932,20230923,199.0,Success,PayPal
14019,3908,2932,20231023,199.0,Success,Debit Card
14020,3908,2932,20231122,199.0,Success,UPI
14021,3908,2932,20231222,199.0,Success,Wallet
14022,3909,2933,20230505,199.0,Success,Wallet
14023,3909,2933,20230604,199.0,Success,PayPal
14024,3909,2933,20230704,199.0,Success,UPI
14025,3909,2933,20230803,199.0,Success,Credit Card
14026,3909,2933,20230902,199.0,Success,Wallet
14027,3909,2933,20231002,199.0,Success,UPI
14028,3910,2934,20230829,799.0,Success,PayPal
14029,3910,2934,20230928,799.0,Success,PayPal
14030,3910,2934,20231028,799.0,Success,UPI
14031,3911,2934,20231216,499.0,Success,UPI
14032,3911,2934,20240115,499.0,Success,Wallet
14033,3911,2934,20240214,499.0,Success,PayPal
14034,3911,2934,20240315,499.0,Success,PayPal
14035,3911,2934,20240414,499.0,Success,Credit Card
14036,3911,2934,20240514,499.0,Success,UPI
14037,3911,2934,20240613,499.0,Success,Debit Card
14038,3911,2934,20240713,499.0,Success,PayPal
14039,3911,2934,20240812,499.0,Success,UPI
14040,3911,2934,20240911,499.0,Success,UPI
14041,3911,2934,20241011,499.0,Success,Debit Card
14042,3911,2934,20241110,499.0,Success,UPI
14043,3912,2935,20240325,199.0,Success,Wallet
14044,3912,2935,20240424,199.0,Failed,UPI
14045,3912,2935,20240524,199.0,Success,UPI
14046,3912,2935,20240623,199.0,Success,Credit Card
14047,3912,2935,20240723,199.0,Success,Debit Card
14048,3912,2935,20240822,199.0,Success,Credit Card
14049,3913,2935,20241010,799.0,Success,PayPal
14050,3914,2935,20241128,199.0,Success,PayPal
14051,3915,2936,20241013,149.0,Success,Debit Card
14052,3915,2936,20241112,149.0,Success,Credit Card
14053,3916,2937,20241104,799.0,Success,Wallet
14054,3917,2938,20240713,199.0,Success,Credit Card
14055,3917,2938,20240812,-199.0,Refunded,Credit Card
14056,3917,2938,20240911,199.0,Failed,Debit Card
14057,3917,2938,20241011,199.0,Success,Wallet
14058,3917,2938,20241110,199.0,Success,Wallet
14059,3918,2939,20241114,149.0,Success,Debit Card
14060,3919,2940,20241114,149.0,Success,UPI
14061,3920,2940,20241223,149.0,Success,Wallet
14062,3921,2941,20230420,149.0,Success,Debit Card
14063,3922,2942,20230129,199.0,Success,Wallet
14064,3923,2943,20230112,149.0,Success,Credit Card
14065,3923,2943,20230211,149.0,Success,Credit Card
14066,3923,2943,20230313,149.0,Success,Wallet
14067,3923,2943,20230412,149.0,Success,Debit Card
14068,3923,2943,20230512,149.0,Success,Credit Card
14069,3923,2943,20230611,149.0,Success,UPI
14070,3924,2944,20241103,499.0,Success,Debit Card
14071,3925,2945,20231230,149.0,Success,PayPal
14072,3925,2945,20240129,149.0,Success,UPI
14073,3925,2945,20240228,149.0,Success,Credit Card
14074,3925,2945,20240329,149.0,Success,UPI
14075,3925,2945,20240428,149.0,Success,UPI
14076,3925,2945,20240528,149.0,Success,PayPal
14077,3926,2946,20231011,149.0,Success,Wallet
14078,3927,2947,20240530,199.0,Success,PayPal
14079,3928,2947,20240710,149.0,Success,Wallet
14080,3929,2947,20240813,799.0,Success,PayPal
14081,3930,2948,20240204,149.0,Success,Wallet
14082,3931,2949,20231227,799.0,Success,Credit Card
14083,3931,2949,20240126,799.0,Success,Credit Card
14084,3931,2949,20240225,799.0,Success,Credit Card
14085,3931,2949,20240326,799.0,Success,Wallet
14086,3931,2949,20240425,799.0,Success,Debit Card
14087,3931,2949,20240525,799.0,Success,Debit Card
14088,3931,2949,20240624,799.0,Success,Debit Card
14089,3931,2949,20240724,799.0,Success,Credit Card
14090,3931,2949,20240823,799.0,Success,UPI
14091,3931,2949,20240922,799.0,Success,Debit Card
14092,3931,2949,20241022,799.0,Success,UPI
14093,3931,2949,20241121,799.0,Success,Credit Card
14094,3932,2950,20230524,799.0,Success,UPI
14095,3933,2951,20240208,499.0,Success,Credit Card
14096,3933,2951,20240309,499.0,Success,UPI
14097,3933,2951,20240408,499.0,Success,PayPal
14098,3934,2951,20240510,499.0,Success,UPI
14099,3935,2951,20240620,149.0,Success,Wallet
14100,3936,2952,20240121,499.0,Success,UPI
14101,3937,2953,20241226,499.0,Success,Debit Card
14102,3938,2954,20230513,199.0,Success,PayPal
14103,3938,2954,20230612,199.0,Success,PayPal
14104,3938,2954,20230712,199.0,Success,Wallet
14105,3939,2955,20231223,799.0,Success,PayPal
14106,3940,2956,20230216,499.0,Success,Credit Card
14107,3940,2956,20230318,499.0,Success,Debit Card
14108,3940,2956,20230417,499.0,Success,PayPal
14109,3941,2957,20230409,149.0,Success,PayPal
14110,3941,2957,20230509,149.0,Success,Wallet
14111,3941,2957,20230608,149.0,Success,Debit Card
14112,3941,2957,20230708,149.0,Success,Debit Card
14113,3941,2957,20230807,149.0,Success,Debit Card
14114,3941,2957,20230906,149.0,Success,Debit Card
14115,3942,2958,20240502,199.0,Success,UPI
14116,3943,2959,20230831,-499.0,Refunded,PayPal
14117,3944,2960,20240129,199.0,Success,Wallet
14118,3944,2960,20240228,199.0,Success,UPI
14119,3944,2960,20240329,199.0,Success,Debit Card
14120,3944,2960,20240428,199.0,Success,Credit Card
14121,3944,2960,20240528,199.0,Success,Credit Card
14122,3944,2960,20240627,199.0,Success,Wallet
14123,3944,2960,20240727,199.0,Success,UPI
14124,3944,2960,20240826,199.0,Success,UPI
14125,3944,2960,20240925,199.0,Success,UPI
14126,3944,2960,20241025,199.0,Success,PayPal
14127,3944,2960,20241124,199.0,Success,PayPal
14128,3945,2961,20230914,149.0,Success,PayPal
14129,3946,2962,20240328,799.0,Success,Credit Card
14130,3946,2962,20240427,799.0,Success,PayPal
14131,3946,2962,20240527,799.0,Success,Debit Card
14132,3946,2962,20240626,799.0,Success,Wallet
14133,3946,2962,20240726,799.0,Success,UPI
14134,3946,2962,20240825,799.0,Success,Credit Card
14135,3947,2963,20230628,499.0,Success,PayPal
14136,3947,2963,20230728,499.0,Success,UPI
14137,3947,2963,20230827,499.0,Success,Credit Card
14138,3948,2963,20231011,149.0,Success,Credit Card
14139,3948,2963,20231110,149.0,Success,Debit Card
14140,3948,2963,20231210,149.0,Success,Credit Card
14141,3949,2963,20240120,499.0,Success,Wallet
14142,3949,2963,20240219,499.0,Success,UPI
14143,3949,2963,20240320,499.0,Success,Credit Card
14144,3949,2963,20240419,499.0,Success,PayPal
14145,3949,2963,20240519,499.0,Success,Debit Card
14146,3949,2963,20240618,499.0,Success,Debit Card
14147,3950,2964,20230517,499.0,Success,PayPal
14148,3951,2964,20230701,499.0,Success,UPI
14149,3951,2964,20230731,499.0,Success,Debit Card
14150,3951,2964,20230830,499.0,Success,Debit Card
14151,3952,2965,20230916,499.0,Success,UPI
14152,3952,2965,20231016,499.0,Success,PayPal
14153,3952,2965,20231115,499.0,Failed,UPI
14154,3953,2966,20230726,499.0,Success,UPI
14155,3953,2966,20230825,499.0,Success,UPI
14156,3953,2966,20230924,499.0,Success,PayPal
14157,3953,2966,20231024,499.0,Success,Credit Card
14158,3953,2966,20231123,499.0,Success,Debit Card
14159,3953,2966,20231223,499.0,Success,Credit Card
14160,3953,2966,20240122,499.0,Success,Debit Card
14161,3953,2966,20240221,499.0,Success,Wallet
14162,3953,2966,20240322,499.0,Success,UPI
14163,3953,2966,20240421,499.0,Success,PayPal
14164,3953,2966,20240521,499.0,Success,PayPal
14165,3953,2966,20240620,499.0,Success,Debit Card
14166,3954,2967,20230716,799.0,Success,PayPal
14167,3954,2967,20230815,799.0,Success,UPI
14168,3954,2967,20230914,799.0,Success,UPI
14169,3955,2968,20241115,499.0,Success,Credit Card
14170,3956,2969,20230106,149.0,Success,Credit Card
14171,3956,2969,20230205,149.0,Success,Wallet
14172,3956,2969,20230307,149.0,Success,Wallet
14173,3956,2969,20230406,149.0,Success,Wallet
14174,3956,2969,20230506,149.0,Success,Debit Card
14175,3956,2969,20230605,149.0,Success,Wallet
14176,3957,2970,20230315,499.0,Success,Wallet
14177,3957,2970,20230414,499.0,Success,Credit Card
14178,3957,2970,20230514,499.0,Success,UPI
14179,3957,2970,20230613,499.0,Success,Debit Card
14180,3957,2970,20230713,499.0,Success,UPI
14181,3957,2970,20230812,499.0,Success,Debit Card
14182,3957,2970,20230911,499.0,Success,UPI
14183,3957,2970,20231011,499.0,Success,UPI
14184,3957,2970,20231110,499.0,Success,Debit Card
14185,3957,2970,20231210,499.0,Success,UPI
14186,3957,2970,20240109,499.0,Success,PayPal
14187,3957,2970,20240208,499.0,Success,Debit Card
14188,3958,2971,20241019,149.0,Success,Wallet
14189,3959,2971,20241122,199.0,Success,PayPal
14190,3960,2972,20240807,499.0,Success,Credit Card
14191,3960,2972,20240906,499.0,Success,PayPal
14192,3960,2972,20241006,499.0,Success,Wallet
14193,3960,2972,20241105,499.0,Success,Credit Card
14194,3961,2973,20240726,499.0,Success,Debit Card
14195,3962,2974,20241002,199.0,Success,Wallet
14196,3962,2974,20241101,199.0,Success,UPI
14197,3962,2974,20241201,199.0,Success,PayPal
14198,3963,2975,20230511,799.0,Success,UPI
14199,3963,2975,20230610,799.0,Success,Credit Card
14200,3963,2975,20230710,799.0,Success,Debit Card
14201,3964,2975,20230829,199.0,Success,UPI
14202,3965,2975,20230930,799.0,Success,Credit Card
14203,3965,2975,20231030,799.0,Success,PayPal
14204,3965,2975,20231129,799.0,Success,UPI
14205,3966,2976,20230825,149.0,Success,Wallet
14206,3966,2976,20230924,149.0,Success,Credit Card
14207,3966,2976,20231024,149.0,Success,Wallet
14208,3967,2976,20231129,499.0,Success,UPI
14209,3968,2976,20240117,149.0,Success,Credit Card
14210,3969,2977,20230818,499.0,Success,UPI
14211,3970,2977,20230925,149.0,Success,Wallet
14212,3971,2977,20231113,149.0,Success,Debit Card
14213,3972,2978,20241221,799.0,Success,UPI
14214,3973,2979,20231022,799.0,Failed,Credit Card
14215,3973,2979,20231121,799.0,Success,UPI
14216,3973,2979,20231221,799.0,Failed,UPI
14217,3973,2979,20240120,799.0,Success,UPI
14218,3973,2979,20240219,799.0,Success,PayPal
14219,3973,2979,20240320,799.0,Success,UPI
14220,3973,2979,20240419,799.0,Success,Credit Card
14221,3973,2979,20240519,799.0,Success,Debit Card
14222,3973,2979,20240618,799.0,Success,Credit Card
14223,3973,2979,20240718,799.0,Success,PayPal
14224,3973,2979,20240817,799.0,Success,Wallet
14225,3973,2979,20240916,799.0,Success,Credit Card
14226,3974,2980,20240614,199.0,Success,PayPal
14227,3974,2980,20240714,199.0,Success,Credit Card
14228,3974,2980,20240813,199.0,Success,Credit Card
14229,3974,2980,20240912,199.0,Success,Wallet
14230,3974,2980,20241012,199.0,Success,UPI
14231,3974,2980,20241111,199.0,Success,Wallet
14232,3975,2981,20230228,149.0,Success,PayPal
14233,3975,2981,20230330,-149.0,Refunded,Debit Card
14234,3975,2981,20230429,149.0,Success,PayPal
14235,3975,2981,20230529,149.0,Success,Debit Card
14236,3975,2981,20230628,149.0,Success,UPI
14237,3975,2981,20230728,149.0,Success,Debit Card
14238,3975,2981,20230827,149.0,Failed,Credit Card
14239,3975,2981,20230926,149.0,Success,Debit Card
14240,3975,2981,20231026,149.0,Success,Credit Card
14241,3975,2981,20231125,149.0,Success,UPI
14242,3975,2981,20231225,149.0,Success,Wallet
14243,3975,2981,20240124,149.0,Success,UPI
14244,3976,2982,20240427,199.0,Success,PayPal
14245,3976,2982,20240527,199.0,Success,UPI
14246,3976,2982,20240626,199.0,Success,Debit Card
14247,3977,2983,20240307,799.0,Success,Wallet
14248,3978,2984,20230302,499.0,Success,UPI
14249,3978,2984,20230401,499.0,Success,UPI
14250,3978,2984,20230501,499.0,Success,Debit Card
14251,3978,2984,20230531,499.0,Success,Wallet
14252,3978,2984,20230630,499.0,Success,Credit Card
14253,3978,2984,20230730,499.0,Success,UPI
14254,3979,2984,20230916,199.0,Success,UPI
14255,3980,2985,20231204,799.0,Success,Credit Card
14256,3980,2985,20240103,799.0,Success,Credit Card
14257,3980,2985,20240202,799.0,Failed,Wallet
14258,3981,2985,20240317,199.0,Success,Debit Card
14259,3981,2985,20240416,199.0,Success,Debit Card
14260,3981,2985,20240516,199.0,Success,Credit Card
14261,3982,2986,20240520,499.0,Success,Wallet
14262,3982,2986,20240619,499.0,Success,UPI
14263,3982,2986,20240719,499.0,Success,Credit Card
14264,3982,2986,20240818,499.0,Success,PayPal
14265,3982,2986,20240917,499.0,Success,Wallet
14266,3982,2986,20241017,499.0,Success,PayPal
14267,3983,2987,20240916,149.0,Success,Debit Card
14268,3983,2987,20241016,149.0,Success,Credit Card
14269,3983,2987,20241115,149.0,Success,UPI
14270,3984,2987,20241215,499.0,Success,Debit Card
14271,3985,2988,20231221,149.0,Success,Wallet
14272,3986,2989,20240919,499.0,Success,Credit Card
14273,3986,2989,20241019,499.0,Success,Credit Card
14274,3986,2989,20241118,499.0,Success,Debit Card
14275,3987,2990,20230513,499.0,Success,UPI
14276,3987,2990,20230612,499.0,Success,Debit Card
14277,3987,2990,20230712,499.0,Success,Debit Card
14278,3987,2990,20230811,499.0,Success,Wallet
14279,3987,2990,20230910,499.0,Success,Debit Card
14280,3987,2990,20231010,499.0,Success,PayPal
14281,3987,2990,20231109,499.0,Success,Debit Card
14282,3987,2990,20231209,499.0,Success,Credit Card
14283,3987,2990,20240108,499.0,Success,UPI
14284,3987,2990,20240207,499.0,Success,UPI
14285,3987,2990,20240308,499.0,Success,UPI
14286,3987,2990,20240407,499.0,Success,UPI
14287,3988,2991,20240523,149.0,Success,PayPal
14288,3988,2991,20240622,149.0,Success,Debit Card
14289,3988,2991,20240722,149.0,Success,Wallet
14290,3988,2991,20240821,149.0,Failed,UPI
14291,3988,2991,20240920,149.0,Success,Wallet
14292,3988,2991,20241020,149.0,Success,PayPal
14293,3988,2991,20241119,149.0,Success,UPI
14294,3989,2992,20240504,149.0,Success,PayPal
14295,3990,2993,20230822,499.0,Success,UPI
14296,3991,2994,20230720,149.0,Success,PayPal
14297,3991,2994,20230819,149.0,Success,Wallet
14298,3991,2994,20230918,149.0,Success,Debit Card
14299,3991,2994,20231018,149.0,Success,Debit Card
14300,3991,2994,20231117,149.0,Success,Wallet
14301,3991,2994,20231217,149.0,Success,Debit Card
14302,3991,2994,20240116,149.0,Success,Wallet
14303,3991,2994,20240215,149.0,Success,Wallet
14304,3991,2994,20240316,149.0,Success,UPI
14305,3991,2994,20240415,149.0,Success,Debit Card
14306,3991,2994,20240515,149.0,Success,Credit Card
14307,3991,2994,20240614,149.0,Success,Credit Card
14308,3992,2995,20241201,149.0,Success,Wallet
14309,3993,2996,20240201,199.0,Success,UPI
14310,3994,2996,20240322,799.0,Success,Credit Card
14311,3995,2996,20240507,799.0,Success,Wallet
14312,3995,2996,20240606,799.0,Success,Wallet
14313,3995,2996,20240706,799.0,Success,Wallet
14314,3995,2996,20240805,799.0,Success,UPI
14315,3995,2996,20240904,799.0,Success,PayPal
14316,3995,2996,20241004,799.0,Success,Wallet
14317,3995,2996,20241103,799.0,Success,PayPal
14318,3996,2997,20240313,799.0,Success,Wallet
14319,3996,2997,20240412,799.0,Success,Debit Card
14320,3996,2997,20240512,799.0,Success,Wallet
14321,3996,2997,20240611,799.0,Success,Credit Card
14322,3996,2997,20240711,799.0,Success,Wallet
14323,3996,2997,20240810,799.0,Success,UPI
14324,3997,2998,20240922,199.0,Success,PayPal
14325,3998,2999,20230301,199.0,Success,Debit Card
14326,3998,2999,20230331,199.0,Failed,Wallet
14327,3998,2999,20230430,199.0,Success,Debit Card
14328,3998,2999,20230530,199.0,Success,Wallet
14329,3998,2999,20230629,199.0,Success,PayPal
14330,3998,2999,20230729,199.0,Success,Wallet
14331,3999,3000,20230821,499.0,Success,Debit Card
14332,3999,3000,20230920,499.0,Success,Credit Card
14333,3999,3000,20231020,499.0,Success,Credit Card
14334,3999,3000,20231119,499.0,Success,Wallet
14335,3999,3000,20231219,499.0,Success,Wallet
14336,3999,3000,20240118,499.0,Success,Wallet
