subscription_id,user_id,plan_id,start_date_id,end_date_id,status,cancellation_reason,duration_days
1,1,4,20241016,20241231,Active,,76
2,2,4,20230817,20230916,Cancelled,,30
3,3,4,20240712,20241231,Active,,172
4,4,1,20230406,20230506,xpired,,30
5,4,3,20230511,20240505,Expired,,360
6,5,2,20240728,20240827,Expired,,30
7,5,2,20240910,20241010,Expired,,30
8,5,3,20241025,20241231,Active,,67
9,6,1,20240305,20240404,Expired,,30
10,7,1,20230107,20230407,Expired,,90
11,7,3,20230417,20230517,Expired,,30
12,8,1,20230609,20230907,xpired,,90
13,9,4,20230405,20230704,Expired,,90
14,10,2,20240910,20241010,Cancelled,Not enough content,30
15,11,4,20240703,20240802,Expired,,30
16,12,2,20240719,20240818,Expired,,30
17,13,1,20240106,20240205,Cancelled,,30
18,14,2,20241108,20241208,Expired,,30
19,15,4,20230827,20240821,Expired,,360
20,16,4,20240109,20241231,ctive,,357
21,17,3,20231001,20231031,Cancelled,No longer needed,30
22,18,1,20240915,20241015,xpired,,30
23,19,3,20230617,20240611,Expired,,360
24,20,4,20241017,20241116,Cancelled,No longer needed,30
25,21,1,20230227,20230826,xpired,,180
26,21,1,20230831,20230930,Expired,,30
27,21,4,20231008,20240405,Cancelled,No longer needed,180
28,22,1,20240215,20240515,Expired,,90
29,23,1,20240803,20241231,ctive,,150
30,24,4,20240210,20240808,Cancelled,No longer needed,180
31,25,3,20230910,20240904,Expired,,360
32,25,4,20240917,20241216,Cancelled,,90
33,26,2,20240821,20241231,Active,,132
34,27,4,20230813,20230912,Expired,,30
35,28,1,20230218,20230320,Expired,,30
36,29,2,20241127,20241227,Active,,30
37,29,2,20241229,20241231,Active,,2
38,30,1,20240902,20241002,Expired,,30
39,30,1,20241012,20241111,Expired,,30
40,31,3,20230112,20230211,Expired,,30
41,31,2,20230212,20230314,Expired,,30
42,32,1,20240703,20240802,Expired,,30
43,32,2,20240809,20240908,xpired,,30
44,33,2,20231028,20240425,Expired,,180
45,33,2,20240510,20241106,Cancelled,Too expensive,180
46,34,1,20230927,20231027,Cancelled,Technical issues,30
47,35,2,20230419,20230519,Expired,,30
48,36,3,20240915,20241015,Cancelled,No longer needed,30
49,37,3,20240706,20240805,Expired,,30
50,37,2,20240816,20241231,Active,,137
51,38,3,20240515,20240614,Cancelled,Not enough content,30
52,39,4,20231111,20231211,Expired,,30
53,39,1,20231225,20240124,xpired,,30
54,39,1,20240204,20241231,Active,,331
55,40,3,20230322,20230918,Cancelled,No longer needed,180
56,41,2,20240629,20240729,Expired,,30
57,42,4,20240716,20241231,Active,,168
58,43,4,20240309,20240905,Expired,,180
59,44,2,20241207,20241231,Active,,24
60,45,3,20241118,20241231,Active,,43
61,46,3,20240407,20240507,Expired,,30
62,47,2,20230122,20240117,Expired,,360
63,48,4,20230108,20230707,Cancelled,,180
64,49,4,20230311,20230410,Cancelled,No longer needed,30
65,50,4,20230901,20240228,Expired,,180
66,50,4,20240304,20240403,xpired,,30
67,50,1,20240406,20240705,Expired,,90
68,51,2,20230516,20240510,Expired,,360
69,51,4,20240516,20241112,Expired,,180
70,51,2,20241121,20241231,Active,,40
71,52,1,20240429,20241231,Active,,246
72,53,2,20230714,20231012,Expired,,90
73,53,1,20231027,20231126,Expired,,30
74,54,3,20240309,20240408,Expired,,30
75,55,4,20241120,20241231,Active,,41
76,56,2,20240217,20240318,Expired,,30
77,57,2,20230912,20240906,Expired,,360
78,57,4,20240913,20241231,Active,,109
79,58,3,20240308,20241231,Active,,298
80,59,2,20230319,20240313,Cancelled,,360
81,60,1,20230411,20231008,Cancelled,Technical issues,180
82,61,2,20230116,20230416,Expired,,90
83,62,2,20230620,20230720,Cancelled,,30
84,63,3,20240215,20240813,Expired,,180
85,64,2,20240204,20240305,Expired,,30
86,65,3,20231020,20231119,Expired,,30
87,65,3,20231125,20231225,Expired,,30
88,66,3,20240723,20241021,Cancelled,No longer needed,90
89,67,4,20231031,20231130,xpired,,30
90,67,4,20231204,20240601,Expired,,180
91,67,4,20240620,20240918,Cancelled,No longer needed,90
92,68,4,20240709,20241007,Expired,,90
93,68,3,20241011,20241110,Cancelled,,30
94,69,2,20240821,20241119,xpired,,90
95,70,4,20230611,20230909,xpired,,90
96,70,1,20230919,20231218,Cancelled,Too expensive,90
97,71,2,20230710,20240106,Expired,,180
98,71,2,20240108,20240207,Cancelled,Switched to competitor,30
99,72,1,20230829,20231127,xpired,,90
100,73,3,20230910,20231010,Expired,,30
101,74,4,20240305,20240901,Expired,,180
102,74,1,20240918,20241018,Expired,,30
103,74,3,20241021,20241120,Cancelled,Too expensive,30
104,75,4,20230925,20231025,Cancelled,Technical issues,30
105,76,3,20230929,20231228,Cancelled,,90
106,77,4,20240413,20240513,Expired,,30
107,78,1,20230110,20230209,Expired,,30
108,78,2,20230210,20230312,Expired,,30
109,79,3,20230413,20240407,Expired,,360
110,79,4,20240412,20240512,Cancelled,Too expensive,30
111,80,3,20230516,20230814,Expired,,90
112,80,4,20230830,20230929,Expired,,30
113,80,3,20231018,20240116,ancelled,No longer needed,90
114,81,3,20240114,20240712,Cancelled,,180
115,82,1,20241221,20241231,Active,,10
116,83,2,20241031,20241231,Active,,61
117,84,3,20231103,20240201,Expired,,90
118,84,2,20240221,20241231,Active,,314
119,85,1,20230928,20231028,Cancelled,Switched to competitor,30
120,86,4,20230609,20231206,Expired,,180
121,87,2,20231218,20240615,Expired,,180
122,88,1,20240601,20240701,Active,,30
123,89,1,20230222,20230324,Expired,,30
124,89,3,20230324,20230920,Cancelled,Switched to competitor,180
125,90,2,20230215,20230317,Expired,,30
126,90,1,20230328,20230626,Expired,,90
127,91,1,20230926,20231225,Expired,,90
128,91,2,20240108,20240207,Expired,,30
129,91,4,20240207,20240308,Cancelled,Not enough content,30
130,92,3,20240313,20240611,Cancelled,,90
131,93,2,20241208,20241231,ctive,,23
132,94,1,20240819,20240918,Expired,,30
133,94,4,20241002,20241101,Expired,,30
134,95,1,20231112,20240210,Expired,,90
135,96,3,20230210,20230312,Expired,,30
136,96,2,20230318,20230914,Expired,,180
137,96,1,20231004,20240928,Expired,,360
138,97,2,20230416,20230516,Cancelled,Not enough content,30
139,98,4,20240221,20241231,Active,,314
140,99,2,20230831,20231129,Expired,,90
141,99,4,20231210,20240109,xpired,,30
142,100,3,20240227,20240328,Expired,,30
143,100,4,20240412,20240711,Expired,,90
144,101,2,20240226,20240526,Expired,,90
145,102,2,20231001,20231031,Cancelled,Switched to competitor,30
146,103,2,20230209,20240204,Cancelled,Technical issues,360
147,104,1,20240416,20241013,Expired,,180
148,105,1,20230822,20240816,Expired,,360
149,105,3,20240816,20241231,Active,,137
150,106,3,20231203,20240531,Expired,,180
151,106,4,20240611,20241231,ctive,,203
152,107,3,20231013,20240410,Expired,,180
153,107,2,20240413,20241010,Expired,,180
154,107,1,20241016,20241231,Active,,76
155,108,3,20240703,20240802,xpired,,30
156,109,1,20230925,20231025,Expired,,30
157,109,3,20231025,20231124,Cancelled,Not enough content,30
158,110,1,20230209,20230808,Expired,,180
159,110,1,20230820,20240814,xpired,,360
160,110,3,20240826,20240925,Cancelled,,30
161,111,1,20231118,20240516,Expired,,180
162,111,3,20240531,20240829,Cancelled,,90
163,112,1,20240130,20240728,Expired,,180
164,113,4,20240322,20240421,Cancelled,,30
165,114,4,20241204,20241231,Active,,27
166,115,1,20230721,20240117,Cancelled,,180
167,116,1,20231205,20240304,Cancelled,,90
168,117,1,20231104,20231204,Expired,,30
169,117,1,20231222,20241216,Expired,,360
170,118,2,20240217,20240815,Cancelled,,180
171,119,1,20240306,20240604,Expired,,90
172,120,2,20230628,20231225,Cancelled,Switched to competitor,180
173,121,3,20230101,20230630,Expired,,180
174,121,1,20230704,20230803,Expired,,30
175,122,2,20240816,20241231,Active,,137
176,123,2,20240328,20240626,Expired,,90
177,123,4,20240714,20240813,Expired,,30
178,124,1,20230623,20230723,Cancelled,Too expensive,30
179,125,4,20241010,20241109,Expired,,30
180,126,1,20230829,20240225,Expired,,180
181,126,4,20240304,20241231,Active,,302
182,127,3,20230531,20230829,Expired,,90
183,128,2,20240917,20241017,Cancelled,Not enough content,30
184,129,4,20240812,20241231,Active,,141
185,130,2,20240214,20241231,Active,,321
186,131,2,20230420,20230520,xpired,,30
187,131,1,20230601,20230830,Cancelled,Too expensive,90
188,132,1,20241213,20241231,Active,,18
189,133,4,20230505,20230604,Cancelled,,30
190,134,1,20240627,20240727,Cancelled,Not enough content,30
191,135,2,20240329,20240428,Expired,,30
192,136,2,20240312,20240411,Expired,,30
193,137,3,20240501,20240531,Expired,,30
194,137,1,20240613,20241210,Cancelled,,180
195,138,2,20241014,20241231,Active,,78
196,139,2,20241003,20241231,Active,,89
197,140,2,20231020,20231119,Expired,,30
198,141,4,20240707,20241231,Active,,177
199,142,2,20241211,20241231,ctive,,20
200,143,3,20240222,20240522,Expired,,90
201,144,4,20230731,20240725,Expired,,360
202,144,2,20240812,20241231,Active,,141
203,145,1,20241213,20241231,Active,,18
204,146,3,20240125,20241231,ctive,,341
205,147,2,20240204,20241231,Active,,331
206,148,3,20240909,20241231,Active,,113
207,149,3,20240512,20241231,Active,,233
208,150,2,20240219,20240519,Cancelled,,90
209,151,3,20230511,20230610,Expired,,30
210,151,2,20230628,20230728,Expired,,30
211,152,2,20240829,20240928,Expired,,30
212,152,3,20241018,20241117,Expired,,30
213,153,2,20240314,20240910,Expired,,180
214,153,4,20240918,20241231,Active,,104
215,154,3,20230924,20231024,Expired,,30
216,155,1,20231212,20240111,Cancelled,No longer needed,30
217,156,3,20240307,20241231,Active,,299
218,157,4,20240706,20241231,Active,,178
219,158,4,20241027,20241126,Active,,30
220,159,3,20230201,20230303,Cancelled,Not enough content,30
221,160,3,20230606,20230706,Expired,,30
222,160,2,20230719,20230818,Expired,,30
223,160,1,20230905,20231005,Cancelled,No longer needed,30
224,161,2,20240731,20240830,Expired,,30
225,161,3,20240917,20241231,ctive,,105
226,162,2,20240113,20240212,Expired,,30
227,162,2,20240222,20240323,Expired,,30
228,162,2,20240404,20241231,Active,,271
229,163,3,20230428,20231025,Expired,,180
230,163,4,20231101,20231201,Cancelled,Switched to competitor,30
231,164,3,20230127,20230226,Expired,,30
232,164,4,20230307,20240301,Expired,,360
233,164,4,20240313,20240412,Cancelled,Not enough content,30
234,165,4,20240120,20240219,xpired,,30
235,166,4,20240829,20240928,Expired,,30
236,166,2,20241006,20241231,Active,,86
237,167,3,20241214,20241231,Active,,17
238,168,4,20230504,20231031,xpired,,180
239,169,4,20240314,20240413,Expired,,30
240,170,3,20231216,20240613,Expired,,180
241,170,2,20240622,20241219,Expired,,180
242,171,1,20230419,20240413,Cancelled,Not enough content,360
243,172,4,20240415,20241231,ctive,,260
244,173,1,20240618,20241215,Expired,,180
245,174,1,20240705,20241231,Active,,179
246,175,3,20240829,20241231,Active,,124
247,176,2,20230330,20230429,xpired,,30
248,177,1,20240420,20240520,Expired,,30
249,177,1,20240606,20240904,Cancelled,No longer needed,90
250,178,2,20230130,20230729,Cancelled,Switched to competitor,180
251,179,2,20230806,20240731,Cancelled,Not enough content,360
252,180,2,20240902,20241201,Expired,,90
253,181,2,20240613,20240713,Expired,,30
254,182,1,20240515,20240614,Cancelled,Switched to competitor,30
255,183,3,20241023,20241122,Expired,,30
256,183,2,20241127,20241227,Cancelled,Switched to competitor,30
257,184,1,20230406,20240331,Expired,,360
258,185,2,20231110,20231210,Expired,,30
259,186,3,20240627,20241231,Active,,187
260,187,2,20231205,20240104,Expired,,30
261,188,1,20230915,20231015,Expired,,30
262,189,4,20230503,20240427,Expired,,360
263,190,4,20230709,20240703,Expired,,360
264,190,3,20240723,20241231,Active,,161
265,191,3,20240826,20241231,Active,,127
266,192,4,20230718,20230817,Expired,,30
267,192,1,20230823,20240817,Expired,,360
268,193,4,20230115,20230714,Cancelled,,180
269,194,2,20230225,20230327,Cancelled,Switched to competitor,30
270,195,2,20241015,20241231,Active,,77
271,196,4,20231019,20240117,Expired,,90
272,196,4,20240131,20240430,Expired,,90
273,197,1,20230222,20230324,Expired,,30
274,197,1,20230413,20230712,xpired,,90
275,197,4,20230723,20240119,Expired,,180
276,198,3,20230308,20230606,Expired,,90
277,199,4,20241203,20241231,Active,,28
278,200,2,20231108,20231208,Expired,,30
279,200,3,20231212,20240111,Cancelled,Technical issues,30
280,201,1,20240302,20240829,Expired,,180
281,201,4,20240917,20241216,Expired,,90
282,202,1,20240619,20241216,Expired,,180
283,202,1,20241229,20241231,Active,,2
284,203,2,20240825,20241231,ctive,,128
285,204,3,20240916,20241016,Expired,,30
286,204,1,20241022,20241231,ctive,,70
287,205,2,20241002,20241101,Cancelled,Too expensive,30
288,206,4,20230903,20240828,Expired,,360
289,206,4,20240901,20241231,Active,,121
290,207,1,20240223,20240324,Expired,,30
291,207,3,20240325,20240921,Expired,,180
292,207,4,20240928,20241028,Expired,,30
293,208,4,20230203,20230504,Expired,,90
294,208,4,20230515,20230813,Expired,,90
295,209,3,20240409,20241231,Active,,266
296,210,3,20241002,20241231,Active,,90
297,211,4,20240311,20240907,Cancelled,No longer needed,180
298,212,1,20230930,20240924,Cancelled,No longer needed,360
299,213,2,20231111,20231211,Expired,,30
300,213,4,20231218,20240117,Expired,,30
301,214,3,20231023,20240420,Expired,,180
302,215,3,20241217,20241231,Active,,14
303,216,3,20240520,20240619,Expired,,30
304,216,2,20240702,20241229,Active,,180
305,217,1,20240318,20240616,Cancelled,,90
306,218,2,20230404,20231001,Expired,,180
307,219,2,20240812,20241110,Cancelled,,90
308,220,1,20241119,20241219,Cancelled,Too expensive,30
309,221,4,20230629,20230729,Expired,,30
310,222,2,20231012,20231111,Expired,,30
311,222,1,20231116,20231216,Cancelled,,30
312,223,1,20240518,20240617,ancelled,No longer needed,30
313,224,1,20231125,20231225,Expired,,30
314,224,2,20231231,20240628,Expired,,180
315,224,1,20240713,20241011,Expired,,90
316,225,1,20240226,20241231,Active,,309
317,226,3,20240215,20240316,Expired,,30
318,227,4,20230916,20231016,Cancelled,No longer needed,30
319,228,2,20240610,20241207,xpired,,180
320,229,3,20240228,20240528,Expired,,90
321,230,2,20240525,20240823,Expired,,90
322,231,2,20231001,20231031,Cancelled,Too expensive,30
323,232,2,20241216,20241231,Active,,15
324,233,3,20240915,20241214,Expired,,90
325,234,4,20230115,20230714,Cancelled,No longer needed,180
326,235,4,20230427,20230527,xpired,,30
327,235,2,20230608,20230906,Cancelled,Too expensive,90
328,236,4,20230607,20230707,Expired,,30
329,236,4,20230721,20231019,Expired,,90
330,236,4,20231029,20240127,Expired,,90
331,237,1,20241223,20241231,Active,,8
332,238,3,20240428,20240528,Cancelled,Switched to competitor,30
333,239,4,20230715,20231013,Expired,,90
334,239,4,20231018,20231117,Expired,,30
335,239,3,20231207,20240306,xpired,,90
336,240,1,20230313,20230909,Expired,,180
337,241,2,20231215,20240114,xpired,,30
338,241,3,20240130,20241231,ctive,,336
339,242,2,20231102,20240430,Expired,,180
340,243,4,20230602,20240527,Expired,,360
341,243,4,20240613,20240713,Cancelled,Too expensive,30
342,244,1,20240719,20241231,Active,,165
343,245,2,20230713,20231011,Expired,,90
344,245,4,20231018,20240116,xpired,,90
345,245,1,20240205,20240306,Expired,,30
346,246,3,20240225,20240326,Expired,,30
347,247,2,20240126,20240724,Expired,,180
348,247,1,20240725,20241023,Expired,,90
349,248,1,20241029,20241231,Active,,63
350,249,3,20240529,20241231,Active,,216
351,250,2,20240326,20241231,Active,,280
352,251,1,20230528,20230627,xpired,,30
353,252,2,20230318,20240312,Expired,,360
354,252,4,20240312,20240411,xpired,,30
355,252,4,20240418,20240518,Cancelled,No longer needed,30
356,253,3,20240930,20241231,Active,,92
357,254,3,20231203,20240102,Expired,,30
358,254,3,20240111,20241231,Active,,355
359,255,2,20231121,20231221,Expired,,30
360,256,1,20240708,20241006,Expired,,90
361,256,4,20241009,20241231,Active,,83
362,257,4,20241201,20241231,Active,,30
363,258,3,20240320,20240419,ancelled,Not enough content,30
364,259,2,20230413,20240407,Expired,,360
365,259,1,20240407,20240507,Cancelled,,30
366,260,2,20230130,20230729,Expired,,180
367,260,3,20230818,20230917,Cancelled,,30
368,261,1,20240103,20241228,Active,,360
369,262,2,20240226,20241231,Active,,309
370,263,2,20230629,20231226,Expired,,180
371,264,3,20241130,20241230,Active,,30
372,265,4,20230826,20230925,Cancelled,,30
373,266,3,20241113,20241231,Active,,48
374,267,4,20231022,20231121,Cancelled,Not enough content,30
375,268,1,20231220,20241214,Cancelled,,360
376,269,3,20241207,20241231,Active,,24
377,270,3,20240129,20240228,xpired,,30
378,270,3,20240312,20240411,Expired,,30
379,270,3,20240412,20240512,Expired,,30
380,271,3,20240103,20240402,Expired,,90
381,272,3,20230123,20230222,Expired,,30
382,273,1,20241203,20241231,Active,,28
383,274,2,20240523,20240622,Expired,,30
384,275,1,20231227,20240326,Cancelled,No longer needed,90
385,276,1,20241125,20241225,Expired,,30
386,277,2,20230521,20230620,Cancelled,Not enough content,30
387,278,3,20230210,20240205,Expired,,360
388,279,1,20240109,20240408,Expired,,90
389,279,1,20240421,20240720,Cancelled,Too expensive,90
390,280,1,20231201,20231231,Expired,,30
391,281,4,20240706,20241231,Active,,178
392,282,2,20230618,20230718,Cancelled,Switched to competitor,30
393,283,1,20231030,20231129,Expired,,30
394,284,2,20240424,20241231,Active,,251
395,285,1,20241123,20241231,Active,,38
396,286,4,20240724,20241231,Active,,160
397,287,4,20230928,20231028,Expired,,30
398,288,4,20241119,20241231,Active,,42
399,289,2,20240116,20241231,Active,,350
400,290,4,20240926,20241225,Expired,,90
401,291,4,20241025,20241231,Active,,67
402,292,2,20241218,20241231,Active,,13
403,293,2,20230216,20230318,Expired,,30
404,294,1,20230410,20230510,Expired,,30
405,294,2,20230514,20230812,Expired,,90
406,294,1,20230830,20230929,Expired,,30
407,295,4,20240409,20240509,xpired,,30
408,295,2,20240523,20240622,Expired,,30
409,296,3,20240707,20241231,Active,,177
410,297,4,20240229,20240330,Expired,,30
411,298,3,20240222,20240323,Expired,,30
412,299,4,20240330,20240926,Expired,,180
413,299,1,20241009,20241231,Active,,83
414,300,1,20230412,20231009,Expired,,180
415,300,4,20231015,20231114,Expired,,30
416,301,2,20241022,20241231,Active,,70
417,302,1,20230506,20240430,xpired,,360
418,303,4,20241016,20241115,Expired,,30
419,303,4,20241123,20241231,Active,,38
420,304,2,20231208,20240107,Expired,,30
421,305,2,20230730,20240724,Expired,,360
422,306,3,20240823,20241121,Expired,,90
423,307,3,20230601,20231128,Expired,,180
424,307,1,20231216,20240115,Expired,,30
425,307,2,20240123,20241231,Active,,343
426,308,2,20230529,20231125,Expired,,180
427,308,2,20231125,20231225,Cancelled,,30
428,309,4,20230423,20230523,Cancelled,No longer needed,30
429,310,3,20240102,20240401,Expired,,90
430,311,3,20230929,20231029,xpired,,30
431,311,2,20231117,20231217,xpired,,30
432,311,3,20231227,20240624,Expired,,180
433,312,2,20230427,20231024,Expired,,180
434,313,1,20240106,20241231,Active,,360
435,314,2,20230815,20240211,Expired,,180
436,314,1,20240213,20241231,Active,,322
437,315,2,20241105,20241205,Expired,,30
438,315,1,20241208,20241231,Active,,23
439,316,3,20230201,20240127,Expired,,360
440,317,3,20240312,20240411,Expired,,30
441,318,2,20240330,20240429,Expired,,30
442,319,1,20230601,20231128,Expired,,180
443,320,3,20240822,20240921,Expired,,30
444,320,2,20241009,20241231,Active,,83
445,321,3,20240903,20241202,Expired,,90
446,322,1,20240316,20240415,Expired,,30
447,322,1,20240503,20240801,Cancelled,Switched to competitor,90
448,323,2,20241101,20241201,Expired,,30
449,324,4,20230809,20230908,Expired,,30
450,325,1,20231214,20240113,Expired,,30
451,326,3,20231117,20240515,Expired,,180
452,326,2,20240517,20241113,ancelled,Switched to competitor,180
453,327,2,20230606,20231203,Cancelled,Switched to competitor,180
454,328,4,20230329,20230428,Expired,,30
455,329,3,20240117,20241231,Active,,349
456,330,3,20240729,20241231,Active,,155
457,331,2,20231229,20240626,Expired,,180
458,332,3,20230222,20230523,Cancelled,Technical issues,90
459,333,2,20240814,20241231,Active,,139
460,334,1,20230818,20240812,Cancelled,Switched to competitor,360
461,335,1,20230428,20240422,Expired,,360
462,336,2,20240728,20240827,Expired,,30
463,337,2,20230127,20230226,Expired,,30
464,338,1,20231001,20231031,Expired,,30
465,339,1,20231113,20240211,Cancelled,Switched to competitor,90
466,340,4,20230527,20231123,Expired,,180
467,340,2,20231129,20231229,Expired,,30
468,341,4,20241010,20241109,Expired,,30
469,342,3,20240121,20240719,Cancelled,No longer needed,180
470,343,1,20231116,20231216,Expired,,30
471,344,1,20240902,20241002,xpired,,30
472,344,1,20241022,20241121,Expired,,30
473,345,4,20240924,20241231,Active,,98
474,346,1,20241108,20241208,Expired,,30
475,346,4,20241218,20241231,Active,,13
476,347,3,20231007,20240105,Cancelled,Switched to competitor,90
477,348,4,20240316,20240415,Expired,,30
478,349,2,20240513,20240612,Expired,,30
479,349,1,20240621,20240919,xpired,,90
480,349,4,20240920,20241231,Active,,102
481,350,3,20240209,20240310,xpired,,30
482,350,3,20240330,20240429,Cancelled,No longer needed,30
483,351,4,20230805,20240730,Cancelled,,360
484,352,2,20230503,20230801,xpired,,90
485,352,3,20230802,20231031,Expired,,90
486,353,1,20230513,20240507,Expired,,360
487,353,4,20240527,20240626,Expired,,30
488,354,4,20240726,20241231,Active,,158
489,355,2,20230213,20230315,Cancelled,No longer needed,30
490,356,4,20231117,20240215,Expired,,90
491,357,1,20241017,20241231,Active,,75
492,358,2,20231129,20241123,Expired,,360
493,358,2,20241208,20241231,Active,,23
494,359,1,20241207,20241231,Active,,24
495,360,2,20230907,20240305,Expired,,180
496,360,2,20240314,20241231,Active,,292
497,361,4,20240210,20240510,Expired,,90
498,361,4,20240517,20240616,xpired,,30
499,361,4,20240702,20240801,Cancelled,No longer needed,30
500,362,4,20230622,20230920,Expired,,90
501,363,3,20240606,20240904,Expired,,90
502,364,2,20241022,20241231,Active,,70
503,365,3,20230722,20240716,Expired,,360
504,365,2,20240725,20240824,Expired,,30
505,366,4,20241102,20241231,Active,,59
506,367,1,20240520,20240619,xpired,,30
507,368,2,20240404,20240703,Cancelled,Switched to competitor,90
508,369,3,20241012,20241111,Cancelled,Too expensive,30
509,370,2,20231120,20231220,Expired,,30
510,370,3,20231226,20240125,Expired,,30
511,370,3,20240202,20240303,Cancelled,Technical issues,30
512,371,1,20241008,20241107,Expired,,30
513,372,1,20231227,20241221,Expired,,360
514,372,2,20241227,20241231,Active,,4
515,373,4,20230208,20230310,Cancelled,,30
516,374,4,20241022,20241121,Expired,,30
517,374,4,20241123,20241231,Active,,38
518,375,4,20240418,20241231,Active,,257
519,376,1,20230212,20230314,Expired,,30
520,377,1,20230712,20240706,Cancelled,,360
521,378,1,20230305,20230404,xpired,,30
522,379,4,20231218,20240317,Expired,,90
523,380,1,20230210,20230809,Expired,,180
524,381,4,20240620,20240918,xpired,,90
525,382,1,20231017,20240115,Expired,,90
526,383,3,20240904,20241004,Expired,,30
527,383,2,20241011,20241231,ctive,,81
528,384,2,20230309,20230905,Cancelled,Switched to competitor,180
529,385,2,20231018,20231117,ancelled,No longer needed,30
530,386,1,20240909,20241009,Expired,,30
531,386,3,20241010,20241109,Expired,,30
532,387,3,20230525,20230624,xpired,,30
533,388,4,20241109,20241231,Active,,52
534,389,1,20230328,20230427,Expired,,30
535,389,1,20230510,20230609,Expired,,30
536,390,2,20231203,20240302,Cancelled,Not enough content,90
537,391,4,20241202,20241231,Active,,29
538,392,1,20240604,20240704,Expired,,30
539,393,3,20230808,20230907,Expired,,30
540,394,4,20230820,20240814,Cancelled,,360
541,395,2,20230414,20240408,Cancelled,No longer needed,360
542,396,1,20240623,20240723,Cancelled,Too expensive,30
543,397,2,20240924,20241223,Cancelled,,90
544,398,2,20230705,20240101,Cancelled,Technical issues,180
545,399,1,20230619,20230719,Cancelled,,30
546,400,1,20241123,20241231,ctive,,38
547,401,1,20231019,20240117,Cancelled,Switched to competitor,90
548,402,3,20230902,20240827,Expired,,360
549,403,4,20230718,20240712,xpired,,360
550,404,4,20240327,20240426,Expired,,30
551,405,3,20240529,20241231,Active,,216
552,406,2,20230724,20231022,Expired,,90
553,407,3,20241018,20241231,Active,,74
554,408,2,20230416,20230516,Cancelled,Technical issues,30
555,409,4,20231019,20240416,Expired,,180
556,410,4,20240609,20241231,Active,,205
557,411,2,20230816,20240212,Expired,,180
558,412,1,20240229,20240827,ancelled,Technical issues,180
559,413,2,20240131,20240430,Expired,,90
560,413,3,20240519,20240618,Expired,,30
561,414,1,20230412,20230711,Expired,,90
562,414,4,20230722,20230821,Expired,,30
563,415,4,20230521,20230819,Cancelled,Switched to competitor,90
564,416,2,20241213,20241231,Active,,18
565,417,4,20240922,20241231,Active,,100
566,418,2,20230809,20230908,Expired,,30
567,418,1,20230921,20231021,Expired,,30
568,419,3,20240624,20240724,Cancelled,Technical issues,30
569,420,2,20231105,20231205,Expired,,30
570,420,3,20231214,20240113,Expired,,30
571,420,4,20240118,20240217,Cancelled,,30
572,421,1,20240929,20241029,Expired,,30
573,421,2,20241110,20241210,Cancelled,Technical issues,30
574,422,1,20240526,20240625,Expired,,30
575,422,1,20240707,20241231,Active,,177
576,423,1,20240811,20241109,Cancelled,,90
577,424,2,20230102,20231228,Expired,,360
578,425,2,20230711,20230810,Expired,,30
579,426,3,20240105,20240204,Expired,,30
580,427,3,20240603,20241130,Cancelled,,180
581,428,4,20230214,20230316,Expired,,30
582,428,1,20230327,20240321,Expired,,360
583,429,4,20230117,20230716,Expired,,180
584,430,1,20241103,20241231,Active,,58
585,431,3,20231207,20240106,Expired,,30
586,432,2,20241020,20241119,Expired,,30
587,432,3,20241129,20241229,Cancelled,,30
588,433,1,20241213,20241231,Active,,18
589,434,1,20230306,20230405,Expired,,30
590,435,2,20231028,20240425,Cancelled,,180
591,436,3,20230212,20230811,Cancelled,Technical issues,180
592,437,3,20240710,20241008,Cancelled,Too expensive,90
593,438,3,20230715,20230814,Cancelled,,30
594,439,1,20241102,20241231,Active,,59
595,440,2,20240323,20240919,Cancelled,No longer needed,180
596,441,4,20240131,20241231,Active,,335
597,442,4,20240524,20241231,Active,,221
598,443,2,20230326,20230425,Expired,,30
599,443,2,20230513,20230612,Expired,,30
600,444,2,20230704,20240628,Expired,,360
601,445,4,20231202,20240101,Expired,,30
602,446,2,20240312,20240411,Expired,,30
603,446,3,20240416,20241013,Cancelled,Technical issues,180
604,447,1,20230213,20230812,Expired,,180
605,448,4,20240321,20240917,Expired,,180
606,448,4,20240920,20241231,Active,,102
607,449,2,20230228,20230827,Expired,,180
608,450,3,20240609,20240709,xpired,,30
609,450,1,20240713,20240812,ancelled,,30
610,451,1,20230527,20231123,Expired,,180
611,452,3,20230510,20240504,Expired,,360
612,453,4,20240106,20241231,Active,,360
613,454,2,20230607,20230707,Expired,,30
614,455,4,20240330,20240926,Expired,,180
615,456,3,20240212,20240313,Expired,,30
616,457,1,20230427,20230527,Cancelled,Too expensive,30
617,458,2,20240201,20241231,Active,,334
618,459,3,20241221,20241231,Active,,10
619,460,3,20241211,20241231,Active,,20
620,461,1,20230317,20230416,Cancelled,,30
621,462,4,20230331,20230430,Expired,,30
622,463,2,20241114,20241214,Expired,,30
623,464,4,20231025,20231124,Expired,,30
624,464,1,20231129,20241123,xpired,,360
625,465,1,20241218,20241231,Active,,13
626,466,2,20230818,20240812,Expired,,360
627,467,2,20230831,20230930,Cancelled,Technical issues,30
628,468,3,20240113,20241231,Active,,353
629,469,2,20240918,20241217,Cancelled,No longer needed,90
630,470,4,20240505,20241101,xpired,,180
631,471,1,20240811,20240910,Expired,,30
632,471,3,20240915,20241231,Active,,107
633,472,3,20230317,20230615,Cancelled,,90
634,473,2,20230512,20230611,Cancelled,No longer needed,30
635,474,2,20230513,20240507,Expired,,360
636,475,2,20230508,20230607,Expired,,30
637,476,1,20231127,20240225,Expired,,90
638,477,2,20240615,20241231,Active,,199
639,478,2,20241012,20241231,ctive,,80
640,479,2,20240921,20241231,Active,,101
641,480,3,20240829,20241231,Active,,124
642,481,2,20240911,20241231,Active,,111
643,482,3,20230130,20230301,Expired,,30
644,482,3,20230316,20230912,Expired,,180
645,482,3,20230929,20231029,Expired,,30
646,483,3,20240813,20240912,Expired,,30
647,483,1,20240921,20241231,Active,,101
648,484,4,20240302,20241231,Active,,304
649,485,2,20241004,20241231,ctive,,88
650,486,3,20240509,20240608,Expired,,30
651,486,2,20240619,20241216,xpired,,180
652,486,3,20241226,20241231,Active,,5
653,487,1,20231101,20231201,xpired,,30
654,488,4,20240326,20240922,Expired,,180
655,489,2,20240913,20241231,Active,,109
656,490,1,20231220,20240119,Expired,,30
657,490,2,20240127,20240226,Expired,,30
658,490,1,20240228,20240528,Cancelled,,90
659,491,4,20240729,20241231,Active,,155
660,492,4,20231001,20231031,Cancelled,Switched to competitor,30
661,493,3,20231025,20240422,Cancelled,Switched to competitor,180
662,494,4,20230613,20231210,Cancelled,,180
663,495,4,20230714,20240110,Expired,,180
664,496,2,20240525,20241121,Expired,,180
665,496,3,20241207,20241231,Active,,24
666,497,4,20240207,20240507,Expired,,90
667,497,3,20240517,20240616,xpired,,30
668,498,1,20240820,20240919,Expired,,30
669,498,3,20241002,20241101,Cancelled,Too expensive,30
670,499,2,20240903,20241202,xpired,,90
671,499,2,20241209,20241231,Active,,22
672,500,3,20230109,20230409,ancelled,Too expensive,90
673,501,1,20240110,20241231,Active,,356
674,502,4,20240806,20241231,Active,,147
675,503,3,20230317,20230615,Expired,,90
676,504,4,20231014,20241008,Expired,,360
677,505,4,20230410,20230510,Expired,,30
678,506,3,20240725,20241231,Active,,159
679,507,2,20240605,20240903,Expired,,90
680,507,3,20240908,20241207,Expired,,90
681,507,2,20241209,20241231,Active,,22
682,508,2,20230521,20230620,Expired,,30
683,509,2,20240412,20240512,Expired,,30
684,509,1,20240531,20240630,Cancelled,Too expensive,30
685,510,2,20231202,20240530,Cancelled,Switched to competitor,180
686,511,4,20240923,20241222,Expired,,90
687,511,4,20241227,20241231,Active,,4
688,512,2,20240603,20240703,Expired,,30
689,513,3,20231103,20240201,Expired,,90
690,514,4,20241120,20241220,Expired,,30
691,515,2,20241205,20241231,Active,,26
692,516,4,20241102,20241231,Active,,59
693,517,2,20240820,20241231,Active,,133
694,518,4,20240926,20241026,Cancelled,Technical issues,30
695,519,2,20230202,20230304,xpired,,30
696,519,2,20230309,20240303,Expired,,360
697,519,2,20240322,20240918,Expired,,180
698,520,3,20230120,20240115,Expired,,360
699,520,2,20240124,20241231,Active,,342
700,521,3,20241208,20241231,Active,,23
701,522,2,20240427,20240726,xpired,,90
702,523,1,20240615,20241212,Expired,,180
703,523,4,20241226,20241231,ctive,,5
704,524,1,20240504,20241231,Active,,241
705,525,4,20240415,20241231,Active,,260
706,526,2,20241128,20241231,Active,,33
707,527,4,20240510,20240609,Cancelled,Switched to competitor,30
708,528,1,20231102,20240131,Expired,,90
709,528,4,20240219,20241231,Active,,316
710,529,2,20231023,20240420,Expired,,180
711,530,2,20231121,20231221,Cancelled,Not enough content,30
712,531,4,20231008,20231107,Expired,,30
713,532,3,20240124,20241231,Active,,342
714,533,4,20230530,20230828,Expired,,90
715,533,3,20230908,20231008,Cancelled,,30
716,534,2,20230322,20230421,Cancelled,No longer needed,30
717,535,1,20240505,20241231,Active,,240
718,536,4,20240729,20240828,Cancelled,Switched to competitor,30
719,537,1,20240823,20240922,Expired,,30
720,538,3,20240627,20240727,Cancelled,Technical issues,30
721,539,2,20240228,20240329,Expired,,30
722,539,1,20240404,20241231,Active,,271
723,540,1,20230521,20230620,Expired,,30
724,541,1,20230611,20230711,Cancelled,Switched to competitor,30
725,542,2,20240502,20240601,Expired,,30
726,542,4,20240615,20241212,Expired,,180
727,543,1,20231022,20231121,Cancelled,,30
728,544,1,20230402,20230502,Expired,,30
729,545,3,20230208,20240203,Expired,,360
730,546,2,20230207,20230309,Cancelled,Technical issues,30
731,547,2,20231024,20241018,Expired,,360
732,547,4,20241023,20241231,Active,,69
733,548,2,20230420,20230719,Cancelled,Not enough content,90
734,549,4,20240710,20241231,ctive,,174
735,550,3,20240531,20240630,ancelled,No longer needed,30
736,551,2,20231205,20240304,Expired,,90
737,551,4,20240315,20240414,Expired,,30
738,551,1,20240504,20240603,Expired,,30
739,552,2,20230710,20240704,Expired,,360
740,553,2,20240804,20241231,Active,,149
741,554,3,20241016,20241231,ctive,,76
742,555,4,20230330,20230628,Expired,,90
743,556,3,20230524,20230623,Expired,,30
744,556,1,20230627,20230727,Expired,,30
745,557,1,20230925,20231224,Expired,,90
746,558,4,20231204,20240303,Expired,,90
747,558,1,20240322,20240918,Expired,,180
748,559,4,20230925,20240919,Cancelled,Technical issues,360
749,560,1,20241114,20241231,Active,,47
750,561,1,20241203,20241231,Active,,28
751,562,1,20231115,20231215,Cancelled,Too expensive,30
752,563,4,20231030,20241024,Expired,,360
753,564,4,20230517,20230815,xpired,,90
754,565,3,20240912,20241211,Cancelled,Switched to competitor,90
755,566,4,20240427,20240527,Expired,,30
756,566,4,20240604,20241201,Expired,,180
757,566,1,20241202,20241231,Active,,29
758,567,2,20230911,20231011,Expired,,30
759,568,2,20230325,20230424,Expired,,30
760,568,1,20230502,20231029,Expired,,180
761,568,1,20231114,20241108,Cancelled,Not enough content,360
762,569,4,20230321,20230420,Cancelled,Too expensive,30
763,570,3,20240601,20240701,Expired,,30
764,571,4,20231202,20240530,Cancelled,Too expensive,180
765,572,3,20240820,20240919,Expired,,30
766,572,3,20240928,20241231,Active,,94
767,573,4,20230226,20230328,Expired,,30
768,573,1,20230403,20230503,Expired,,30
769,574,3,20240731,20241231,Active,,153
770,575,4,20231112,20231212,Expired,,30
771,575,1,20231229,20240328,Expired,,90
772,575,4,20240403,20240503,Expired,,30
773,576,3,20230104,20230703,Expired,,180
774,577,1,20240309,20240408,Expired,,30
775,578,4,20230303,20230402,Expired,,30
776,578,4,20230410,20231007,Expired,,180
777,578,3,20231016,20241010,Cancelled,Not enough content,360
778,579,4,20231021,20241015,Expired,,360
779,579,1,20241029,20241231,Active,,63
780,580,2,20241018,20241231,Active,,74
781,581,1,20240127,20241231,Active,,339
782,582,3,20240120,20241231,Active,,346
783,583,3,20240706,20240805,Cancelled,Too expensive,30
784,584,4,20230702,20231229,Expired,,180
785,585,2,20230817,20230916,Expired,,30
786,585,4,20231004,20231103,xpired,,30
787,586,3,20240419,20240519,xpired,,30
788,587,2,20240124,20240223,Expired,,30
789,587,4,20240224,20240822,Expired,,180
790,588,3,20231010,20240407,Cancelled,No longer needed,180
791,589,4,20230426,20230526,Cancelled,No longer needed,30
792,590,2,20230117,20230216,Expired,,30
793,590,4,20230217,20240212,Expired,,360
794,591,1,20230204,20230306,Expired,,30
795,592,3,20230219,20230321,Expired,,30
796,592,1,20230407,20230507,Cancelled,,30
797,593,1,20230828,20240224,Expired,,180
798,594,3,20230227,20240222,Expired,,360
799,594,4,20240224,20240524,Cancelled,Switched to competitor,90
800,595,4,20240812,20241110,Expired,,90
801,596,4,20231125,20241119,Cancelled,Too expensive,360
802,597,1,20241107,20241231,Active,,54
803,598,4,20230304,20230602,Expired,,90
804,598,2,20230604,20230704,Cancelled,Not enough content,30
805,599,1,20230629,20230729,Expired,,30
806,600,3,20230218,20230320,Expired,,30
807,601,2,20240621,20241218,xpired,,180
808,602,1,20231104,20240202,Cancelled,,90
809,603,3,20230904,20231004,Expired,,30
810,603,1,20231017,20240115,Expired,,90
811,604,2,20240419,20240519,Expired,,30
812,604,2,20240605,20240903,xpired,,90
813,605,4,20240724,20240823,Cancelled,Too expensive,30
814,606,3,20230728,20240722,Cancelled,Technical issues,360
815,607,4,20240115,20240214,Expired,,30
816,607,3,20240301,20240331,Cancelled,Too expensive,30
817,608,1,20230222,20230821,Cancelled,,180
818,609,4,20230210,20230511,Expired,,90
819,610,2,20241118,20241231,Active,,43
820,611,2,20231207,20241201,Cancelled,,360
821,612,4,20230714,20240110,Cancelled,,180
822,613,4,20240505,20240604,Expired,,30
823,613,1,20240606,20240904,Cancelled,Not enough content,90
824,614,3,20240211,20241231,Active,,324
825,615,4,20240125,20240224,Cancelled,,30
826,616,3,20230925,20231025,Expired,,30
827,616,3,20231026,20240124,Expired,,90
828,617,1,20230411,20230511,Cancelled,No longer needed,30
829,618,2,20230728,20231026,Cancelled,Not enough content,90
830,619,1,20230815,20230914,Expired,,30
831,620,4,20240821,20241231,Active,,132
832,621,1,20230720,20240714,Expired,,360
833,621,1,20240722,20241231,Active,,162
834,622,4,20230909,20240307,Expired,,180
835,622,1,20240311,20240609,Cancelled,No longer needed,90
836,623,2,20231212,20240311,Expired,,90
837,624,4,20241019,20241231,Active,,73
838,625,2,20231227,20241221,ancelled,,360
839,626,4,20230708,20240702,xpired,,360
840,626,3,20240704,20241002,Expired,,90
841,626,1,20241012,20241111,Cancelled,Switched to competitor,30
842,627,1,20240620,20241217,Expired,,180
843,628,1,20241115,20241231,Active,,46
844,629,1,20241007,20241106,Expired,,30
845,630,4,20230812,20230911,Expired,,30
846,631,2,20241015,20241114,Expired,,30
847,632,1,20241106,20241231,Active,,55
848,633,3,20240226,20240327,Expired,,30
849,633,3,20240414,20240514,Cancelled,,30
850,634,4,20240702,20241229,Active,,180
851,635,3,20241121,20241221,Expired,,30
852,635,3,20241230,20241231,Active,,1
853,636,4,20230420,20230719,Expired,,90
854,637,3,20240926,20241225,Expired,,90
855,638,1,20240211,20240809,Expired,,180
856,638,3,20240820,20241231,Active,,133
857,639,2,20240801,20241231,ctive,,152
858,640,1,20241201,20241231,ctive,,30
859,641,3,20230202,20230304,Expired,,30
860,641,4,20230304,20230403,Expired,,30
861,642,3,20240502,20240601,Expired,,30
862,643,4,20230326,20230922,Cancelled,Switched to competitor,180
863,644,1,20231206,20240603,Cancelled,Not enough content,180
864,645,1,20240624,20240922,Expired,,90
865,646,4,20241209,20241231,Active,,22
866,647,1,20230318,20230417,Expired,,30
867,647,4,20230503,20231030,Expired,,180
868,648,2,20240731,20240830,Cancelled,,30
869,649,3,20231119,20240517,Cancelled,,180
870,650,4,20241230,20241231,Active,,1
871,651,1,20240731,20240830,Expired,,30
872,651,4,20240906,20241205,Expired,,90
873,651,4,20241216,20241231,Active,,15
874,652,2,20241124,20241231,Active,,37
875,653,3,20230524,20230623,Cancelled,Technical issues,30
876,654,3,20231221,20240320,Cancelled,,90
877,655,3,20230319,20230617,Expired,,90
878,655,2,20230627,20230727,Expired,,30
879,655,1,20230729,20230828,Expired,,30
880,656,3,20240901,20241231,Active,,121
881,657,1,20241011,20241231,Active,,81
882,658,2,20230822,20230921,Expired,,30
883,658,2,20231011,20240408,Cancelled,Technical issues,180
884,659,4,20230710,20230809,Expired,,30
885,660,1,20240925,20241231,Active,,97
886,661,4,20230326,20230425,Expired,,30
887,662,2,20241011,20241110,ancelled,Technical issues,30
888,663,2,20230420,20230719,Expired,,90
889,664,3,20240104,20240203,Cancelled,Not enough content,30
890,665,4,20240317,20240913,Expired,,180
891,665,1,20240929,20241231,Active,,93
892,666,3,20230416,20230715,Cancelled,,90
893,667,2,20240903,20241231,Active,,119
894,668,4,20230113,20240108,Expired,,360
895,669,1,20240726,20240825,Expired,,30
896,670,2,20240125,20241231,Active,,341
897,671,3,20240519,20241231,Active,,226
898,672,4,20240307,20241231,Active,,299
899,673,1,20230915,20231214,xpired,,90
900,674,2,20240923,20241231,Active,,99
901,675,3,20230107,20230706,Cancelled,Not enough content,180
902,676,4,20231204,20240303,Cancelled,Switched to competitor,90
903,677,2,20241028,20241231,Active,,64
904,678,2,20241212,20241231,Active,,19
905,679,4,20240212,20240313,xpired,,30
906,679,2,20240318,20240417,Expired,,30
907,680,2,20240517,20240616,Cancelled,Too expensive,30
908,681,2,20231015,20231114,Cancelled,Too expensive,30
909,682,4,20230724,20240120,Expired,,180
910,682,1,20240123,20240222,Expired,,30
911,682,4,20240313,20240909,Cancelled,Not enough content,180
912,683,3,20240717,20241231,Active,,167
913,684,3,20241226,20241231,Active,,5
914,685,1,20241210,20241231,Active,,21
915,686,2,20240223,20240324,Cancelled,,30
916,687,3,20230905,20231005,Expired,,30
917,687,1,20231011,20240408,Expired,,180
918,688,1,20240122,20240421,Expired,,90
919,689,4,20240819,20241231,Active,,134
920,690,1,20241209,20241231,Active,,22
921,691,4,20240104,20240403,Cancelled,Too expensive,90
922,692,3,20241015,20241231,Active,,77
923,693,3,20241111,20241211,Expired,,30
924,694,4,20240730,20241231,Active,,154
925,695,3,20231206,20241130,Expired,,360
926,695,1,20241216,20241231,Active,,15
927,696,4,20230816,20240810,ancelled,Switched to competitor,360
928,697,4,20241205,20241231,ctive,,26
929,698,1,20240419,20241231,Active,,256
930,699,1,20231220,20240617,Expired,,180
931,700,4,20230329,20240323,Expired,,360
932,700,3,20240323,20241231,ctive,,283
933,701,4,20231223,20240620,Cancelled,Technical issues,180
934,702,2,20240617,20241214,Expired,,180
935,703,4,20241214,20241231,Active,,17
936,704,4,20241228,20241231,Active,,3
937,705,3,20230422,20230522,Expired,,30
938,706,3,20230907,20240901,Cancelled,Not enough content,360
939,707,3,20240727,20240826,Expired,,30
940,708,4,20240219,20241231,Active,,316
941,709,1,20240318,20241231,Active,,288
942,710,2,20230722,20231020,Expired,,90
943,710,4,20231107,20231207,Expired,,30
944,711,4,20241222,20241231,Active,,9
945,712,3,20230306,20230604,Cancelled,Switched to competitor,90
946,713,3,20230711,20231009,ancelled,Too expensive,90
947,714,2,20230926,20231026,Expired,,30
948,715,4,20241016,20241115,Expired,,30
949,716,1,20240824,20241231,Active,,129
950,717,4,20240924,20241223,Expired,,90
951,718,2,20231101,20231201,Expired,,30
952,718,4,20231209,20240108,Expired,,30
953,719,3,20231117,20240215,Cancelled,Not enough content,90
954,720,2,20240118,20240217,Expired,,30
955,721,1,20240902,20241002,Expired,,30
956,721,4,20241004,20241231,Active,,88
957,722,1,20240513,20241109,Cancelled,,180
958,723,1,20230627,20230727,Cancelled,,30
959,724,2,20230711,20240107,Expired,,180
960,725,3,20240103,20240202,Expired,,30
961,726,3,20240129,20240228,Expired,,30
962,727,1,20241202,20241231,Active,,29
963,728,1,20240515,20241111,Expired,,180
964,728,3,20241124,20241224,Cancelled,,30
965,729,1,20230814,20240808,xpired,,360
966,730,3,20231023,20231122,Expired,,30
967,731,4,20240522,20241118,Expired,,180
968,731,2,20241206,20241231,Active,,25
969,732,4,20231002,20231101,Expired,,30
970,733,2,20230212,20230811,Cancelled,No longer needed,180
971,734,2,20240311,20240410,Cancelled,,30
972,735,4,20230911,20231011,Expired,,30
973,736,2,20230927,20231226,Expired,,90
974,736,2,20240111,20240410,Expired,,90
975,737,1,20230501,20231028,Expired,,180
976,737,4,20231114,20231214,Expired,,30
977,738,2,20241206,20241231,Active,,25
978,739,2,20240314,20241231,Active,,292
979,740,4,20230731,20231029,Expired,,90
980,741,3,20240903,20241202,Cancelled,,90
981,742,4,20231027,20240125,Expired,,90
982,742,3,20240204,20240305,xpired,,30
983,742,2,20240317,20240416,Expired,,30
984,743,1,20240610,20241231,Active,,204
985,744,1,20240226,20240327,Expired,,30
986,745,1,20230510,20230609,Expired,,30
987,745,1,20230611,20231208,Expired,,180
988,746,1,20241229,20241231,ctive,,2
989,747,4,20241123,20241231,Active,,38
990,748,2,20231003,20231102,Expired,,30
991,749,3,20241010,20241231,Active,,82
992,750,1,20241212,20241231,Active,,19
993,751,4,20240818,20241116,Expired,,90
994,752,1,20230406,20230506,Expired,,30
995,752,1,20230519,20230618,xpired,,30
996,752,2,20230628,20230728,xpired,,30
997,753,3,20241215,20241231,Active,,16
998,754,3,20240212,20240313,Expired,,30
999,754,4,20240314,20240413,Expired,,30
1000,754,2,20240419,20241016,Expired,,180
1001,755,3,20240521,20240620,Expired,,30
1002,756,1,20240714,20240813,Expired,,30
1003,756,2,20240822,20241120,Expired,,90
1004,757,1,20231218,20240117,Cancelled,Switched to competitor,30
1005,758,4,20241003,20241102,Expired,,30
1006,758,1,20241111,20241211,Expired,,30
1007,759,1,20230611,20230711,xpired,,30
1008,760,2,20240314,20241231,Active,,292
1009,761,3,20241027,20241231,ctive,,65
1010,762,3,20231008,20240405,Cancelled,Too expensive,180
1011,763,1,20240116,20240215,Cancelled,,30
1012,764,1,20240210,20240311,Expired,,30
1013,764,4,20240325,20240623,Expired,,90
1014,764,4,20240630,20241231,Active,,184
1015,765,2,20230828,20240822,xpired,,360
1016,766,2,20230102,20230201,Cancelled,,30
1017,767,3,20230820,20231118,Cancelled,Switched to competitor,90
1018,768,1,20241213,20241231,Active,,18
1019,769,3,20240308,20240606,Cancelled,,90
1020,770,4,20240128,20241231,Active,,338
1021,771,2,20231117,20241111,Expired,,360
1022,772,3,20230517,20230815,Expired,,90
1023,773,1,20240627,20241224,Expired,,180
1024,774,1,20240326,20241231,Active,,280
1025,775,2,20230605,20230705,Cancelled,Not enough content,30
1026,776,4,20230811,20230910,Expired,,30
1027,777,3,20230507,20230805,Expired,,90
1028,778,3,20240315,20241231,Active,,291
1029,779,4,20241022,20241231,Active,,70
1030,780,2,20240914,20241231,Active,,108
1031,781,2,20241105,20241231,Active,,56
1032,782,4,20230713,20230812,Expired,,30
1033,783,4,20230903,20231202,xpired,,90
1034,783,1,20231207,20240306,Expired,,90
1035,784,2,20241015,20241114,Expired,,30
1036,784,1,20241117,20241231,Active,,44
1037,785,1,20230113,20230212,Cancelled,Switched to competitor,30
1038,786,2,20240805,20240904,Cancelled,Not enough content,30
1039,787,1,20240427,20240726,Expired,,90
1040,788,4,20230926,20231026,xpired,,30
1041,789,1,20240212,20241231,Active,,323
1042,790,4,20240301,20240828,ancelled,Not enough content,180
1043,791,1,20240703,20240802,Expired,,30
1044,792,4,20231114,20241108,Expired,,360
1045,793,1,20230609,20240603,Expired,,360
1046,794,4,20241027,20241126,Expired,,30
1047,794,3,20241204,20241231,Active,,27
1048,795,2,20240323,20240422,Expired,,30
1049,796,1,20230908,20231008,Expired,,30
1050,796,3,20231027,20241021,Cancelled,Technical issues,360
1051,797,1,20240918,20241217,Cancelled,No longer needed,90
1052,798,2,20241104,20241204,Expired,,30
1053,799,1,20230521,20231117,Expired,,180
1054,800,2,20231222,20240121,Expired,,30
1055,800,1,20240210,20240311,Cancelled,Technical issues,30
1056,801,2,20230923,20231023,Expired,,30
1057,802,4,20231003,20240101,Expired,,90
1058,803,2,20230131,20230501,Expired,,90
1059,803,2,20230502,20240426,Cancelled,,360
1060,804,3,20230307,20230903,ancelled,Too expensive,180
1061,805,2,20230320,20230916,Expired,,180
1062,805,4,20230927,20240921,Cancelled,Technical issues,360
1063,806,1,20240526,20240625,Expired,,30
1064,807,4,20230416,20230715,xpired,,90
1065,807,1,20230803,20230902,Expired,,30
1066,808,1,20240605,20240705,Cancelled,No longer needed,30
1067,809,4,20230908,20231008,Expired,,30
1068,809,2,20231010,20231109,Expired,,30
1069,810,3,20230603,20231130,Expired,,180
1070,810,4,20231211,20240608,Expired,,180
1071,810,4,20240609,20240709,Expired,,30
1072,811,4,20240720,20241018,Cancelled,No longer needed,90
1073,812,3,20231126,20231226,Expired,,30
1074,812,4,20240108,20240207,Expired,,30
1075,813,2,20231005,20240929,Expired,,360
1076,813,3,20240929,20241231,Active,,93
1077,814,2,20241120,20241231,Active,,41
1078,815,1,20230217,20230518,Expired,,90
1079,816,2,20231017,20240115,Expired,,90
1080,817,3,20230109,20230208,Expired,,30
1081,817,1,20230224,20240219,Expired,,360
1082,817,1,20240309,20241231,Active,,297
1083,818,3,20231108,20231208,Expired,,30
1084,818,4,20231226,20240325,Cancelled,,90
1085,819,3,20240828,20241231,Active,,125
1086,820,1,20240713,20241011,Expired,,90
1087,821,2,20230125,20230224,Expired,,30
1088,822,3,20241211,20241231,Active,,20
1089,823,3,20241104,20241231,ctive,,57
1090,824,3,20230417,20231014,Cancelled,,180
1091,825,3,20240518,20240617,Cancelled,Technical issues,30
1092,826,4,20231014,20240112,Cancelled,,90
1093,827,4,20240616,20240716,Expired,,30
1094,827,1,20240720,20240819,Cancelled,,30
1095,828,3,20230328,20240322,Expired,,360
1096,828,1,20240331,20240629,Expired,,90
1097,828,2,20240711,20241009,xpired,,90
1098,829,4,20240208,20240508,Expired,,90
1099,829,1,20240513,20240612,Cancelled,No longer needed,30
1100,830,1,20241109,20241231,Active,,52
1101,831,3,20231119,20231219,Expired,,30
1102,832,2,20231122,20231222,Expired,,30
1103,833,1,20230727,20231025,Expired,,90
1104,834,1,20230609,20231206,Expired,,180
1105,834,4,20231213,20240112,Cancelled,Too expensive,30
1106,835,1,20240221,20240819,Expired,,180
1107,835,2,20240830,20240929,Expired,,30
1108,835,3,20241001,20241231,Active,,91
1109,836,3,20230801,20231030,Expired,,90
1110,836,3,20231110,20231210,Expired,,30
1111,837,3,20230503,20230801,Expired,,90
1112,837,4,20230821,20230920,Cancelled,Technical issues,30
1113,838,1,20241222,20241231,ctive,,9
1114,839,2,20231202,20240530,Expired,,180
1115,840,4,20231231,20240330,Expired,,90
1116,841,1,20230924,20231223,Expired,,90
1117,842,3,20240408,20240508,Expired,,30
1118,843,1,20240418,20240717,xpired,,90
1119,843,1,20240802,20240901,Cancelled,Switched to competitor,30
1120,844,2,20230113,20230212,Cancelled,,30
1121,845,1,20230514,20231110,Cancelled,No longer needed,180
1122,846,1,20241007,20241106,Expired,,30
1123,847,1,20230318,20230914,Expired,,180
1124,848,1,20241023,20241122,ancelled,,30
1125,849,4,20231206,20240105,Expired,,30
1126,850,2,20230622,20240616,Expired,,360
1127,851,3,20240523,20240622,Expired,,30
1128,851,3,20240711,20240810,Expired,,30
1129,852,4,20231229,20240128,Expired,,30
1130,853,2,20240401,20240501,Cancelled,,30
1131,854,3,20230909,20231009,Expired,,30
1132,854,4,20231022,20231121,Expired,,30
1133,855,4,20240717,20240816,Expired,,30
1134,855,4,20240902,20241002,xpired,,30
1135,856,1,20230521,20240515,Expired,,360
1136,856,4,20240521,20240620,Cancelled,,30
1137,857,1,20240622,20240920,Expired,,90
1138,858,2,20230120,20240115,Expired,,360
1139,859,1,20240711,20241231,Active,,173
1140,860,3,20231126,20241120,Expired,,360
1141,861,2,20240903,20241202,Expired,,90
1142,861,2,20241210,20241231,Active,,21
1143,862,2,20231015,20231114,Expired,,30
1144,863,1,20240102,20240201,Expired,,30
1145,864,3,20230413,20240407,Expired,,360
1146,865,2,20230227,20230329,Cancelled,,30
1147,866,2,20240202,20241231,ctive,,333
1148,867,1,20230627,20231224,Expired,,180
1149,867,4,20240113,20240212,Cancelled,Not enough content,30
1150,868,4,20241215,20241231,Active,,16
1151,869,1,20241218,20241231,Active,,13
1152,870,3,20240730,20240829,xpired,,30
1153,871,1,20240519,20240618,Expired,,30
1154,872,3,20230403,20230930,Cancelled,,180
1155,873,1,20240623,20240921,Expired,,90
1156,874,3,20230726,20231024,Expired,,90
1157,874,2,20231026,20231125,xpired,,30
1158,874,3,20231208,20240107,ancelled,,30
1159,875,1,20231128,20241122,Expired,,360
1160,876,2,20230526,20240520,xpired,,360
1161,876,4,20240606,20240904,Expired,,90
1162,877,2,20230316,20230415,Cancelled,,30
1163,878,1,20240823,20241231,Active,,130
1164,879,1,20230611,20230711,Cancelled,Technical issues,30
1165,880,4,20240513,20241109,Expired,,180
1166,881,1,20240729,20241231,Active,,155
1167,882,2,20240101,20240131,Cancelled,,30
1168,883,1,20240123,20241231,Active,,343
1169,884,2,20230701,20231228,Expired,,180
1170,884,4,20231228,20240327,Expired,,90
1171,885,4,20240809,20241231,Active,,144
1172,886,2,20240804,20241231,Active,,149
1173,887,2,20240918,20241018,Expired,,30
1174,888,3,20240523,20240821,Expired,,90
1175,888,3,20240906,20241006,Cancelled,Switched to competitor,30
1176,889,1,20231222,20240321,Expired,,90
1177,889,4,20240401,20240928,Cancelled,No longer needed,180
1178,890,3,20230401,20230928,Expired,,180
1179,890,1,20230929,20231029,Expired,,30
1180,890,4,20231115,20240513,Cancelled,,180
1181,891,4,20231210,20241204,xpired,,360
1182,892,4,20241210,20241231,ctive,,21
1183,893,3,20230102,20230402,Cancelled,,90
1184,894,2,20230620,20231217,Cancelled,,180
1185,895,4,20240713,20241231,Active,,171
1186,896,4,20240814,20240913,Expired,,30
1187,896,3,20241003,20241102,Expired,,30
1188,896,2,20241114,20241231,Active,,47
1189,897,4,20240407,20240507,Cancelled,,30
1190,898,2,20230121,20230720,Expired,,180
1191,899,2,20231217,20240116,Expired,,30
1192,900,3,20230318,20240312,Cancelled,No longer needed,360
1193,901,2,20231213,20240312,Expired,,90
1194,902,2,20241222,20241231,Active,,9
1195,903,1,20240913,20241231,Active,,109
1196,904,2,20230730,20240724,Cancelled,No longer needed,360
1197,905,3,20240707,20240806,Expired,,30
1198,906,3,20230409,20230509,Expired,,30
1199,906,2,20230526,20230625,Cancelled,,30
1200,907,4,20240517,20240616,Expired,,30
1201,908,3,20230331,20230430,Cancelled,Not enough content,30
1202,909,4,20240506,20240605,Expired,,30
1203,909,1,20240610,20241207,Expired,,180
1204,910,3,20241015,20241114,Expired,,30
1205,910,3,20241127,20241231,Active,,34
1206,911,1,20230429,20230529,Cancelled,No longer needed,30
1207,912,3,20241107,20241231,Active,,54
1208,913,2,20230709,20240703,Expired,,360
1209,913,2,20240703,20241001,Cancelled,Not enough content,90
1210,914,3,20240401,20240928,Expired,,180
1211,914,4,20241014,20241113,Cancelled,,30
1212,915,1,20230820,20240814,Expired,,360
1213,916,2,20241214,20241231,ctive,,17
1214,917,2,20240708,20241006,xpired,,90
1215,918,1,20240720,20240819,Cancelled,,30
1216,919,3,20240304,20240403,Cancelled,,30
1217,920,1,20240809,20240908,Cancelled,,30
1218,921,4,20230205,20230307,Expired,,30
1219,922,4,20240808,20241231,Active,,145
1220,923,1,20240404,20240504,Expired,,30
1221,924,3,20230805,20230904,Expired,,30
1222,924,4,20230912,20240906,Expired,,360
1223,925,1,20241130,20241231,Active,,31
1224,926,1,20230601,20231128,ancelled,Too expensive,180
1225,927,1,20230310,20230409,Expired,,30
1226,927,1,20230420,20230520,Cancelled,No longer needed,30
1227,928,2,20231130,20240528,Expired,,180
1228,928,2,20240602,20240702,Cancelled,Switched to competitor,30
1229,929,1,20230113,20230212,Cancelled,,30
1230,930,2,20240305,20240404,Expired,,30
1231,931,2,20240825,20241123,Expired,,90
1232,932,4,20230419,20231016,xpired,,180
1233,932,4,20231016,20240413,Expired,,180
1234,932,3,20240428,20240727,Cancelled,Too expensive,90
1235,933,3,20240702,20240801,Cancelled,Switched to competitor,30
1236,934,3,20241101,20241231,Active,,60
1237,935,2,20230626,20230726,Expired,,30
1238,935,4,20230804,20230903,Expired,,30
1239,936,1,20241128,20241231,Active,,33
1240,937,3,20231206,20240105,Expired,,30
1241,938,3,20231003,20240927,Expired,,360
1242,938,4,20240930,20241231,Active,,92
1243,939,2,20231107,20240205,Cancelled,,90
1244,940,4,20241213,20241231,Active,,18
1245,941,2,20230518,20230816,Expired,,90
1246,941,2,20230818,20230917,Cancelled,Too expensive,30
1247,942,3,20231125,20240523,Cancelled,No longer needed,180
1248,943,2,20230402,20230502,Expired,,30
1249,944,1,20240221,20240322,Expired,,30
1250,944,1,20240324,20240423,Cancelled,,30
1251,945,2,20240118,20240417,Expired,,90
1252,945,4,20240504,20241231,Active,,241
1253,946,4,20231115,20231215,Expired,,30
1254,947,2,20240620,20241231,Active,,194
1255,948,3,20230725,20231023,Cancelled,,90
1256,949,4,20240105,20240204,Expired,,30
1257,949,4,20240208,20240806,Expired,,180
1258,950,4,20240420,20240520,Expired,,30
1259,950,3,20240531,20240630,Cancelled,,30
1260,951,3,20241128,20241231,ctive,,33
1261,952,2,20240401,20240501,Expired,,30
1262,952,2,20240507,20240805,Cancelled,,90
1263,953,3,20240718,20241231,Active,,166
1264,954,3,20230922,20231022,Expired,,30
1265,954,2,20231022,20231121,Expired,,30
1266,955,3,20230129,20230228,Expired,,30
1267,956,4,20230808,20240204,ancelled,Switched to competitor,180
1268,957,2,20231003,20231102,Expired,,30
1269,958,4,20241129,20241229,Cancelled,,30
1270,959,3,20230627,20230727,Expired,,30
1271,959,2,20230807,20230906,Expired,,30
1272,960,1,20240914,20241014,Expired,,30
1273,961,3,20231009,20241003,Expired,,360
1274,962,3,20240415,20240515,Cancelled,,30
1275,963,3,20240617,20240915,Expired,,90
1276,964,2,20240607,20241204,Expired,,180
1277,964,4,20241208,20241231,Active,,23
1278,965,1,20240728,20241231,ctive,,156
1279,966,3,20241201,20241231,Active,,30
1280,967,3,20231011,20231110,Cancelled,Not enough content,30
1281,968,1,20241102,20241202,Cancelled,Technical issues,30
1282,969,1,20230712,20230811,Expired,,30
1283,969,1,20230815,20230914,Expired,,30
1284,969,3,20230925,20240919,Expired,,360
1285,970,2,20230228,20230827,Expired,,180
1286,970,4,20230913,20240311,Expired,,180
1287,970,1,20240311,20241231,ctive,,295
1288,971,1,20230524,20231120,xpired,,180
1289,971,2,20231129,20231229,Cancelled,,30
1290,972,4,20231030,20240427,Expired,,180
1291,972,2,20240512,20240810,Expired,,90
1292,972,4,20240822,20241120,xpired,,90
1293,973,1,20230206,20240201,Expired,,360
1294,973,2,20240205,20240505,Expired,,90
1295,974,4,20230714,20230813,Expired,,30
1296,974,2,20230819,20230918,Cancelled,Not enough content,30
1297,975,3,20240701,20241231,Active,,183
1298,976,4,20241118,20241231,Active,,43
1299,977,1,20241104,20241231,Active,,57
1300,978,3,20230512,20240506,Expired,,360
1301,979,2,20230707,20230806,Expired,,30
1302,980,4,20230816,20240212,Expired,,180
1303,981,1,20240306,20240405,Cancelled,Technical issues,30
1304,982,3,20240419,20240519,Expired,,30
1305,983,1,20240820,20241118,xpired,,90
1306,984,3,20230719,20230818,Expired,,30
1307,985,1,20240626,20240924,Expired,,90
1308,985,4,20240929,20241231,Active,,93
1309,986,1,20230604,20230704,Expired,,30
1310,986,4,20230721,20230820,Expired,,30
1311,987,2,20240806,20240905,Expired,,30
1312,987,4,20240911,20241011,Cancelled,,30
1313,988,3,20230704,20230803,Expired,,30
1314,989,2,20230701,20231228,Expired,,180
1315,990,3,20231008,20231107,Cancelled,Not enough content,30
1316,991,2,20230612,20230712,Expired,,30
1317,991,2,20230731,20230830,Expired,,30
1318,992,3,20230513,20230612,Expired,,30
1319,993,4,20240315,20240613,Expired,,90
1320,994,4,20230724,20240120,Expired,,180
1321,994,1,20240123,20240721,Expired,,180
1322,995,2,20231126,20231226,Expired,,30
1323,996,1,20241003,20241231,Active,,89
1324,997,4,20231219,20241213,Expired,,360
1325,998,1,20240825,20241123,Expired,,90
1326,999,2,20231102,20241027,xpired,,360
1327,1000,2,20240620,20240720,Expired,,30
1328,1001,4,20230518,20231114,xpired,,180
1329,1001,4,20231126,20231226,xpired,,30
1330,1002,2,20230712,20231010,Expired,,90
1331,1002,2,20231019,20240117,Cancelled,No longer needed,90
1332,1003,1,20240218,20240816,Expired,,180
1333,1004,1,20230515,20231111,Expired,,180
1334,1004,2,20231126,20241120,Expired,,360
1335,1005,1,20230623,20231220,xpired,,180
1336,1006,1,20230208,20240203,Expired,,360
1337,1007,3,20240701,20241231,Active,,183
1338,1008,3,20241108,20241231,Active,,53
1339,1009,3,20241207,20241231,Active,,24
1340,1010,3,20240714,20240813,Cancelled,Not enough content,30
1341,1011,1,20241212,20241231,Active,,19
1342,1012,2,20241108,20241231,Active,,53
1343,1013,2,20240912,20241012,Expired,,30
1344,1014,4,20230418,20230518,Expired,,30
1345,1014,4,20230519,20231115,Expired,,180
1346,1014,1,20231204,20240103,Expired,,30
1347,1015,3,20230427,20230726,Expired,,90
1348,1016,2,20230927,20231027,Cancelled,No longer needed,30
1349,1017,2,20240224,20241231,Active,,311
1350,1018,3,20230801,20230831,Expired,,30
1351,1019,1,20230103,20230202,Expired,,30
1352,1020,1,20240810,20240909,Cancelled,Too expensive,30
1353,1021,4,20240607,20240707,Expired,,30
1354,1022,3,20230920,20231020,ancelled,,30
1355,1023,3,20231031,20241025,Cancelled,,360
1356,1024,4,20230628,20231225,Expired,,180
1357,1024,4,20240110,20240209,Expired,,30
1358,1024,4,20240225,20240326,Expired,,30
1359,1025,1,20241124,20241224,Expired,,30
1360,1025,4,20241230,20241231,Active,,1
1361,1026,3,20230216,20230517,Cancelled,No longer needed,90
1362,1027,1,20230624,20231221,Expired,,180
1363,1027,4,20231231,20241225,Expired,,360
1364,1028,2,20240928,20241227,Active,,90
1365,1029,2,20231217,20240116,Cancelled,,30
1366,1030,4,20240412,20240512,Cancelled,,30
1367,1031,2,20240504,20240603,xpired,,30
1368,1032,3,20230426,20231023,Expired,,180
1369,1032,4,20231031,20240129,xpired,,90
1370,1033,3,20230613,20230911,Cancelled,Technical issues,90
1371,1034,2,20240805,20240904,Expired,,30
1372,1034,2,20240911,20241210,Expired,,90
1373,1034,2,20241212,20241231,ctive,,19
1374,1035,2,20240103,20241228,ancelled,Technical issues,360
1375,1036,1,20230514,20230613,Expired,,30
1376,1037,2,20240226,20240824,Expired,,180
1377,1038,2,20231118,20241112,Cancelled,,360
1378,1039,3,20240813,20240912,Expired,,30
1379,1039,2,20240921,20241220,Cancelled,,90
1380,1040,3,20241116,20241231,ctive,,45
1381,1041,4,20240925,20241025,Cancelled,Too expensive,30
1382,1042,1,20240508,20240806,xpired,,90
1383,1042,3,20240808,20241231,Active,,145
1384,1043,4,20230602,20230702,Expired,,30
1385,1043,2,20230722,20231020,Expired,,90
1386,1044,3,20230112,20230211,Expired,,30
1387,1045,3,20240425,20241231,ctive,,250
1388,1046,4,20240518,20240617,Cancelled,Technical issues,30
1389,1047,4,20230221,20240216,Expired,,360
1390,1048,2,20240217,20240815,Cancelled,Not enough content,180
1391,1049,2,20240809,20241231,Active,,144
1392,1050,4,20231120,20241114,Expired,,360
1393,1051,1,20230119,20230419,Expired,,90
1394,1051,4,20230504,20230603,Cancelled,,30
1395,1052,3,20240716,20240815,Expired,,30
1396,1052,4,20240824,20241122,Expired,,90
1397,1053,2,20240925,20241231,Active,,97
1398,1054,1,20230731,20240725,Expired,,360
1399,1055,4,20240108,20240207,Cancelled,,30
1400,1056,4,20231206,20240603,Expired,,180
1401,1057,1,20241103,20241231,Active,,58
1402,1058,3,20241105,20241231,Active,,56
1403,1059,1,20241010,20241231,Active,,82
1404,1060,1,20230419,20230519,Cancelled,,30
1405,1061,1,20240224,20241231,Active,,311
1406,1062,2,20230504,20230603,Expired,,30
1407,1063,3,20230715,20231013,Expired,,90
1408,1063,4,20231022,20240120,Expired,,90
1409,1064,3,20230217,20240212,Expired,,360
1410,1064,4,20240302,20241231,ctive,,304
1411,1065,3,20240406,20241003,Cancelled,,180
1412,1066,1,20230518,20230617,Cancelled,Switched to competitor,30
1413,1067,4,20240720,20241231,Active,,164
1414,1068,1,20240604,20240704,Cancelled,Technical issues,30
1415,1069,1,20230512,20231108,Cancelled,,180
1416,1070,3,20231126,20240224,Expired,,90
1417,1071,2,20240915,20241231,Active,,107
1418,1072,4,20231218,20241212,Cancelled,Switched to competitor,360
1419,1073,1,20240227,20240328,Expired,,30
1420,1073,4,20240407,20241231,Active,,268
1421,1074,4,20231103,20241028,Cancelled,,360
1422,1075,2,20240720,20240819,Expired,,30
1423,1076,3,20231025,20231124,Expired,,30
1424,1077,2,20241228,20241231,ctive,,3
1425,1078,3,20240709,20241231,Active,,175
1426,1079,1,20231227,20240326,Cancelled,,90
1427,1080,1,20241114,20241231,Active,,47
1428,1081,2,20240630,20241231,Active,,184
1429,1082,3,20230114,20230213,Expired,,30
1430,1082,3,20230223,20230325,Cancelled,,30
1431,1083,3,20230224,20240219,Expired,,360
1432,1083,1,20240306,20240405,Expired,,30
1433,1083,2,20240406,20240705,Cancelled,,90
1434,1084,3,20230614,20240608,xpired,,360
1435,1085,2,20230305,20230901,Cancelled,,180
1436,1086,4,20240708,20241231,ctive,,176
1437,1087,1,20240922,20241022,Expired,,30
1438,1087,3,20241108,20241231,Active,,53
1439,1088,4,20241024,20241123,Cancelled,,30
1440,1089,2,20241213,20241231,Active,,18
1441,1090,1,20240126,20240225,ancelled,Technical issues,30
1442,1091,1,20241202,20241231,Active,,29
1443,1092,4,20230915,20231015,Expired,,30
1444,1093,4,20240329,20240925,Expired,,180
1445,1093,2,20241005,20241231,Active,,87
1446,1094,4,20241025,20241231,Active,,67
1447,1095,1,20240909,20241009,Expired,,30
1448,1096,3,20231029,20231128,Cancelled,No longer needed,30
1449,1097,1,20230711,20231009,Expired,,90
1450,1098,1,20230211,20230313,Expired,,30
1451,1099,2,20230614,20231211,Expired,,180
1452,1099,2,20231224,20241218,Expired,,360
1453,1100,3,20240422,20241019,Cancelled,Technical issues,180
1454,1101,1,20231127,20241121,Expired,,360
1455,1102,4,20240922,20241231,Active,,100
1456,1103,1,20240717,20241231,Active,,167
1457,1104,3,20240622,20241231,Active,,192
1458,1105,3,20240601,20240701,Expired,,30
1459,1106,4,20230405,20230505,Expired,,30
1460,1107,2,20231206,20240105,Expired,,30
1461,1108,1,20240925,20241025,Expired,,30
1462,1108,1,20241102,20241202,xpired,,30
1463,1108,1,20241208,20250107,Active,,30
1464,1109,3,20241026,20241231,Active,,66
1465,1110,3,20230904,20240302,Expired,,180
1466,1111,2,20230210,20230312,Expired,,30
1467,1112,3,20230427,20230527,Expired,,30
1468,1112,4,20230616,20230716,ancelled,Switched to competitor,30
1469,1113,3,20230126,20230225,Expired,,30
1470,1114,2,20240604,20240704,Expired,,30
1471,1115,3,20241029,20241231,Active,,63
1472,1116,1,20230409,20230509,Expired,,30
1473,1116,3,20230524,20230623,Expired,,30
1474,1117,2,20240630,20241231,Active,,184
1475,1118,4,20241006,20241231,ctive,,86
1476,1119,2,20230417,20230517,Expired,,30
1477,1120,1,20240321,20241231,Active,,285
1478,1121,4,20241203,20241231,Active,,28
1479,1122,4,20230208,20230310,Cancelled,,30
1480,1123,3,20230915,20231015,Cancelled,Too expensive,30
1481,1124,2,20230922,20231022,Expired,,30
1482,1124,1,20231025,20231124,Cancelled,,30
1483,1125,4,20240319,20240418,Cancelled,Too expensive,30
1484,1126,4,20240701,20240731,Cancelled,Switched to competitor,30
1485,1127,3,20240822,20240921,xpired,,30
1486,1127,2,20241004,20241103,Expired,,30
1487,1128,1,20240529,20240628,xpired,,30
1488,1128,3,20240713,20240812,Cancelled,,30
1489,1129,1,20240913,20241013,Expired,,30
1490,1130,1,20240126,20240225,Expired,,30
1491,1131,2,20230610,20230710,Cancelled,Technical issues,30
1492,1132,1,20240712,20241231,Active,,172
1493,1133,4,20241124,20241224,Cancelled,Too expensive,30
1494,1134,3,20230112,20230412,Expired,,90
1495,1135,1,20230212,20240207,Expired,,360
1496,1135,4,20240209,20240310,Expired,,30
1497,1135,2,20240319,20240915,Cancelled,Switched to competitor,180
1498,1136,3,20240714,20240813,Expired,,30
1499,1136,1,20240817,20241231,ctive,,136
1500,1137,3,20231219,20240118,Expired,,30
1501,1137,3,20240118,20240417,Expired,,90
1502,1138,2,20240608,20241205,Expired,,180
1503,1139,4,20230916,20231215,Cancelled,Technical issues,90
1504,1140,4,20240803,20240902,Expired,,30
1505,1140,3,20240921,20241231,Active,,101
1506,1141,3,20240716,20241014,xpired,,90
1507,1142,3,20241118,20241218,Cancelled,Switched to competitor,30
1508,1143,1,20240817,20241115,Expired,,90
1509,1144,2,20241118,20241231,Active,,43
1510,1145,3,20230313,20240307,Expired,,360
1511,1145,3,20240320,20240916,Expired,,180
1512,1146,4,20240923,20241023,Cancelled,,30
1513,1147,3,20240802,20241031,Expired,,90
1514,1147,2,20241031,20241231,Active,,61
1515,1148,1,20240314,20241231,Active,,292
1516,1149,2,20230815,20230914,Expired,,30
1517,1150,2,20240104,20240702,Expired,,180
1518,1150,2,20240722,20240821,Expired,,30
1519,1151,3,20240506,20241231,Active,,239
1520,1152,1,20240513,20241231,Active,,232
1521,1153,4,20230325,20230623,Cancelled,Switched to competitor,90
1522,1154,2,20240705,20240804,Expired,,30
1523,1154,4,20240810,20240909,xpired,,30
1524,1155,1,20230320,20230419,Expired,,30
1525,1155,1,20230419,20230519,Cancelled,,30
1526,1156,4,20240603,20241130,Expired,,180
1527,1156,1,20241203,20241231,Active,,28
1528,1157,1,20240219,20240320,Cancelled,,30
1529,1158,1,20230924,20240322,Expired,,180
1530,1158,2,20240411,20240511,Expired,,30
1531,1158,2,20240526,20241122,Expired,,180
1532,1159,4,20241031,20241231,Active,,61
1533,1160,3,20240826,20241124,Expired,,90
1534,1161,4,20240528,20241124,Expired,,180
1535,1161,2,20241206,20241231,Active,,25
1536,1162,3,20230111,20230210,Cancelled,Not enough content,30
1537,1163,4,20240920,20241020,Expired,,30
1538,1164,3,20240401,20240501,Expired,,30
1539,1165,3,20241106,20241231,Active,,55
1540,1166,2,20240103,20240202,Cancelled,No longer needed,30
1541,1167,1,20230306,20230604,Expired,,90
1542,1167,3,20230611,20231208,Expired,,180
1543,1168,3,20230731,20231029,Expired,,90
1544,1169,4,20240425,20241022,Cancelled,Too expensive,180
1545,1170,2,20241026,20241125,Active,,30
1546,1171,2,20241010,20241231,Active,,82
1547,1172,2,20240711,20240810,Expired,,30
1548,1173,1,20240110,20240209,xpired,,30
1549,1174,3,20240613,20241231,Active,,201
1550,1175,2,20240612,20241209,Cancelled,,180
1551,1176,4,20240513,20240811,Expired,,90
1552,1176,3,20240818,20241231,Active,,135
1553,1177,1,20230523,20240517,Expired,,360
1554,1178,1,20241020,20241231,Active,,72
1555,1179,1,20240106,20240205,Expired,,30
1556,1180,1,20230824,20231122,Expired,,90
1557,1181,1,20240508,20240607,Expired,,30
1558,1181,2,20240612,20240712,Cancelled,,30
1559,1182,2,20230615,20240609,Expired,,360
1560,1182,4,20240613,20240713,Cancelled,Switched to competitor,30
1561,1183,4,20230214,20230316,Cancelled,Switched to competitor,30
1562,1184,3,20241006,20241105,Expired,,30
1563,1185,2,20230227,20230528,Cancelled,Too expensive,90
1564,1186,2,20240220,20240321,Expired,,30
1565,1187,3,20241108,20241231,Active,,53
1566,1188,1,20240913,20241212,Expired,,90
1567,1188,4,20241223,20241231,ctive,,8
1568,1189,3,20240225,20240326,Cancelled,,30
1569,1190,2,20230706,20230805,Expired,,30
1570,1190,2,20230808,20240204,Expired,,180
1571,1191,1,20241203,20241231,Active,,28
1572,1192,3,20230312,20230908,Expired,,180
1573,1193,1,20230117,20240112,Expired,,360
1574,1194,4,20241201,20241231,Active,,30
1575,1195,3,20230701,20231228,Expired,,180
1576,1195,2,20231230,20241224,ancelled,Technical issues,360
1577,1196,4,20240628,20240728,xpired,,30
1578,1197,4,20241106,20241231,Active,,55
1579,1198,3,20230102,20230201,xpired,,30
1580,1198,4,20230210,20230809,Expired,,180
1581,1199,1,20240115,20240414,Expired,,90
1582,1200,3,20240508,20240607,Cancelled,Switched to competitor,30
1583,1201,3,20241214,20241231,Active,,17
1584,1202,1,20240503,20241231,Active,,242
1585,1203,1,20240904,20241231,Active,,118
1586,1204,1,20241227,20241231,Active,,4
1587,1205,3,20230501,20240425,Expired,,360
1588,1206,2,20241205,20241231,Active,,26
1589,1207,4,20240312,20241231,Active,,294
1590,1208,1,20240702,20240930,Expired,,90
1591,1209,2,20241127,20241227,Active,,30
1592,1210,3,20240724,20240823,Expired,,30
1593,1211,2,20240510,20240609,Cancelled,,30
1594,1212,4,20241223,20241231,Active,,8
1595,1213,1,20241106,20241231,Active,,55
1596,1214,2,20241217,20241231,Active,,14
1597,1215,1,20231213,20241207,Expired,,360
1598,1216,1,20230223,20230325,Cancelled,No longer needed,30
1599,1217,2,20230404,20230703,Expired,,90
1600,1218,2,20230401,20230501,Expired,,30
1601,1218,1,20230516,20240510,Expired,,360
1602,1218,4,20240530,20240629,Expired,,30
1603,1219,4,20240915,20241015,Expired,,30
1604,1219,1,20241026,20241231,Active,,66
1605,1220,4,20240215,20241231,ctive,,320
1606,1221,1,20240903,20241003,Expired,,30
1607,1221,3,20241017,20241116,xpired,,30
1608,1221,1,20241121,20241221,Expired,,30
1609,1222,4,20241017,20241231,Active,,75
1610,1223,2,20241103,20241231,Active,,58
1611,1224,4,20240905,20241005,Expired,,30
1612,1225,1,20230623,20240617,Expired,,360
1613,1226,2,20230101,20231227,Expired,,360
1614,1226,4,20240114,20240413,Expired,,90
1615,1227,2,20240214,20240812,Cancelled,Technical issues,180
1616,1228,1,20230725,20230824,Cancelled,No longer needed,30
1617,1229,3,20230403,20230702,Expired,,90
1618,1230,1,20240819,20240918,Expired,,30
1619,1230,2,20240927,20241027,Expired,,30
1620,1230,2,20241108,20241208,Expired,,30
1621,1231,1,20230820,20240216,Expired,,180
1622,1232,3,20240218,20240816,Expired,,180
1623,1232,1,20240831,20241231,Active,,122
1624,1233,1,20240602,20241129,Expired,,180
1625,1233,2,20241202,20241231,Active,,29
1626,1234,2,20231215,20240114,Cancelled,Not enough content,30
1627,1235,2,20240704,20241231,Active,,180
1628,1236,2,20240122,20240221,Cancelled,No longer needed,30
1629,1237,3,20231214,20240113,Expired,,30
1630,1237,2,20240116,20241231,Active,,350
1631,1238,3,20230129,20240124,Cancelled,Too expensive,360
1632,1239,4,20241010,20241231,Active,,82
1633,1240,3,20231120,20231220,ancelled,Not enough content,30
1634,1241,4,20230110,20230709,Expired,,180
1635,1242,4,20230406,20230705,Expired,,90
1636,1242,2,20230712,20240706,Expired,,360
1637,1242,3,20240713,20241231,Active,,171
1638,1243,1,20230319,20230617,Expired,,90
1639,1243,3,20230630,20230730,Expired,,30
1640,1244,4,20231229,20240128,xpired,,30
1641,1244,3,20240204,20240504,Expired,,90
1642,1245,2,20241130,20241231,Active,,31
1643,1246,3,20230905,20231005,Cancelled,,30
1644,1247,1,20230913,20231212,xpired,,90
1645,1247,4,20231216,20240115,Expired,,30
1646,1247,4,20240203,20240304,Cancelled,,30
1647,1248,3,20230503,20231030,Expired,,180
1648,1249,3,20240920,20241231,Active,,102
1649,1250,2,20230213,20230315,Cancelled,,30
1650,1251,2,20240811,20240910,Expired,,30
1651,1252,4,20240607,20240905,Expired,,90
1652,1252,2,20240920,20241231,Active,,102
1653,1253,4,20230512,20230810,xpired,,90
1654,1253,1,20230817,20230916,Expired,,30
1655,1253,1,20230925,20231224,xpired,,90
1656,1254,2,20240707,20241231,Active,,177
1657,1255,2,20241203,20241231,Active,,28
1658,1256,4,20240614,20240714,Expired,,30
1659,1257,3,20241121,20241221,Expired,,30
1660,1258,1,20240106,20240704,xpired,,180
1661,1259,2,20230927,20240325,Expired,,180
1662,1259,3,20240331,20240430,Expired,,30
1663,1260,4,20231218,20240615,xpired,,180
1664,1261,2,20240305,20241231,Active,,301
1665,1262,4,20240215,20241231,Active,,320
1666,1263,3,20240812,20241231,Active,,141
1667,1264,4,20231004,20240928,Expired,,360
1668,1265,3,20230720,20230819,Cancelled,,30
1669,1266,2,20240429,20241026,Expired,,180
1670,1266,1,20241108,20241231,Active,,53
1671,1267,4,20241007,20241231,ctive,,85
1672,1268,3,20240513,20241109,Expired,,180
1673,1268,4,20241124,20241231,ctive,,37
1674,1269,4,20230218,20230320,Expired,,30
1675,1269,2,20230320,20240314,Expired,,360
1676,1269,4,20240319,20240418,Expired,,30
1677,1270,4,20230809,20230908,Expired,,30
1678,1270,2,20230913,20231013,Expired,,30
1679,1271,4,20240405,20240704,Expired,,90
1680,1272,1,20240727,20241231,Active,,157
1681,1273,2,20230121,20240116,xpired,,360
1682,1274,3,20240912,20241231,Active,,110
1683,1275,3,20240705,20240804,Expired,,30
1684,1276,1,20231129,20231229,Expired,,30
1685,1277,1,20240402,20240502,Expired,,30
1686,1278,1,20241008,20241107,Expired,,30
1687,1279,4,20231212,20240311,Expired,,90
1688,1280,1,20230315,20230414,Expired,,30
1689,1281,2,20231121,20231221,Expired,,30
1690,1282,3,20241022,20241121,Expired,,30
1691,1282,2,20241130,20241230,Cancelled,,30
1692,1283,4,20240107,20241231,Active,,359
1693,1284,2,20240228,20241231,Active,,307
1694,1285,1,20230829,20240823,Cancelled,Too expensive,360
1695,1286,3,20230323,20230422,Expired,,30
1696,1286,3,20230503,20230602,Expired,,30
1697,1287,2,20230307,20230406,Expired,,30
1698,1288,2,20240211,20241231,Active,,324
1699,1289,1,20230926,20240324,Expired,,180
1700,1289,1,20240413,20240712,Expired,,90
1701,1289,4,20240730,20240829,Cancelled,,30
1702,1290,4,20240204,20240504,Expired,,90
1703,1290,2,20240518,20241231,ctive,,227
1704,1291,4,20240329,20240627,Expired,,90
1705,1292,1,20230624,20231221,Expired,,180
1706,1293,4,20231130,20240228,Expired,,90
1707,1294,3,20231006,20240403,Expired,,180
1708,1295,1,20241215,20241231,Active,,16
1709,1296,1,20241008,20241107,Cancelled,Not enough content,30
1710,1297,2,20240620,20241231,Active,,194
1711,1298,1,20231222,20241216,ancelled,Switched to competitor,360
1712,1299,2,20240328,20240427,Expired,,30
1713,1299,2,20240502,20240731,Expired,,90
1714,1299,3,20240804,20241102,Cancelled,Too expensive,90
1715,1300,3,20231107,20240205,Cancelled,Too expensive,90
1716,1301,3,20230520,20230619,Expired,,30
1717,1302,2,20241205,20241231,Active,,26
1718,1303,4,20230110,20230209,ancelled,Too expensive,30
1719,1304,2,20230108,20230207,Cancelled,No longer needed,30
1720,1305,2,20240728,20241231,Active,,156
1721,1306,4,20241023,20241231,Active,,69
1722,1307,2,20230323,20230422,Expired,,30
1723,1307,4,20230429,20231026,Cancelled,,180
1724,1308,3,20240919,20241218,ancelled,Too expensive,90
1725,1309,3,20240628,20240728,Expired,,30
1726,1310,1,20230706,20240630,Expired,,360
1727,1310,4,20240712,20240811,Expired,,30
1728,1310,4,20240814,20241112,Cancelled,,90
1729,1311,3,20240924,20241231,Active,,98
1730,1312,4,20230712,20231010,Cancelled,Switched to competitor,90
1731,1313,4,20240701,20240731,Expired,,30
1732,1314,1,20231003,20240927,Expired,,360
1733,1315,3,20230827,20230926,Expired,,30
1734,1315,1,20231203,20240102,Expired,,30
1735,1315,1,20240105,20240404,Expired,,90
1736,1316,1,20231217,20240316,Expired,,90
1737,1316,2,20240322,20240421,Expired,,30
1738,1317,1,20240116,20241231,Active,,350
1739,1318,4,20230324,20230423,Expired,,30
1740,1318,2,20230512,20230810,Expired,,90
1741,1319,2,20230315,20230414,Expired,,30
1742,1320,3,20230914,20240908,Expired,,360
1743,1321,3,20230912,20240906,Expired,,360
1744,1321,4,20240907,20241231,Active,,115
1745,1322,2,20230204,20230306,Expired,,30
1746,1323,4,20240617,20240915,Expired,,90
1747,1323,1,20241004,20241103,Cancelled,No longer needed,30
1748,1324,1,20241128,20241231,ctive,,33
1749,1325,3,20230213,20240208,Expired,,360
1750,1325,2,20240225,20240525,Expired,,90
1751,1326,2,20230917,20240315,Expired,,180
1752,1326,3,20240315,20240911,Expired,,180
1753,1326,2,20240929,20241228,Cancelled,Technical issues,90
1754,1327,3,20230223,20230524,Cancelled,,90
1755,1328,2,20241010,20241109,Expired,,30
1756,1329,2,20231010,20240108,Expired,,90
1757,1330,4,20230110,20230209,Expired,,30
1758,1330,4,20230218,20230320,Expired,,30
1759,1331,2,20241205,20241231,Active,,26
1760,1332,2,20230912,20231211,Cancelled,Switched to competitor,90
1761,1333,4,20231213,20240112,Cancelled,,30
1762,1334,4,20230607,20230707,Expired,,30
1763,1334,1,20230717,20240711,xpired,,360
1764,1334,2,20240717,20240816,Expired,,30
1765,1335,1,20240514,20240613,Expired,,30
1766,1335,1,20240614,20241231,ctive,,200
1767,1336,2,20241022,20241121,Cancelled,,30
1768,1337,2,20230717,20240113,Expired,,180
1769,1338,1,20230518,20240512,Cancelled,,360
1770,1339,4,20240324,20240622,Expired,,90
1771,1340,1,20230714,20240110,Expired,,180
1772,1341,3,20240424,20240524,Expired,,30
1773,1341,1,20240604,20240704,Expired,,30
1774,1341,4,20240711,20240810,Cancelled,,30
1775,1342,2,20240721,20240820,Expired,,30
1776,1342,2,20240826,20241231,Active,,127
1777,1343,3,20231030,20240128,Expired,,90
1778,1344,2,20241015,20241114,xpired,,30
1779,1345,3,20230120,20230219,Expired,,30
1780,1346,4,20230902,20240229,xpired,,180
1781,1347,4,20240705,20241231,Active,,179
1782,1348,2,20240718,20241016,Expired,,90
1783,1349,3,20241018,20241231,Active,,74
1784,1350,1,20230310,20240304,Expired,,360
1785,1350,1,20240304,20240831,Expired,,180
1786,1351,3,20230202,20230304,Expired,,30
1787,1351,3,20230309,20240303,Cancelled,No longer needed,360
1788,1352,1,20230202,20230801,ancelled,No longer needed,180
1789,1353,2,20240516,20241231,Active,,229
1790,1354,1,20230220,20230322,xpired,,30
1791,1354,3,20230331,20230430,xpired,,30
1792,1354,4,20230504,20240428,Expired,,360
1793,1355,2,20230114,20230213,Expired,,30
1794,1355,1,20230221,20230323,Expired,,30
1795,1355,3,20230323,20230422,xpired,,30
1796,1356,4,20230323,20230621,Cancelled,,90
1797,1357,3,20240725,20241231,Active,,159
1798,1358,2,20240113,20240711,Expired,,180
1799,1359,1,20240625,20240923,Expired,,90
1800,1360,1,20230321,20230619,Cancelled,No longer needed,90
1801,1361,1,20230825,20240221,Expired,,180
1802,1362,3,20241103,20241231,Active,,58
1803,1363,2,20240725,20241231,Active,,159
1804,1364,3,20241015,20241231,Active,,77
1805,1365,1,20241112,20241212,Expired,,30
1806,1365,2,20241227,20241231,Active,,4
1807,1366,3,20230704,20231002,Cancelled,,90
1808,1367,4,20230611,20230711,Expired,,30
1809,1367,3,20230718,20240114,Expired,,180
1810,1368,1,20231227,20240126,Expired,,30
1811,1369,2,20240116,20240215,Cancelled,,30
1812,1370,1,20231128,20240526,Expired,,180
1813,1371,2,20240120,20240219,Expired,,30
1814,1372,3,20240408,20240508,Expired,,30
1815,1373,4,20230205,20230506,Cancelled,,90
1816,1374,4,20231106,20240504,Expired,,180
1817,1375,3,20231119,20231219,Expired,,30
1818,1375,4,20240107,20240705,Cancelled,,180
1819,1376,3,20231010,20231109,Expired,,30
1820,1377,2,20240808,20240907,Expired,,30
1821,1377,1,20240921,20241220,Expired,,90
1822,1378,4,20230609,20231206,Cancelled,,180
1823,1379,1,20230913,20240311,Expired,,180
1824,1380,4,20240807,20240906,Expired,,30
1825,1381,1,20230321,20240315,Expired,,360
1826,1381,4,20240320,20240419,Expired,,30
1827,1382,2,20240514,20240613,Expired,,30
1828,1382,1,20240627,20241231,Active,,187
1829,1383,3,20230408,20230508,Expired,,30
1830,1383,2,20230517,20230616,Expired,,30
1831,1383,2,20230704,20230803,Expired,,30
1832,1384,3,20240813,20241231,Active,,140
1833,1385,4,20231209,20240606,Expired,,180
1834,1385,2,20240618,20240718,Expired,,30
1835,1386,2,20230504,20230603,Cancelled,Switched to competitor,30
1836,1387,2,20230112,20240107,Expired,,360
1837,1387,2,20240115,20240214,Expired,,30
1838,1387,4,20240216,20241231,Active,,319
1839,1388,4,20231109,20240507,Expired,,180
1840,1389,1,20230603,20230901,Expired,,90
1841,1390,1,20230221,20230820,Expired,,180
1842,1391,2,20240401,20241231,Active,,274
1843,1392,1,20240318,20240417,Expired,,30
1844,1392,2,20240506,20241102,Expired,,180
1845,1393,2,20231211,20240110,Expired,,30
1846,1393,1,20240127,20241231,Active,,339
1847,1394,4,20240715,20240814,Expired,,30
1848,1395,4,20240320,20241231,Active,,286
1849,1396,3,20240726,20241231,ctive,,158
1850,1397,1,20230720,20240116,Cancelled,,180
1851,1398,4,20230910,20231209,Cancelled,,90
1852,1399,1,20231128,20241122,xpired,,360
1853,1400,2,20241118,20241231,Active,,43
1854,1401,1,20231125,20241119,Cancelled,Too expensive,360
1855,1402,4,20231109,20231209,Expired,,30
1856,1403,2,20240328,20240626,ancelled,Technical issues,90
1857,1404,4,20230828,20230927,xpired,,30
1858,1405,4,20230329,20230428,Expired,,30
1859,1405,3,20230428,20230528,Expired,,30
1860,1405,2,20230608,20231205,Expired,,180
1861,1406,2,20240927,20241231,Active,,95
1862,1407,3,20230115,20240110,Expired,,360
1863,1408,2,20240405,20241231,Active,,270
1864,1409,2,20240704,20241002,Cancelled,,90
1865,1410,1,20230922,20231221,Cancelled,,90
1866,1411,4,20230525,20230823,Expired,,90
1867,1412,2,20240819,20241231,Active,,134
1868,1413,2,20230303,20230402,Cancelled,,30
1869,1414,3,20231005,20240103,Expired,,90
1870,1415,2,20230310,20230409,ancelled,Too expensive,30
1871,1416,4,20241106,20241231,Active,,55
1872,1417,3,20241026,20241231,Active,,66
1873,1418,2,20241227,20241231,Active,,4
1874,1419,4,20240903,20241003,Cancelled,,30
1875,1420,1,20240413,20241010,Expired,,180
1876,1420,4,20241012,20241231,Active,,80
1877,1421,4,20230911,20240905,Expired,,360
1878,1422,2,20230610,20240604,Expired,,360
1879,1422,2,20240623,20240723,Cancelled,,30
1880,1423,4,20241002,20241101,Active,,30
1881,1424,3,20240528,20241124,Cancelled,Not enough content,180
1882,1425,2,20240201,20240302,Expired,,30
1883,1426,2,20230819,20230918,Cancelled,Technical issues,30
1884,1427,1,20230521,20230620,Expired,,30
1885,1428,1,20241125,20241225,Cancelled,Too expensive,30
1886,1429,4,20240303,20240402,Expired,,30
1887,1430,3,20231116,20231216,Expired,,30
1888,1431,1,20230731,20230830,Cancelled,Too expensive,30
1889,1432,4,20230727,20231025,Expired,,90
1890,1432,4,20231114,20231214,Cancelled,,30
1891,1433,3,20240620,20240720,Expired,,30
1892,1434,3,20230529,20230628,xpired,,30
1893,1434,2,20230718,20230817,Expired,,30
1894,1434,3,20230824,20230923,Cancelled,,30
1895,1435,1,20231122,20241116,Expired,,360
1896,1435,4,20241203,20241231,Active,,28
1897,1436,1,20230502,20230731,Expired,,90
1898,1436,1,20230804,20230903,Expired,,30
1899,1436,2,20230914,20231014,Expired,,30
1900,1437,4,20230131,20240126,xpired,,360
1901,1437,2,20240210,20240510,Expired,,90
1902,1438,3,20240226,20240824,ancelled,Switched to competitor,180
1903,1439,2,20241014,20241231,ctive,,78
1904,1440,1,20230420,20230520,Cancelled,,30
1905,1441,2,20240918,20241018,Expired,,30
1906,1442,2,20230825,20240221,Expired,,180
1907,1442,2,20240310,20240409,Cancelled,,30
1908,1443,1,20240103,20241228,Active,,360
1909,1444,2,20240529,20240628,Expired,,30
1910,1445,3,20230708,20231006,Cancelled,,90
1911,1446,1,20230717,20231015,Expired,,90
1912,1447,4,20230116,20230215,xpired,,30
1913,1448,1,20241118,20241231,Active,,43
1914,1449,1,20240325,20240921,Expired,,180
1915,1450,3,20240413,20240513,Expired,,30
1916,1450,2,20240520,20241231,Active,,225
1917,1451,4,20240914,20241014,Expired,,30
1918,1452,3,20240208,20241231,Active,,327
1919,1453,1,20240703,20240802,Cancelled,,30
1920,1454,4,20230209,20230510,Expired,,90
1921,1454,4,20230513,20230612,Expired,,30
1922,1455,1,20230213,20230514,Cancelled,Technical issues,90
1923,1456,3,20230210,20230511,Expired,,90
1924,1456,3,20230514,20230613,Expired,,30
1925,1457,2,20230220,20230322,Expired,,30
1926,1457,1,20230408,20230508,xpired,,30
1927,1458,1,20231108,20231208,Expired,,30
1928,1459,4,20240919,20241218,Expired,,90
1929,1460,4,20240419,20241231,Active,,256
1930,1461,4,20230426,20230725,Cancelled,,90
1931,1462,3,20241213,20241231,Active,,18
1932,1463,2,20240406,20240705,Expired,,90
1933,1464,2,20241230,20241231,Active,,1
1934,1465,3,20231128,20231228,Expired,,30
1935,1465,1,20240113,20240711,Expired,,180
1936,1466,4,20230617,20230717,Expired,,30
1937,1467,1,20241224,20241231,Active,,7
1938,1468,3,20241225,20241231,Active,,6
1939,1469,2,20240918,20241231,ctive,,104
1940,1470,3,20230624,20240618,Expired,,360
1941,1470,1,20240628,20240926,Cancelled,,90
1942,1471,1,20230603,20240528,Expired,,360
1943,1472,2,20241230,20241231,Active,,1
1944,1473,1,20240401,20240928,Expired,,180
1945,1474,3,20230515,20231111,Expired,,180
1946,1474,2,20231112,20231212,Cancelled,Not enough content,30
1947,1475,3,20230113,20230212,Expired,,30
1948,1476,4,20230106,20230705,Cancelled,,180
1949,1477,4,20240825,20240924,Cancelled,Too expensive,30
1950,1478,1,20230323,20240317,ancelled,Switched to competitor,360
1951,1479,4,20240714,20240813,Expired,,30
1952,1479,4,20240825,20240924,ancelled,Too expensive,30
1953,1480,4,20230801,20240128,ancelled,Too expensive,180
1954,1481,1,20231224,20240621,Expired,,180
1955,1481,1,20240621,20240721,Expired,,30
1956,1482,1,20240814,20240913,Expired,,30
1957,1482,1,20240920,20241020,xpired,,30
1958,1482,3,20241020,20241231,Active,,72
1959,1483,3,20230220,20240215,Expired,,360
1960,1484,1,20241119,20241231,Active,,42
1961,1485,4,20240901,20241001,Expired,,30
1962,1485,4,20241018,20241117,Expired,,30
1963,1485,3,20241201,20241231,Active,,30
1964,1486,3,20240411,20241231,Active,,264
1965,1487,3,20230406,20230705,Expired,,90
1966,1488,3,20230311,20230609,Cancelled,Not enough content,90
1967,1489,1,20240427,20241231,ctive,,248
1968,1490,2,20231204,20240303,Expired,,90
1969,1490,3,20240312,20240908,Expired,,180
1970,1491,3,20230803,20230902,Expired,,30
1971,1491,4,20230921,20231021,ancelled,,30
1972,1492,4,20241006,20241105,Expired,,30
1973,1492,3,20241109,20241231,Active,,52
1974,1493,4,20241206,20241231,Active,,25
1975,1494,1,20231022,20231121,ancelled,Not enough content,30
1976,1495,1,20240622,20240722,Cancelled,Technical issues,30
1977,1496,4,20230513,20230612,Expired,,30
1978,1497,4,20241009,20241231,Active,,83
1979,1498,4,20240916,20241016,Cancelled,,30
1980,1499,2,20230102,20230201,Cancelled,Not enough content,30
1981,1500,3,20230501,20230730,Expired,,90
1982,1501,3,20240229,20240529,Cancelled,,90
1983,1502,1,20241014,20241231,Active,,78
1984,1503,4,20231016,20240413,Expired,,180
1985,1504,2,20240602,20241129,Cancelled,Not enough content,180
1986,1505,3,20241203,20241231,Active,,28
1987,1506,4,20240922,20241231,Active,,100
1988,1507,1,20231213,20240112,Expired,,30
1989,1507,4,20240127,20240226,Expired,,30
1990,1508,1,20230206,20240201,Cancelled,Too expensive,360
1991,1509,4,20240416,20240516,Expired,,30
1992,1509,4,20240520,20240619,Expired,,30
1993,1510,4,20240228,20240528,Expired,,90
1994,1510,2,20240602,20240831,Cancelled,Switched to competitor,90
1995,1511,4,20240801,20241231,Active,,152
1996,1512,2,20230120,20230719,Expired,,180
1997,1512,2,20230726,20230825,Expired,,30
1998,1512,2,20230904,20231004,Cancelled,Switched to competitor,30
1999,1513,3,20231229,20240128,Cancelled,Technical issues,30
2000,1514,3,20230201,20230502,Expired,,90
2001,1514,4,20230511,20230610,Expired,,30
2002,1515,1,20230619,20231216,xpired,,180
2003,1515,1,20231226,20240325,Expired,,90
2004,1515,2,20240404,20241001,ancelled,,180
2005,1516,1,20230430,20230530,Expired,,30
2006,1516,1,20230606,20230706,Cancelled,,30
2007,1517,2,20230202,20230304,Cancelled,,30
2008,1518,2,20230901,20240228,Expired,,180
2009,1519,1,20230810,20240206,Expired,,180
2010,1520,4,20230208,20230807,Expired,,180
2011,1521,4,20230126,20230225,Expired,,30
2012,1521,1,20230308,20230407,ancelled,Too expensive,30
2013,1522,2,20231215,20241209,xpired,,360
2014,1523,3,20231202,20240101,Expired,,30
2015,1524,3,20240612,20240712,Expired,,30
2016,1524,3,20240727,20240826,Expired,,30
2017,1525,3,20230207,20240202,Cancelled,,360
2018,1526,1,20230429,20231026,Expired,,180
2019,1526,1,20231026,20231125,Expired,,30
2020,1527,3,20240831,20241231,Active,,122
2021,1528,4,20230416,20230516,Cancelled,,30
2022,1529,4,20230124,20240119,Cancelled,Technical issues,360
2023,1530,4,20230803,20240728,Expired,,360
2024,1531,1,20240629,20240927,Expired,,90
2025,1532,1,20231007,20241001,Expired,,360
2026,1532,3,20241011,20241110,Expired,,30
2027,1532,2,20241129,20241229,Active,,30
2028,1533,3,20240929,20241029,Expired,,30
2029,1533,3,20241105,20241231,Active,,56
2030,1534,1,20231225,20240124,Cancelled,No longer needed,30
2031,1535,2,20241222,20241231,Active,,9
2032,1536,4,20231115,20240513,Expired,,180
2033,1537,2,20230221,20230323,Expired,,30
2034,1538,4,20230221,20230522,ancelled,Switched to competitor,90
2035,1539,4,20240206,20240307,Expired,,30
2036,1540,2,20241006,20241105,Cancelled,,30
2037,1541,3,20231116,20231216,ancelled,Too expensive,30
2038,1542,2,20241117,20241231,ctive,,44
2039,1543,4,20240421,20241231,Active,,254
2040,1544,4,20241216,20241231,Active,,15
2041,1545,4,20241021,20241231,Active,,71
2042,1546,2,20230818,20240812,Cancelled,Too expensive,360
2043,1547,2,20240108,20240207,Cancelled,Not enough content,30
2044,1548,1,20231205,20241129,Expired,,360
2045,1549,4,20240501,20240531,ancelled,,30
2046,1550,4,20230624,20240618,Expired,,360
2047,1550,3,20240626,20241223,Expired,,180
2048,1551,3,20230511,20230809,xpired,,90
2049,1552,3,20230420,20230520,Expired,,30
2050,1553,4,20231106,20240204,ancelled,Too expensive,90
2051,1554,3,20230902,20240827,Expired,,360
2052,1554,2,20240909,20241208,Expired,,90
2053,1554,1,20241219,20241231,Active,,12
2054,1555,2,20240508,20240607,Expired,,30
2055,1555,3,20240616,20240716,Expired,,30
2056,1555,4,20240803,20241101,Cancelled,Technical issues,90
2057,1556,4,20241211,20241231,Active,,20
2058,1557,4,20240803,20240902,Expired,,30
2059,1558,4,20241109,20241209,Cancelled,No longer needed,30
2060,1559,2,20240810,20240909,Expired,,30
2061,1560,1,20231130,20240228,Expired,,90
2062,1561,2,20231112,20231212,Expired,,30
2063,1562,1,20240902,20241002,Cancelled,Too expensive,30
2064,1563,1,20230304,20240227,Expired,,360
2065,1564,4,20240817,20240916,xpired,,30
2066,1565,3,20241107,20241207,Expired,,30
2067,1565,3,20241219,20241231,ctive,,12
2068,1566,4,20240922,20241022,Cancelled,,30
2069,1567,3,20231121,20241115,Expired,,360
2070,1567,3,20241115,20241231,Active,,46
2071,1568,3,20231108,20231208,Expired,,30
2072,1569,1,20230402,20230502,Expired,,30
2073,1570,3,20240218,20240518,Cancelled,Too expensive,90
2074,1571,3,20240716,20241231,Active,,168
2075,1572,3,20240103,20241228,Cancelled,Too expensive,360
2076,1573,2,20230829,20230928,Cancelled,,30
2077,1574,3,20231122,20241116,xpired,,360
2078,1575,1,20240712,20241010,Cancelled,,90
2079,1576,2,20230712,20230811,Expired,,30
2080,1576,2,20230827,20240821,xpired,,360
2081,1576,4,20240910,20241231,Active,,112
2082,1577,4,20240303,20240402,Cancelled,Technical issues,30
2083,1578,1,20230509,20230807,xpired,,90
2084,1579,3,20230528,20230627,Expired,,30
2085,1580,2,20230520,20230619,Expired,,30
2086,1580,2,20230703,20230802,Cancelled,Switched to competitor,30
2087,1581,1,20240411,20240710,Cancelled,Not enough content,90
2088,1582,2,20230704,20231002,Expired,,90
2089,1582,3,20231014,20240112,Expired,,90
2090,1583,1,20240405,20241002,Expired,,180
2091,1583,2,20241009,20241231,Active,,83
2092,1584,1,20240911,20241231,Active,,111
2093,1585,2,20230831,20230930,Cancelled,Too expensive,30
2094,1586,3,20240713,20241011,Expired,,90
2095,1587,4,20240804,20240903,Expired,,30
2096,1587,3,20240920,20241231,Active,,102
2097,1588,1,20240508,20241104,xpired,,180
2098,1589,1,20240623,20241231,Active,,191
2099,1590,2,20240916,20241231,Active,,106
2100,1591,1,20241110,20241231,Active,,51
2101,1592,3,20240816,20241114,Expired,,90
2102,1593,4,20240701,20240731,Expired,,30
2103,1594,3,20240425,20241231,Active,,250
2104,1595,1,20231029,20231128,Expired,,30
2105,1596,1,20240903,20241003,Cancelled,,30
2106,1597,1,20230924,20240918,Expired,,360
2107,1597,1,20240928,20241231,Active,,94
2108,1598,1,20240809,20240908,Expired,,30
2109,1599,4,20241001,20241031,Expired,,30
2110,1599,1,20241104,20241231,Active,,57
2111,1600,1,20240601,20240701,Cancelled,Switched to competitor,30
2112,1601,2,20230516,20231112,Expired,,180
2113,1602,3,20230115,20240110,Expired,,360
2114,1602,3,20240123,20241231,Active,,343
2115,1603,3,20240828,20240927,xpired,,30
2116,1604,4,20230629,20240623,Expired,,360
2117,1604,2,20240630,20240928,xpired,,90
2118,1604,1,20241012,20241231,Active,,80
2119,1605,2,20230705,20230804,xpired,,30
2120,1605,1,20230814,20231112,Expired,,90
2121,1606,2,20230328,20230427,Expired,,30
2122,1607,3,20240522,20240820,ancelled,No longer needed,90
2123,1608,2,20240326,20240425,xpired,,30
2124,1609,4,20231220,20240119,Expired,,30
2125,1610,2,20230429,20230728,Expired,,90
2126,1611,4,20231105,20231205,Cancelled,,30
2127,1612,1,20240629,20240729,Expired,,30
2128,1613,4,20240430,20241231,Active,,245
2129,1614,3,20230113,20230413,xpired,,90
2130,1614,3,20230429,20230728,Expired,,90
2131,1615,1,20241125,20241225,Expired,,30
2132,1616,4,20230212,20230513,Expired,,90
2133,1617,2,20240318,20241231,ctive,,288
2134,1618,4,20231210,20241204,Expired,,360
2135,1619,4,20241101,20241231,Active,,60
2136,1620,2,20230905,20240303,Cancelled,,180
2137,1621,1,20240616,20240716,Expired,,30
2138,1622,3,20231117,20240215,Expired,,90
2139,1623,2,20230311,20230410,xpired,,30
2140,1623,3,20230422,20230522,Expired,,30
2141,1624,2,20241202,20241231,Active,,29
2142,1625,1,20230915,20240313,Expired,,180
2143,1626,4,20230228,20230529,xpired,,90
2144,1626,3,20230601,20240526,Cancelled,No longer needed,360
2145,1627,4,20240905,20241204,Expired,,90
2146,1628,1,20230330,20230926,ancelled,Too expensive,180
2147,1629,2,20241025,20241124,Expired,,30
2148,1629,4,20241127,20241231,Active,,34
2149,1630,1,20230424,20230524,Expired,,30
2150,1631,4,20241107,20241231,Active,,54
2151,1632,3,20231011,20241005,Cancelled,,360
2152,1633,1,20231128,20231228,Expired,,30
2153,1634,4,20230305,20230603,Expired,,90
2154,1635,1,20230922,20231022,Expired,,30
2155,1636,1,20230725,20240719,Expired,,360
2156,1637,1,20230422,20240416,Expired,,360
2157,1638,4,20240920,20241020,xpired,,30
2158,1639,4,20230923,20240321,Expired,,180
2159,1640,4,20230914,20231014,Expired,,30
2160,1640,2,20231015,20231114,Cancelled,Technical issues,30
2161,1641,1,20241030,20241129,Expired,,30
2162,1642,4,20240204,20241231,Active,,331
2163,1643,1,20240205,20240306,Expired,,30
2164,1644,3,20240517,20240616,Expired,,30
2165,1645,1,20230313,20230611,Cancelled,Switched to competitor,90
2166,1646,1,20241206,20241231,ctive,,25
2167,1647,4,20240103,20240402,Expired,,90
2168,1647,1,20240414,20240514,Expired,,30
2169,1647,4,20240521,20240620,Cancelled,Not enough content,30
2170,1648,4,20241009,20241231,Active,,83
2171,1649,2,20231215,20240114,Expired,,30
2172,1650,1,20231024,20240122,Expired,,90
2173,1651,3,20240129,20240228,Expired,,30
2174,1652,3,20230420,20230520,Expired,,30
2175,1653,3,20241009,20241231,ctive,,83
2176,1654,2,20230717,20240711,Expired,,360
2177,1654,1,20240718,20241016,Expired,,90
2178,1655,1,20240515,20240813,Expired,,90
2179,1656,3,20231112,20240510,Expired,,180
2180,1656,2,20240516,20240814,Cancelled,No longer needed,90
2181,1657,4,20240405,20241231,Active,,270
2182,1658,2,20230213,20230315,Cancelled,Too expensive,30
2183,1659,3,20241114,20241231,Active,,47
2184,1660,4,20240703,20240802,Expired,,30
2185,1661,3,20230315,20240309,Expired,,360
2186,1661,4,20240312,20240411,Expired,,30
2187,1661,1,20240417,20240716,Cancelled,Not enough content,90
2188,1662,4,20230120,20240115,Expired,,360
2189,1663,4,20230906,20240831,Cancelled,,360
2190,1664,4,20241009,20241231,ctive,,83
2191,1665,2,20230410,20230709,Expired,,90
2192,1665,4,20230710,20240704,Expired,,360
2193,1666,2,20230307,20230406,Expired,,30
2194,1666,3,20230408,20230707,Cancelled,Technical issues,90
2195,1667,1,20240922,20241022,Expired,,30
2196,1667,4,20241027,20241231,Active,,65
2197,1668,1,20231212,20240311,Expired,,90
2198,1669,1,20241201,20241231,Active,,30
2199,1670,1,20230807,20240203,Expired,,180
2200,1670,1,20240204,20240504,Cancelled,,90
2201,1671,2,20230504,20230603,Expired,,30
2202,1671,4,20230615,20230715,Cancelled,Switched to competitor,30
2203,1672,3,20241214,20241231,Active,,17
2204,1673,2,20240818,20241231,Active,,135
2205,1674,3,20241009,20241231,Active,,83
2206,1675,1,20240513,20241231,Active,,232
2207,1676,2,20230402,20230701,Expired,,90
2208,1677,1,20240302,20240401,ancelled,Switched to competitor,30
2209,1678,4,20241209,20241231,Active,,22
2210,1679,2,20240619,20241231,Active,,195
2211,1680,3,20240917,20241216,Cancelled,No longer needed,90
2212,1681,3,20240526,20240824,Expired,,90
2213,1682,2,20231105,20240203,Expired,,90
2214,1682,4,20240216,20240317,Expired,,30
2215,1682,3,20240318,20240417,Expired,,30
2216,1683,2,20230716,20231014,Expired,,90
2217,1684,3,20240925,20241025,Expired,,30
2218,1684,3,20241101,20241231,Active,,60
2219,1685,4,20240603,20241130,xpired,,180
2220,1685,1,20241210,20241231,Active,,21
2221,1686,3,20230802,20230901,Expired,,30
2222,1687,4,20230602,20231129,Cancelled,No longer needed,180
2223,1688,2,20240524,20240623,Expired,,30
2224,1688,3,20240711,20240810,Cancelled,,30
2225,1689,4,20230225,20230824,Expired,,180
2226,1689,3,20230831,20230930,Expired,,30
2227,1689,2,20231013,20241007,xpired,,360
2228,1690,2,20230915,20231214,Expired,,90
2229,1690,4,20231226,20241220,ancelled,Not enough content,360
2230,1691,2,20240409,20241006,Expired,,180
2231,1692,2,20240704,20241231,Active,,180
2232,1693,3,20240611,20240711,Expired,,30
2233,1694,3,20240331,20241231,Active,,275
2234,1695,1,20241124,20241231,Active,,37
2235,1696,2,20230822,20231120,Expired,,90
2236,1697,1,20230724,20240120,Expired,,180
2237,1697,1,20240127,20240226,Cancelled,Technical issues,30
2238,1698,1,20240822,20240921,Cancelled,Technical issues,30
2239,1699,1,20230810,20240206,Expired,,180
2240,1699,1,20240206,20240506,Expired,,90
2241,1700,1,20230520,20240514,xpired,,360
2242,1701,2,20231004,20231103,Cancelled,Not enough content,30
2243,1702,2,20240805,20241231,Active,,148
2244,1703,4,20240421,20240521,Cancelled,No longer needed,30
2245,1704,2,20230814,20240210,Expired,,180
2246,1705,2,20241015,20241114,Expired,,30
2247,1705,2,20241128,20241231,Active,,33
2248,1706,3,20240720,20240819,Cancelled,No longer needed,30
2249,1707,1,20240515,20240614,Expired,,30
2250,1707,3,20240626,20241231,Active,,188
2251,1708,4,20231013,20240410,Expired,,180
2252,1709,2,20230910,20231010,Cancelled,Not enough content,30
2253,1710,1,20240828,20240927,xpired,,30
2254,1710,1,20241015,20241114,Expired,,30
2255,1711,3,20240303,20241231,Active,,303
2256,1712,2,20240531,20240630,Cancelled,No longer needed,30
2257,1713,4,20241214,20241231,Active,,17
2258,1714,3,20240725,20240824,Expired,,30
2259,1714,3,20240910,20241010,Expired,,30
2260,1715,4,20230812,20240806,Cancelled,Not enough content,360
2261,1716,1,20230403,20230503,Expired,,30
2262,1717,1,20241221,20241231,ctive,,10
2263,1718,1,20230125,20230224,Expired,,30
2264,1719,4,20241221,20241231,Active,,10
2265,1720,1,20241003,20241231,Active,,89
2266,1721,1,20241004,20241103,ancelled,,30
2267,1722,2,20240627,20240727,Cancelled,Technical issues,30
2268,1723,4,20241215,20241231,Active,,16
2269,1724,1,20241202,20241231,Active,,29
2270,1725,1,20230226,20230328,Cancelled,,30
2271,1726,4,20230222,20230324,Expired,,30
2272,1726,1,20230328,20240322,Expired,,360
2273,1727,2,20230211,20230512,Expired,,90
2274,1727,2,20230512,20240506,Expired,,360
2275,1728,1,20241222,20241231,Active,,9
2276,1729,3,20230522,20230820,Cancelled,,90
2277,1730,2,20240504,20241031,Expired,,180
2278,1731,4,20241220,20241231,Active,,11
2279,1732,1,20231125,20231225,Expired,,30
2280,1732,1,20231227,20240624,xpired,,180
2281,1732,4,20240627,20240727,Expired,,30
2282,1733,2,20240309,20240408,Cancelled,No longer needed,30
2283,1734,2,20240408,20240508,Expired,,30
2284,1734,3,20240514,20240613,Expired,,30
2285,1735,4,20240426,20240526,Expired,,30
2286,1736,3,20231027,20231126,Expired,,30
2287,1737,4,20241210,20241231,Active,,21
2288,1738,2,20230331,20230629,Cancelled,Not enough content,90
2289,1739,3,20230320,20240314,Expired,,360
2290,1740,4,20230601,20240526,Cancelled,Technical issues,360
2291,1741,3,20241004,20241103,Expired,,30
2292,1741,3,20241123,20241231,Active,,38
2293,1742,2,20240708,20241006,Cancelled,No longer needed,90
2294,1743,4,20241022,20241121,Expired,,30
2295,1743,4,20241203,20241231,Active,,28
2296,1744,4,20230826,20231124,Cancelled,,90
2297,1745,1,20231218,20240117,Cancelled,No longer needed,30
2298,1746,1,20240830,20241231,Active,,123
2299,1747,2,20240331,20240629,Cancelled,,90
2300,1748,1,20231110,20231210,Expired,,30
2301,1748,4,20231223,20241217,Expired,,360
2302,1749,4,20240116,20240215,Expired,,30
2303,1750,2,20231228,20240127,Expired,,30
2304,1751,2,20230614,20230714,Cancelled,Switched to competitor,30
2305,1752,2,20230629,20230927,Expired,,90
2306,1752,4,20231005,20240103,Expired,,90
2307,1752,2,20240119,20240418,Expired,,90
2308,1753,1,20230607,20230707,Cancelled,Too expensive,30
2309,1754,3,20231121,20240519,Expired,,180
2310,1754,2,20240522,20240820,Expired,,90
2311,1755,2,20230708,20231006,Expired,,90
2312,1756,2,20231121,20240219,Expired,,90
2313,1757,2,20230616,20240610,Expired,,360
2314,1758,4,20240219,20240519,Expired,,90
2315,1758,4,20240530,20241231,Active,,215
2316,1759,4,20231124,20241118,Expired,,360
2317,1759,1,20241122,20241222,Cancelled,No longer needed,30
2318,1760,3,20240603,20240703,xpired,,30
2319,1760,3,20240722,20240821,Expired,,30
2320,1761,3,20231024,20240122,Expired,,90
2321,1762,3,20240328,20240427,Expired,,30
2322,1763,2,20230211,20230313,Cancelled,,30
2323,1764,1,20230126,20230225,Expired,,30
2324,1764,1,20230315,20230414,Expired,,30
2325,1764,4,20230503,20230801,Expired,,90
2326,1765,1,20240101,20240331,Expired,,90
2327,1766,4,20230719,20231017,xpired,,90
2328,1767,3,20231012,20231111,Expired,,30
2329,1768,4,20240401,20241231,Active,,274
2330,1769,2,20240608,20241231,Active,,206
2331,1770,4,20240911,20241011,Expired,,30
2332,1770,3,20241023,20241231,Active,,69
2333,1771,3,20240105,20240703,Expired,,180
2334,1772,2,20240114,20240712,Expired,,180
2335,1772,4,20240719,20241231,Active,,165
2336,1773,1,20231226,20240125,xpired,,30
2337,1773,1,20240214,20241231,Active,,321
2338,1774,2,20230331,20240325,Expired,,360
2339,1775,4,20240301,20240828,Expired,,180
2340,1776,3,20240310,20240409,Cancelled,Switched to competitor,30
2341,1777,2,20240824,20241122,Expired,,90
2342,1777,3,20241123,20241223,Expired,,30
2343,1777,3,20241227,20241231,ctive,,4
2344,1778,1,20240501,20240730,xpired,,90
2345,1779,1,20240827,20241231,Active,,126
2346,1780,1,20231007,20231106,Cancelled,,30
2347,1781,2,20240804,20240903,Expired,,30
2348,1782,3,20231024,20240122,Cancelled,Technical issues,90
2349,1783,2,20231106,20241031,Cancelled,Too expensive,360
2350,1784,4,20240419,20241016,Expired,,180
2351,1784,1,20241104,20241231,Active,,57
2352,1785,2,20230926,20231026,Expired,,30
2353,1785,4,20231028,20240425,Expired,,180
2354,1786,3,20240428,20240528,Expired,,30
2355,1787,2,20240303,20240830,Expired,,180
2356,1788,2,20230908,20231008,Expired,,30
2357,1788,2,20231009,20231108,Expired,,30
2358,1789,1,20230310,20230608,Expired,,90
2359,1790,1,20240802,20240901,Expired,,30
2360,1790,1,20240914,20241231,Active,,108
2361,1791,2,20240502,20240601,Cancelled,Technical issues,30
2362,1792,1,20240812,20241231,Active,,141
2363,1793,1,20230301,20230331,Expired,,30
2364,1794,1,20230519,20231115,ancelled,,180
2365,1795,4,20240305,20240404,Expired,,30
2366,1795,3,20240415,20241231,Active,,260
2367,1796,2,20231024,20231123,Cancelled,,30
2368,1797,2,20240610,20240710,Cancelled,,30
2369,1798,4,20230407,20240401,Expired,,360
2370,1799,3,20231120,20240518,Expired,,180
2371,1799,4,20240525,20240624,Expired,,30
2372,1800,3,20241215,20241231,Active,,16
2373,1801,1,20231227,20240126,Expired,,30
2374,1801,4,20240707,20241231,ctive,,177
2375,1802,4,20240117,20240216,Cancelled,Switched to competitor,30
2376,1803,3,20230616,20231213,Expired,,180
2377,1804,1,20230712,20230811,Expired,,30
2378,1804,1,20230813,20240209,Expired,,180
2379,1805,1,20240622,20241219,Expired,,180
2380,1806,2,20230427,20230726,Cancelled,Switched to competitor,90
2381,1807,1,20230515,20240509,Cancelled,Switched to competitor,360
2382,1808,4,20240107,20241231,Active,,359
2383,1809,4,20240903,20241003,Expired,,30
2384,1810,2,20241227,20241231,Active,,4
2385,1811,2,20230816,20240212,Expired,,180
2386,1812,2,20230821,20230920,Expired,,30
2387,1813,3,20230322,20230918,ancelled,,180
2388,1814,2,20230321,20230917,Expired,,180
2389,1815,1,20230213,20230812,Expired,,180
2390,1815,4,20230818,20240214,xpired,,180
2391,1815,3,20240216,20240317,Expired,,30
2392,1816,1,20240609,20240907,Expired,,90
2393,1816,4,20240907,20241206,ancelled,,90
2394,1817,4,20230917,20240315,Expired,,180
2395,1818,1,20230409,20230509,Expired,,30
2396,1819,3,20230724,20230823,Expired,,30
2397,1819,4,20230830,20231128,Expired,,90
2398,1819,4,20231208,20241202,Expired,,360
2399,1820,4,20230530,20240524,Cancelled,,360
2400,1821,3,20231223,20240322,Expired,,90
2401,1822,2,20240919,20241218,Expired,,90
2402,1823,2,20240815,20241231,ctive,,138
2403,1824,1,20231016,20231115,Expired,,30
2404,1825,2,20230412,20231009,Expired,,180
2405,1825,2,20231024,20241018,Expired,,360
2406,1825,1,20241028,20241231,Active,,64
2407,1826,3,20240501,20240531,Expired,,30
2408,1826,1,20240618,20240916,Expired,,90
2409,1827,1,20241120,20241220,Cancelled,Technical issues,30
2410,1828,4,20240124,20241231,Active,,342
2411,1829,3,20230426,20230725,Expired,,90
2412,1830,2,20230520,20230818,Expired,,90
2413,1830,3,20230903,20231003,Expired,,30
2414,1831,2,20240724,20240823,Cancelled,Switched to competitor,30
2415,1832,4,20230429,20230529,Expired,,30
2416,1833,3,20231116,20231216,Expired,,30
2417,1833,4,20231228,20240625,Expired,,180
2418,1833,1,20240709,20241231,Active,,175
2419,1834,4,20240721,20240820,Cancelled,Not enough content,30
2420,1835,1,20230713,20230812,Expired,,30
2421,1836,3,20241126,20241231,Active,,35
2422,1837,2,20240518,20240617,Expired,,30
2423,1838,4,20241105,20241205,Expired,,30
2424,1839,4,20240215,20240813,Expired,,180
2425,1839,1,20240902,20241002,xpired,,30
2426,1839,3,20241012,20241231,Active,,80
2427,1840,2,20230622,20230722,Expired,,30
2428,1840,4,20230802,20231031,Expired,,90
2429,1841,2,20230725,20230824,Cancelled,,30
2430,1842,2,20230827,20231125,Cancelled,Too expensive,90
2431,1843,3,20240818,20241231,ctive,,135
2432,1844,1,20241021,20241231,Active,,71
2433,1845,1,20240219,20240519,Cancelled,Not enough content,90
2434,1846,3,20240410,20240510,Expired,,30
2435,1846,4,20240522,20241231,ctive,,223
2436,1847,3,20230825,20230924,Expired,,30
2437,1848,2,20230224,20230823,ancelled,,180
2438,1849,2,20230703,20230802,Expired,,30
2439,1850,3,20231107,20240505,Cancelled,Not enough content,180
2440,1851,3,20241107,20241207,Cancelled,Too expensive,30
2441,1852,1,20230726,20240122,Expired,,180
2442,1853,2,20230925,20240323,Expired,,180
2443,1854,3,20240713,20241231,Active,,171
2444,1855,4,20240316,20240415,Cancelled,,30
2445,1856,4,20240121,20240420,Expired,,90
2446,1857,2,20240724,20240823,Expired,,30
2447,1858,3,20241224,20241231,ctive,,7
2448,1859,2,20240203,20240503,Cancelled,,90
2449,1860,3,20240517,20241113,Cancelled,Switched to competitor,180
2450,1861,3,20240426,20240526,Expired,,30
2451,1862,2,20230227,20230528,Expired,,90
2452,1862,2,20230609,20230709,Expired,,30
2453,1863,3,20240122,20241231,Active,,344
2454,1864,3,20231019,20240416,Expired,,180
2455,1865,1,20230512,20230611,Cancelled,,30
2456,1866,2,20230128,20230727,Expired,,180
2457,1867,2,20231220,20240319,Cancelled,,90
2458,1868,2,20230908,20231207,Cancelled,,90
2459,1869,1,20230328,20230427,Expired,,30
2460,1869,4,20230514,20230613,Expired,,30
2461,1870,4,20231212,20240111,Expired,,30
2462,1871,4,20240416,20240516,Expired,,30
2463,1872,4,20240307,20240903,Expired,,180
2464,1873,1,20230123,20240118,Cancelled,,360
2465,1874,4,20240809,20240908,Cancelled,Too expensive,30
2466,1875,2,20241122,20241222,Expired,,30
2467,1875,3,20241226,20241231,Active,,5
2468,1876,2,20241114,20241214,xpired,,30
2469,1876,4,20241229,20241231,Active,,2
2470,1877,4,20240322,20240421,Expired,,30
2471,1878,1,20230319,20230915,ancelled,,180
2472,1879,4,20231101,20240429,Expired,,180
2473,1880,4,20230405,20240330,Expired,,360
2474,1880,3,20240405,20240704,Cancelled,,90
2475,1881,2,20231211,20240608,Expired,,180
2476,1881,2,20240619,20241216,Expired,,180
2477,1882,2,20240501,20240531,Expired,,30
2478,1882,2,20240608,20241231,Active,,206
2479,1883,3,20241029,20241231,Active,,63
2480,1884,1,20241110,20241210,Cancelled,Not enough content,30
2481,1885,1,20230915,20231015,Cancelled,,30
2482,1886,4,20240714,20240813,Expired,,30
2483,1886,2,20240814,20241231,Active,,139
2484,1887,3,20240612,20241209,Expired,,180
2485,1888,2,20240423,20240523,ancelled,Technical issues,30
2486,1889,2,20240921,20241021,Cancelled,,30
2487,1890,3,20230303,20230830,Cancelled,,180
2488,1891,3,20230904,20231004,Expired,,30
2489,1892,1,20240321,20240917,Expired,,180
2490,1893,4,20230307,20230605,Expired,,90
2491,1893,2,20230621,20230919,Cancelled,,90
2492,1894,2,20231021,20240418,Expired,,180
2493,1895,1,20230830,20230929,Cancelled,,30
2494,1896,3,20230129,20230728,Expired,,180
2495,1896,1,20230807,20240801,Cancelled,,360
2496,1897,4,20240512,20240611,Expired,,30
2497,1898,2,20230207,20230309,Cancelled,,30
2498,1899,4,20230922,20240916,Expired,,360
2499,1900,1,20230213,20230315,Expired,,30
2500,1901,1,20230327,20240321,Expired,,360
2501,1902,4,20240221,20241231,Active,,314
2502,1903,3,20240211,20241231,Active,,324
2503,1904,2,20240807,20241105,Expired,,90
2504,1905,2,20241111,20241231,Active,,50
2505,1906,1,20230915,20231214,Expired,,90
2506,1907,4,20230506,20230605,Expired,,30
2507,1907,4,20230618,20230718,Expired,,30
2508,1908,1,20240204,20240305,Expired,,30
2509,1909,1,20230812,20231110,Expired,,90
2510,1910,3,20231009,20240406,Expired,,180
2511,1910,4,20240414,20240514,Expired,,30
2512,1911,1,20230227,20230329,Cancelled,,30
2513,1912,2,20230426,20230526,Expired,,30
2514,1912,4,20230608,20230708,Expired,,30
2515,1913,2,20230910,20231010,Expired,,30
2516,1914,2,20240107,20240705,Expired,,180
2517,1915,3,20230122,20230221,Expired,,30
2518,1915,4,20230224,20230823,Expired,,180
2519,1916,4,20241109,20241231,ctive,,52
2520,1917,2,20230903,20240301,Expired,,180
2521,1918,3,20241218,20241231,Active,,13
2522,1919,2,20240701,20241228,Active,,180
2523,1920,2,20240207,20240805,Expired,,180
2524,1921,1,20230830,20240824,Expired,,360
2525,1921,4,20240830,20241231,Active,,123
2526,1922,3,20240325,20240424,Cancelled,Too expensive,30
2527,1923,2,20241021,20241231,Active,,71
2528,1924,3,20230324,20240318,Expired,,360
2529,1924,2,20240401,20240928,ancelled,,180
2530,1925,2,20231207,20241201,ancelled,Too expensive,360
2531,1926,3,20230413,20230513,Expired,,30
2532,1927,3,20231227,20240624,Expired,,180
2533,1927,1,20240630,20240730,Expired,,30
2534,1927,4,20240810,20241108,Expired,,90
2535,1928,1,20231201,20231231,Expired,,30
2536,1928,4,20240109,20240208,Cancelled,,30
2537,1929,2,20241018,20241231,Active,,74
2538,1930,2,20241018,20241231,Active,,74
2539,1931,3,20231109,20240507,Expired,,180
2540,1931,2,20240527,20240626,Expired,,30
2541,1932,1,20230913,20231013,Expired,,30
2542,1933,1,20241026,20241125,xpired,,30
2543,1934,1,20231124,20240522,Expired,,180
2544,1934,1,20240609,20241206,Expired,,180
2545,1934,3,20241225,20241231,Active,,6
2546,1935,4,20230924,20240918,Cancelled,Not enough content,360
2547,1936,4,20231016,20231115,Expired,,30
2548,1936,4,20231115,20231215,Cancelled,Switched to competitor,30
2549,1937,4,20240207,20240805,ancelled,,180
2550,1938,3,20230818,20230917,xpired,,30
2551,1939,3,20241024,20241231,ctive,,68
2552,1940,3,20240418,20241015,Expired,,180
2553,1941,1,20230220,20230819,Expired,,180
2554,1942,3,20230602,20230831,Cancelled,,90
2555,1943,1,20240803,20241101,xpired,,90
2556,1943,4,20241114,20241231,Active,,47
2557,1944,2,20240409,20240708,Expired,,90
2558,1945,2,20230728,20231026,Expired,,90
2559,1946,2,20230930,20240328,Expired,,180
2560,1947,3,20240317,20241231,ctive,,289
2561,1948,1,20231017,20240414,Expired,,180
2562,1948,4,20240430,20240530,Expired,,30
2563,1949,2,20240223,20240324,Expired,,30
2564,1949,4,20240413,20241231,Active,,262
2565,1950,3,20230830,20231128,Cancelled,,90
2566,1951,1,20240819,20241117,ancelled,No longer needed,90
2567,1952,3,20240425,20240525,Expired,,30
2568,1953,4,20240212,20240313,Expired,,30
2569,1954,2,20240309,20240607,Cancelled,Technical issues,90
2570,1955,4,20240724,20240823,Expired,,30
2571,1955,2,20240907,20241231,ctive,,115
2572,1956,3,20240427,20240527,Expired,,30
2573,1956,1,20240527,20241123,Cancelled,,180
2574,1957,2,20240904,20241004,Cancelled,,30
2575,1958,1,20230917,20231216,Cancelled,Technical issues,90
2576,1959,4,20240209,20241231,Active,,326
2577,1960,2,20240726,20241231,Active,,158
2578,1961,2,20240530,20240629,Expired,,30
2579,1962,1,20230516,20230615,Cancelled,,30
2580,1963,2,20230526,20231122,Cancelled,,180
2581,1964,4,20230511,20231107,Expired,,180
2582,1964,1,20231118,20231218,Expired,,30
2583,1965,2,20240105,20241230,ctive,,360
2584,1966,3,20240919,20241019,Cancelled,,30
2585,1967,1,20230618,20240612,Cancelled,Not enough content,360
2586,1968,3,20230604,20230902,xpired,,90
2587,1968,4,20230909,20231009,Expired,,30
2588,1969,2,20240326,20241231,Active,,280
2589,1970,2,20230707,20240103,Cancelled,Not enough content,180
2590,1971,1,20240423,20240722,Expired,,90
2591,1971,4,20240802,20240901,Expired,,30
2592,1971,1,20240909,20241009,Expired,,30
2593,1972,1,20240521,20241231,Active,,224
2594,1973,4,20240728,20241231,Active,,156
2595,1974,1,20230601,20231128,Expired,,180
2596,1974,4,20231130,20231230,Cancelled,Technical issues,30
2597,1975,3,20231018,20231117,Expired,,30
2598,1976,3,20231007,20240105,Cancelled,,90
2599,1977,2,20240820,20240919,Expired,,30
2600,1978,4,20240302,20240401,Expired,,30
2601,1979,2,20230407,20230706,Expired,,90
2602,1979,1,20230722,20231020,Expired,,90
2603,1979,3,20231022,20231121,Cancelled,,30
2604,1980,4,20241127,20241231,ctive,,34
2605,1981,2,20230419,20230519,Expired,,30
2606,1981,2,20230527,20231123,Cancelled,,180
2607,1982,2,20241225,20241231,Active,,6
2608,1983,3,20231003,20240927,Expired,,360
2609,1983,3,20241006,20241105,Expired,,30
2610,1983,2,20241121,20241231,Active,,40
2611,1984,2,20230214,20230316,Expired,,30
2612,1984,2,20230405,20240330,Expired,,360
2613,1985,1,20240805,20241103,Cancelled,Switched to competitor,90
2614,1986,4,20241021,20241231,Active,,71
2615,1987,1,20230314,20230910,Cancelled,Switched to competitor,180
2616,1988,2,20240213,20241231,Active,,322
2617,1989,4,20240213,20240314,Expired,,30
2618,1989,2,20240318,20240417,Expired,,30
2619,1990,1,20240202,20240502,Expired,,90
2620,1990,4,20240516,20241112,ancelled,Too expensive,180
2621,1991,4,20241031,20241231,Active,,61
2622,1992,1,20240318,20240616,Expired,,90
2623,1993,3,20241202,20241231,Active,,29
2624,1994,1,20240112,20240211,Expired,,30
2625,1994,2,20240223,20241231,Active,,312
2626,1995,3,20240202,20240502,Expired,,90
2627,1995,3,20240507,20241231,Active,,238
2628,1996,2,20230403,20230503,Cancelled,Technical issues,30
2629,1997,3,20240320,20240618,Expired,,90
2630,1998,2,20231216,20240613,Expired,,180
2631,1999,2,20230608,20240602,Expired,,360
2632,2000,1,20230327,20230625,Cancelled,Technical issues,90
2633,2001,1,20240504,20241231,Active,,241
2634,2002,2,20231104,20241029,Expired,,360
2635,2003,2,20230218,20230320,Expired,,30
2636,2004,4,20230421,20240415,Expired,,360
2637,2004,4,20240505,20240604,Expired,,30
2638,2005,1,20241107,20241231,Active,,54
2639,2006,1,20230918,20240316,Expired,,180
2640,2007,4,20230427,20231024,Expired,,180
2641,2008,3,20230706,20230805,Cancelled,Not enough content,30
2642,2009,1,20241222,20241231,Active,,9
2643,2010,3,20241117,20241217,Expired,,30
2644,2011,3,20230711,20230810,Expired,,30
2645,2011,1,20230824,20240818,Cancelled,Not enough content,360
2646,2012,1,20240910,20241231,Active,,112
2647,2013,3,20240701,20240929,Expired,,90
2648,2014,4,20230625,20230923,Cancelled,Not enough content,90
2649,2015,4,20241104,20241231,Active,,57
2650,2016,4,20240925,20241025,Expired,,30
2651,2017,4,20241207,20241231,Active,,24
2652,2018,4,20230509,20230608,Expired,,30
2653,2018,4,20230620,20231217,Expired,,180
2654,2019,3,20230117,20230716,Expired,,180
2655,2019,2,20230719,20240713,Expired,,360
2656,2020,1,20230803,20230902,Expired,,30
2657,2020,3,20230908,20240306,xpired,,180
2658,2021,4,20240322,20240421,Expired,,30
2659,2021,2,20240427,20240527,Cancelled,Not enough content,30
2660,2022,4,20230330,20230429,Expired,,30
2661,2022,1,20230504,20230802,Expired,,90
2662,2022,2,20230818,20230917,Expired,,30
2663,2023,2,20240308,20240904,Cancelled,Too expensive,180
2664,2024,3,20241220,20241231,Active,,11
2665,2025,4,20240405,20240505,Expired,,30
2666,2025,2,20240522,20240621,Cancelled,Technical issues,30
2667,2026,2,20240206,20240804,Expired,,180
2668,2026,3,20240806,20241231,Active,,147
2669,2027,1,20240318,20240417,Expired,,30
2670,2027,4,20240418,20240717,Expired,,90
2671,2027,1,20240725,20240824,Expired,,30
2672,2028,1,20240902,20241002,Expired,,30
2673,2029,2,20240514,20240812,Expired,,90
2674,2030,1,20240918,20241231,Active,,104
2675,2031,1,20230826,20240222,Cancelled,,180
2676,2032,3,20240813,20241231,Active,,140
2677,2033,4,20241025,20241231,Active,,67
2678,2034,2,20240929,20241029,Cancelled,Not enough content,30
2679,2035,4,20230122,20230422,Expired,,90
2680,2035,1,20230503,20240427,Expired,,360
2681,2036,4,20231219,20240118,Expired,,30
2682,2036,3,20240207,20240805,Expired,,180
2683,2037,2,20241202,20241231,Active,,29
2684,2038,3,20241103,20241231,Active,,58
2685,2039,1,20241229,20241231,Active,,2
2686,2040,4,20241120,20241231,Active,,41
2687,2041,2,20230615,20240609,Expired,,360
2688,2041,1,20240627,20241224,Expired,,180
2689,2042,1,20230330,20230429,Expired,,30
2690,2042,4,20230429,20230529,Expired,,30
2691,2043,2,20230610,20230710,xpired,,30
2692,2043,4,20230716,20230815,Expired,,30
2693,2043,1,20230822,20240218,Expired,,180
2694,2044,1,20240520,20240619,Cancelled,Too expensive,30
2695,2045,3,20230119,20230419,xpired,,90
2696,2045,2,20230429,20230728,Expired,,90
2697,2045,1,20230804,20230903,Expired,,30
2698,2046,2,20230612,20230712,Expired,,30
2699,2046,1,20230722,20240118,Expired,,180
2700,2047,2,20230202,20230503,Expired,,90
2701,2047,3,20230505,20231101,Expired,,180
2702,2048,2,20230821,20230920,Expired,,30
2703,2049,4,20231215,20240114,Expired,,30
2704,2049,3,20240122,20240421,Expired,,90
2705,2049,3,20240427,20240726,ancelled,,90
2706,2050,2,20240724,20240823,Expired,,30
2707,2051,4,20240611,20241231,Active,,203
2708,2052,1,20240324,20241231,Active,,282
2709,2053,4,20230419,20230519,Expired,,30
2710,2054,2,20230415,20230515,Expired,,30
2711,2055,3,20241007,20241106,Expired,,30
2712,2056,2,20230610,20230710,Expired,,30
2713,2057,4,20240602,20240702,Expired,,30
2714,2057,1,20240706,20241231,Active,,178
2715,2058,2,20241024,20241231,Active,,68
2716,2059,3,20230726,20230825,Expired,,30
2717,2060,1,20230107,20230706,Expired,,180
2718,2061,4,20231021,20240119,Cancelled,Too expensive,90
2719,2062,1,20240229,20240529,Cancelled,Switched to competitor,90
2720,2063,3,20240626,20240726,Expired,,30
2721,2064,3,20240315,20240414,Expired,,30
2722,2065,3,20240612,20241209,Expired,,180
2723,2065,1,20241211,20241231,Active,,20
2724,2066,4,20230530,20230828,Cancelled,No longer needed,90
2725,2067,3,20230313,20230412,Expired,,30
2726,2068,2,20230618,20231215,Cancelled,No longer needed,180
2727,2069,3,20241107,20241231,Active,,54
2728,2070,1,20241008,20241231,Active,,84
2729,2071,1,20231030,20231129,xpired,,30
2730,2072,3,20240720,20240819,Expired,,30
2731,2073,1,20231219,20240118,Cancelled,,30
2732,2074,4,20240917,20241231,Active,,105
2733,2075,2,20230730,20230829,Expired,,30
2734,2076,1,20240328,20240427,Expired,,30
2735,2077,1,20241026,20241231,Active,,66
2736,2078,2,20230328,20230626,Expired,,90
2737,2079,1,20230510,20231106,Expired,,180
2738,2079,2,20231111,20240209,Expired,,90
2739,2080,2,20230406,20230506,Expired,,30
2740,2080,3,20230521,20230620,Expired,,30
2741,2080,4,20230706,20240102,Expired,,180
2742,2081,4,20241012,20241231,Active,,80
2743,2082,2,20240706,20241231,Active,,178
2744,2083,3,20231108,20240206,Expired,,90
2745,2083,2,20240214,20240514,Expired,,90
2746,2083,3,20240514,20240613,Expired,,30
2747,2084,3,20230303,20240226,Expired,,360
2748,2084,1,20240312,20240411,Expired,,30
2749,2085,4,20230507,20230805,Cancelled,,90
2750,2086,4,20240404,20240703,Expired,,90
2751,2086,1,20240717,20241231,Active,,167
2752,2087,3,20231214,20240313,Cancelled,,90
2753,2088,3,20240802,20241231,Active,,151
2754,2089,4,20240630,20241227,Active,,180
2755,2090,3,20241113,20241231,Active,,48
2756,2091,1,20240122,20240720,Expired,,180
2757,2092,4,20240612,20240712,Cancelled,Technical issues,30
2758,2093,4,20240410,20240510,xpired,,30
2759,2093,3,20240525,20240624,xpired,,30
2760,2094,3,20240226,20240327,Expired,,30
2761,2095,1,20230514,20231110,Expired,,180
2762,2096,2,20241124,20241224,Cancelled,Technical issues,30
2763,2097,4,20240209,20241231,Active,,326
2764,2098,3,20240326,20240425,Expired,,30
2765,2099,2,20240302,20240829,xpired,,180
2766,2099,2,20240830,20241128,Expired,,90
2767,2099,4,20241215,20241231,Active,,16
2768,2100,2,20241229,20241231,Active,,2
2769,2101,2,20240625,20240923,Cancelled,Technical issues,90
2770,2102,4,20230203,20230305,Expired,,30
2771,2102,1,20230314,20230910,Expired,,180
2772,2103,3,20230502,20240426,Cancelled,,360
2773,2104,4,20240114,20240213,xpired,,30
2774,2104,2,20240224,20240325,Expired,,30
2775,2105,2,20230501,20231028,xpired,,180
2776,2106,1,20231029,20241023,Expired,,360
2777,2107,3,20240826,20240925,Expired,,30
2778,2108,4,20231018,20240116,Expired,,90
2779,2109,2,20230103,20230702,Cancelled,Switched to competitor,180
2780,2110,4,20230215,20230317,Expired,,30
2781,2110,2,20230326,20240320,Cancelled,,360
2782,2111,2,20240408,20240508,Expired,,30
2783,2111,2,20240512,20240611,Cancelled,,30
2784,2112,4,20240912,20241012,Expired,,30
2785,2112,3,20241026,20241231,Active,,66
2786,2113,2,20240416,20241013,Expired,,180
2787,2113,2,20241025,20241231,ctive,,67
2788,2114,4,20231130,20240528,Cancelled,,180
2789,2115,3,20240224,20240524,Expired,,90
2790,2116,3,20240707,20240806,Expired,,30
2791,2117,4,20231012,20240110,Expired,,90
2792,2117,2,20240110,20240708,Cancelled,,180
2793,2118,1,20230126,20230426,Expired,,90
2794,2119,4,20231113,20240511,Cancelled,No longer needed,180
2795,2120,2,20230329,20230627,Expired,,90
2796,2120,4,20230707,20230806,Expired,,30
2797,2121,1,20230224,20230326,Expired,,30
2798,2122,1,20240529,20241125,Cancelled,,180
2799,2123,2,20230704,20231002,xpired,,90
2800,2124,3,20241223,20241231,ctive,,8
2801,2125,2,20240913,20241013,Expired,,30
2802,2125,1,20241026,20241125,Expired,,30
2803,2126,1,20230124,20240119,Expired,,360
2804,2126,1,20240121,20240220,Expired,,30
2805,2126,3,20240309,20240905,Cancelled,,180
2806,2127,1,20240624,20241231,Active,,190
2807,2128,2,20230412,20231009,Expired,,180
2808,2129,1,20230919,20231218,Expired,,90
2809,2129,4,20240102,20240630,Expired,,180
2810,2130,4,20241125,20241231,Active,,36
2811,2131,4,20230705,20240101,Expired,,180
2812,2132,2,20230412,20240406,Expired,,360
2813,2132,2,20240417,20240716,Expired,,90
2814,2132,3,20240804,20240903,Expired,,30
2815,2133,2,20230922,20231022,Expired,,30
2816,2133,2,20231022,20241016,Expired,,360
2817,2134,1,20230223,20230524,Cancelled,,90
2818,2135,4,20230831,20230930,Expired,,30
2819,2136,3,20230428,20230528,Expired,,30
2820,2136,4,20230530,20231126,ancelled,,180
2821,2137,2,20240221,20241231,Active,,314
2822,2138,3,20230828,20240224,Expired,,180
2823,2138,3,20240311,20240410,Cancelled,No longer needed,30
2824,2139,1,20241122,20241222,Cancelled,No longer needed,30
2825,2140,2,20230509,20230608,Expired,,30
2826,2140,2,20230623,20230921,Expired,,90
2827,2140,4,20231008,20240405,Cancelled,,180
2828,2141,2,20241013,20241112,Expired,,30
2829,2142,2,20240118,20240217,Expired,,30
2830,2142,3,20240304,20240403,Cancelled,,30
2831,2143,1,20240704,20241002,Cancelled,,90
2832,2144,4,20230212,20240207,xpired,,360
2833,2145,1,20240927,20241231,Active,,95
2834,2146,2,20230303,20240226,xpired,,360
2835,2147,1,20241127,20241231,Active,,34
2836,2148,2,20230806,20240731,Expired,,360
2837,2148,2,20240803,20241101,Expired,,90
2838,2149,1,20230615,20230715,Expired,,30
2839,2150,3,20230402,20230929,Expired,,180
2840,2150,2,20231003,20240101,Expired,,90
2841,2151,3,20240723,20241231,Active,,161
2842,2152,1,20240531,20240630,Cancelled,,30
2843,2153,3,20241012,20241111,Expired,,30
2844,2153,4,20241120,20241220,Expired,,30
2845,2153,3,20241222,20241231,Active,,9
2846,2154,3,20231007,20231106,Cancelled,Too expensive,30
2847,2155,1,20230804,20240131,Expired,,180
2848,2155,1,20240202,20240303,Expired,,30
2849,2156,3,20241209,20241231,Active,,22
2850,2157,3,20240502,20241029,Expired,,180
2851,2157,2,20241111,20241231,Active,,50
2852,2158,2,20240228,20241231,Active,,307
2853,2159,3,20240207,20240507,ancelled,,90
2854,2160,1,20241028,20241127,Expired,,30
2855,2160,4,20241130,20241231,Active,,31
2856,2161,2,20241118,20241218,Expired,,30
2857,2162,4,20240121,20241231,Active,,345
2858,2163,2,20241214,20241231,Active,,17
2859,2164,4,20230717,20231015,Expired,,90
2860,2164,2,20231027,20240424,Expired,,180
2861,2165,2,20231015,20231114,Expired,,30
2862,2165,3,20231204,20240601,Expired,,180
2863,2165,1,20240603,20240703,Cancelled,Technical issues,30
2864,2166,3,20230403,20230930,Cancelled,Switched to competitor,180
2865,2167,1,20230815,20230914,Cancelled,Too expensive,30
2866,2168,4,20230207,20230508,Expired,,90
2867,2169,3,20240912,20241012,Expired,,30
2868,2170,3,20241015,20241114,Cancelled,Switched to competitor,30
2869,2171,3,20240527,20241231,Active,,218
2870,2172,2,20240802,20241231,Active,,151
2871,2173,3,20230308,20240302,Cancelled,Switched to competitor,360
2872,2174,3,20230923,20231222,Expired,,90
2873,2175,3,20231008,20231107,Expired,,30
2874,2175,3,20231107,20231207,Expired,,30
2875,2176,3,20241210,20241231,Active,,21
2876,2177,1,20240727,20240826,xpired,,30
2877,2178,4,20241120,20241220,Expired,,30
2878,2179,4,20240318,20241231,Active,,288
2879,2180,3,20240422,20241019,Expired,,180
2880,2180,2,20241107,20241207,Expired,,30
2881,2180,4,20241208,20241231,Active,,23
2882,2181,1,20230818,20230917,Expired,,30
2883,2182,4,20240404,20240504,Expired,,30
2884,2183,3,20230325,20230921,Expired,,180
2885,2183,1,20230923,20231023,Expired,,30
2886,2184,3,20230820,20240814,Expired,,360
2887,2184,2,20240824,20241231,Active,,129
2888,2185,3,20230913,20231013,Expired,,30
2889,2186,4,20241003,20241231,Active,,89
2890,2187,2,20230125,20230425,Expired,,90
2891,2188,3,20230914,20231014,Expired,,30
2892,2189,1,20231215,20241209,Cancelled,Technical issues,360
2893,2190,4,20230831,20230930,Expired,,30
2894,2191,4,20230408,20240402,Expired,,360
2895,2192,4,20230304,20230403,Expired,,30
2896,2192,3,20230408,20240402,Expired,,360
2897,2192,2,20240407,20241231,Active,,268
2898,2193,2,20241211,20241231,Active,,20
2899,2194,3,20240328,20240924,Expired,,180
2900,2195,4,20230309,20230905,Expired,,180
2901,2196,4,20231029,20240127,xpired,,90
2902,2196,2,20240213,20240811,Expired,,180
2903,2197,3,20240225,20241231,Active,,310
2904,2198,1,20240930,20241030,xpired,,30
2905,2198,1,20241105,20241231,ctive,,56
2906,2199,2,20240314,20241231,Active,,292
2907,2200,3,20241122,20241231,Active,,39
2908,2201,1,20230717,20230816,Expired,,30
2909,2201,4,20230825,20230924,Expired,,30
2910,2201,1,20231004,20231103,Expired,,30
2911,2202,3,20230311,20230609,Expired,,90
2912,2202,4,20230628,20230926,Expired,,90
2913,2203,4,20240809,20241107,Expired,,90
2914,2204,4,20240307,20240406,Expired,,30
2915,2205,2,20230906,20231205,Expired,,90
2916,2206,1,20231116,20240514,Expired,,180
2917,2207,3,20240102,20241227,Active,,360
2918,2208,3,20230530,20230629,Cancelled,No longer needed,30
2919,2209,3,20231026,20241020,Expired,,360
2920,2209,4,20241101,20241231,Active,,60
2921,2210,3,20241104,20241231,Active,,57
2922,2211,1,20240726,20241024,Expired,,90
2923,2211,2,20241030,20241231,Active,,62
2924,2212,2,20230725,20240121,Expired,,180
2925,2212,4,20240201,20240730,Expired,,180
2926,2213,3,20231216,20240315,Expired,,90
2927,2213,3,20240315,20240414,Expired,,30
2928,2213,1,20240426,20241231,Active,,249
2929,2214,4,20240423,20240523,Expired,,30
2930,2214,3,20240524,20240623,xpired,,30
2931,2214,1,20240702,20240801,Expired,,30
2932,2215,3,20240802,20241231,Active,,151
2933,2216,2,20230616,20240610,Cancelled,Too expensive,360
2934,2217,3,20230213,20230514,Expired,,90
2935,2218,2,20230817,20240811,Cancelled,Too expensive,360
2936,2219,3,20230902,20231201,Expired,,90
2937,2219,2,20231203,20240531,Cancelled,No longer needed,180
2938,2220,3,20231206,20240603,Expired,,180
2939,2220,3,20240619,20240917,Expired,,90
2940,2221,1,20230107,20230706,Expired,,180
2941,2221,1,20230708,20240702,Expired,,360
2942,2222,3,20240722,20240821,Cancelled,No longer needed,30
2943,2223,2,20241008,20241231,Active,,84
2944,2224,2,20230131,20240126,Expired,,360
2945,2225,3,20230926,20240920,Expired,,360
2946,2226,3,20230909,20240307,Expired,,180
2947,2227,4,20230926,20231026,Cancelled,No longer needed,30
2948,2228,2,20240124,20240423,Expired,,90
2949,2228,4,20240506,20241102,Cancelled,,180
2950,2229,2,20230804,20230903,Expired,,30
2951,2230,1,20240117,20240715,Expired,,180
2952,2231,3,20240930,20241030,xpired,,30
2953,2231,4,20241110,20241231,Active,,51
2954,2232,1,20230528,20230627,Cancelled,,30
2955,2233,4,20240123,20240222,Expired,,30
2956,2234,2,20241013,20241112,Expired,,30
2957,2235,4,20240824,20240923,Cancelled,,30
2958,2236,3,20230602,20231129,ancelled,Technical issues,180
2959,2237,4,20231014,20240112,Cancelled,,90
2960,2238,4,20240515,20240614,xpired,,30
2961,2239,2,20241110,20241231,ctive,,51
2962,2240,1,20241022,20241231,Active,,70
2963,2241,3,20230703,20231230,xpired,,180
2964,2241,1,20240115,20240713,Expired,,180
2965,2242,3,20240509,20240608,Expired,,30
2966,2243,2,20240818,20241116,Expired,,90
2967,2243,1,20241125,20241231,Active,,36
2968,2244,4,20241027,20241126,Cancelled,,30
2969,2245,2,20240407,20240706,Cancelled,,90
2970,2246,3,20240122,20240221,Expired,,30
2971,2246,4,20240227,20240527,Cancelled,,90
2972,2247,1,20230918,20231018,xpired,,30
2973,2248,1,20231030,20240427,Cancelled,Too expensive,180
2974,2249,1,20230212,20230811,Expired,,180
2975,2249,4,20230823,20240817,Expired,,360
2976,2250,4,20240406,20241231,Active,,269
2977,2251,3,20240524,20240822,Expired,,90
2978,2251,2,20240903,20241003,xpired,,30
2979,2252,4,20240328,20240924,Expired,,180
2980,2252,3,20241001,20241031,Expired,,30
2981,2252,2,20241115,20241231,Active,,46
2982,2253,4,20230326,20230425,Expired,,30
2983,2254,2,20241021,20241231,Active,,71
2984,2255,3,20230411,20230511,Expired,,30
2985,2256,3,20230725,20230824,Expired,,30
2986,2256,3,20230907,20231007,Expired,,30
2987,2256,2,20231016,20240413,Expired,,180
2988,2257,3,20231106,20240504,Expired,,180
2989,2257,4,20240522,20241118,Expired,,180
2990,2258,1,20231009,20231108,Expired,,30
2991,2258,1,20231108,20240506,Expired,,180
2992,2258,3,20240513,20241109,Expired,,180
2993,2259,4,20240710,20240809,Expired,,30
2994,2260,2,20231221,20240120,Expired,,30
2995,2260,3,20240703,20240802,Cancelled,,30
2996,2261,1,20241102,20241202,Expired,,30
2997,2262,2,20230602,20230702,ancelled,Switched to competitor,30
2998,2263,4,20230803,20230902,Expired,,30
2999,2263,4,20230920,20240914,Expired,,360
3000,2263,3,20240918,20241231,ctive,,104
3001,2264,4,20240719,20241017,Expired,,90
3002,2265,2,20230329,20230428,xpired,,30
3003,2265,3,20230508,20230806,Expired,,90
3004,2265,1,20230809,20240803,Expired,,360
3005,2266,1,20241215,20241231,Active,,16
3006,2267,1,20240725,20241023,Expired,,90
3007,2267,1,20241029,20241231,Active,,63
3008,2268,3,20230512,20230611,Expired,,30
3009,2269,1,20241105,20241231,Active,,56
3010,2270,1,20241203,20241231,Active,,28
3011,2271,3,20231103,20240201,Expired,,90
3012,2272,2,20230202,20230801,Cancelled,Technical issues,180
3013,2273,2,20231205,20240104,Expired,,30
3014,2273,3,20240116,20240714,Expired,,180
3015,2274,1,20240914,20241231,Active,,108
3016,2275,2,20230729,20240125,Cancelled,,180
3017,2276,4,20240501,20240531,Expired,,30
3018,2277,4,20241016,20241115,Cancelled,,30
3019,2278,1,20240720,20241231,ctive,,164
3020,2279,2,20240515,20240614,Expired,,30
3021,2279,4,20240619,20240917,Expired,,90
3022,2280,4,20240131,20240729,Cancelled,Not enough content,180
3023,2281,2,20240620,20241231,ctive,,194
3024,2282,1,20230112,20240107,Expired,,360
3025,2282,1,20240122,20240221,Cancelled,,30
3026,2283,4,20240205,20240306,Cancelled,Not enough content,30
3027,2284,1,20240304,20240403,Cancelled,Switched to competitor,30
3028,2285,1,20230731,20240127,Cancelled,Not enough content,180
3029,2286,1,20241227,20241231,Active,,4
3030,2287,3,20231114,20231214,Expired,,30
3031,2288,1,20240414,20241011,Expired,,180
3032,2289,4,20240401,20240630,Expired,,90
3033,2290,2,20230910,20231010,xpired,,30
3034,2291,3,20240517,20240616,Expired,,30
3035,2292,1,20230404,20231001,Cancelled,Technical issues,180
3036,2293,1,20231222,20240619,ancelled,No longer needed,180
3037,2294,3,20240205,20240306,Cancelled,Switched to competitor,30
3038,2295,1,20240301,20240331,Expired,,30
3039,2295,2,20240417,20240517,Expired,,30
3040,2295,3,20240527,20241231,Active,,218
3041,2296,1,20240318,20240417,Cancelled,,30
3042,2297,1,20241216,20241231,Active,,15
3043,2298,1,20230214,20230515,Expired,,90
3044,2299,3,20241005,20241104,Expired,,30
3045,2299,1,20241116,20241231,ctive,,45
3046,2300,2,20241215,20241231,Active,,16
3047,2301,4,20240520,20241231,Active,,225
3048,2302,4,20240113,20240711,Expired,,180
3049,2302,1,20240724,20240823,ancelled,Technical issues,30
3050,2303,4,20231130,20231230,Expired,,30
3051,2304,2,20240602,20240702,Expired,,30
3052,2304,3,20240707,20241231,Active,,177
3053,2305,3,20241212,20241231,Active,,19
3054,2306,1,20240213,20240314,xpired,,30
3055,2306,1,20240322,20241231,ctive,,284
3056,2307,2,20230428,20230528,Expired,,30
3057,2307,4,20230608,20230708,Expired,,30
3058,2308,4,20240420,20240520,Expired,,30
3059,2308,3,20240607,20241231,Active,,207
3060,2309,4,20241103,20241231,Active,,58
3061,2310,4,20240427,20241231,ctive,,248
3062,2311,3,20230119,20230419,Expired,,90
3063,2311,4,20230430,20230729,Expired,,90
3064,2312,2,20240701,20240731,xpired,,30
3065,2312,2,20240818,20241116,Expired,,90
3066,2313,2,20230112,20240107,Expired,,360
3067,2313,3,20240123,20240721,Expired,,180
3068,2313,4,20240801,20240831,xpired,,30
3069,2314,2,20230702,20231229,Cancelled,Switched to competitor,180
3070,2315,4,20240629,20240729,Expired,,30
3071,2315,4,20240812,20241231,ctive,,141
3072,2316,2,20241012,20241231,Active,,80
3073,2317,4,20230416,20230516,Expired,,30
3074,2318,1,20240904,20241004,Cancelled,,30
3075,2319,1,20230726,20230825,Expired,,30
3076,2320,1,20230404,20231001,Expired,,180
3077,2320,2,20231021,20240119,Expired,,90
3078,2320,2,20240126,20240225,Cancelled,Switched to competitor,30
3079,2321,2,20231212,20240311,Cancelled,Too expensive,90
3080,2322,4,20230409,20240403,Expired,,360
3081,2323,1,20240301,20240828,Expired,,180
3082,2324,3,20240729,20241231,ctive,,155
3083,2325,3,20240708,20240807,Cancelled,,30
3084,2326,1,20230807,20240203,Expired,,180
3085,2327,3,20240216,20240516,Expired,,90
3086,2328,2,20240414,20240514,Expired,,30
3087,2328,1,20240601,20240830,Cancelled,,90
3088,2329,1,20241027,20241126,Active,,30
3089,2330,4,20230812,20231110,xpired,,90
3090,2331,4,20230415,20240409,Expired,,360
3091,2332,4,20240805,20241231,Active,,148
3092,2333,2,20231129,20241123,Expired,,360
3093,2333,1,20241128,20241228,Active,,30
3094,2334,1,20241211,20241231,Active,,20
3095,2335,4,20241205,20241231,Active,,26
3096,2336,2,20230311,20240305,Expired,,360
3097,2337,2,20240404,20241231,Active,,271
3098,2338,3,20240530,20240629,Expired,,30
3099,2339,2,20230122,20240117,Expired,,360
3100,2340,4,20230831,20231129,xpired,,90
3101,2340,1,20231212,20240111,Expired,,30
3102,2340,1,20240116,20240714,Cancelled,,180
3103,2341,2,20230323,20240317,Expired,,360
3104,2341,1,20240327,20240426,Expired,,30
3105,2342,1,20230726,20230825,Expired,,30
3106,2342,3,20230909,20231208,Cancelled,No longer needed,90
3107,2343,4,20230901,20240826,Cancelled,Not enough content,360
3108,2344,4,20231203,20240531,Expired,,180
3109,2344,3,20240614,20240714,Expired,,30
3110,2344,2,20240725,20241231,Active,,159
3111,2345,3,20230210,20230312,Expired,,30
3112,2345,4,20230319,20230418,Expired,,30
3113,2346,3,20231023,20241017,Expired,,360
3114,2346,2,20241023,20241122,xpired,,30
3115,2347,2,20231217,20240116,Expired,,30
3116,2347,4,20240122,20241231,Active,,344
3117,2348,1,20241111,20241231,ctive,,50
3118,2349,2,20230816,20230915,Cancelled,,30
3119,2350,3,20230707,20240701,Expired,,360
3120,2351,1,20240518,20240617,xpired,,30
3121,2351,4,20240620,20241217,Expired,,180
3122,2352,2,20230525,20230624,xpired,,30
3123,2353,2,20240716,20240815,Cancelled,Switched to competitor,30
3124,2354,2,20240423,20240523,Cancelled,Switched to competitor,30
3125,2355,1,20240310,20240608,Expired,,90
3126,2355,4,20240614,20241231,Active,,200
3127,2356,3,20240813,20241231,Active,,140
3128,2357,3,20240507,20240606,Expired,,30
3129,2357,4,20240612,20240712,Cancelled,Switched to competitor,30
3130,2358,3,20240122,20240720,Cancelled,Not enough content,180
3131,2359,2,20240916,20241215,Expired,,90
3132,2360,4,20240508,20240607,Cancelled,,30
3133,2361,2,20230327,20230426,Cancelled,,30
3134,2362,4,20230629,20231226,Expired,,180
3135,2363,3,20231018,20231117,Expired,,30
3136,2364,3,20231208,20241202,Expired,,360
3137,2365,4,20230714,20231012,Expired,,90
3138,2365,4,20231022,20240120,Expired,,90
3139,2365,1,20240205,20240306,Expired,,30
3140,2366,3,20240119,20241231,Active,,347
3141,2367,3,20240209,20240807,Expired,,180
3142,2367,1,20240820,20240919,Expired,,30
3143,2368,1,20241018,20241231,Active,,74
3144,2369,4,20230508,20230607,Cancelled,Switched to competitor,30
3145,2370,2,20240322,20240620,Cancelled,Switched to competitor,90
3146,2371,4,20231223,20241217,Expired,,360
3147,2372,1,20240113,20240412,Expired,,90
3148,2372,1,20240502,20240601,Expired,,30
3149,2373,1,20240310,20240409,Expired,,30
3150,2373,2,20240414,20241011,Cancelled,Not enough content,180
3151,2374,4,20240106,20241231,Active,,360
3152,2375,1,20241112,20241231,Active,,49
3153,2376,2,20241128,20241228,Active,,30
3154,2377,4,20241109,20241231,Active,,52
3155,2378,2,20241021,20241231,Active,,71
3156,2379,4,20240823,20240922,Expired,,30
3157,2380,1,20240309,20240408,Cancelled,Switched to competitor,30
3158,2381,2,20231106,20240504,xpired,,180
3159,2381,2,20240505,20240604,Expired,,30
3160,2382,1,20240127,20240725,Cancelled,,180
3161,2383,3,20230402,20230701,Cancelled,,90
3162,2384,3,20231219,20240318,Expired,,90
3163,2385,2,20240212,20240313,Expired,,30
3164,2385,4,20240401,20241231,Active,,274
3165,2386,4,20240518,20241114,Expired,,180
3166,2387,2,20240303,20241231,Active,,303
3167,2388,4,20240317,20241231,Active,,289
3168,2389,2,20230518,20240512,Expired,,360
3169,2390,2,20230423,20240417,Expired,,360
3170,2391,4,20230725,20230824,Cancelled,Not enough content,30
3171,2392,1,20230716,20240112,Cancelled,,180
3172,2393,1,20240327,20240426,Expired,,30
3173,2393,3,20240509,20240608,Expired,,30
3174,2394,3,20241013,20241112,Expired,,30
3175,2395,4,20230508,20230607,ancelled,Technical issues,30
3176,2396,1,20230829,20240225,Cancelled,Technical issues,180
3177,2397,1,20230110,20230209,Expired,,30
3178,2398,3,20241112,20241231,Active,,49
3179,2399,3,20230805,20230904,Cancelled,Switched to competitor,30
3180,2400,3,20240616,20241213,Cancelled,Not enough content,180
3181,2401,3,20231212,20240311,Expired,,90
3182,2401,3,20240315,20240414,Expired,,30
3183,2402,1,20231218,20241212,Expired,,360
3184,2402,3,20241219,20241231,Active,,12
3185,2403,3,20241112,20241212,Expired,,30
3186,2403,1,20241227,20250126,Active,,30
3187,2404,3,20231231,20240628,Expired,,180
3188,2405,4,20241216,20241231,Active,,15
3189,2406,2,20230523,20230821,Expired,,90
3190,2407,1,20231014,20240411,Cancelled,Not enough content,180
3191,2408,3,20240407,20241004,Cancelled,Switched to competitor,180
3192,2409,4,20240611,20241208,Expired,,180
3193,2409,1,20241218,20241231,ctive,,13
3194,2410,4,20241015,20241231,Active,,77
3195,2411,4,20230216,20230815,xpired,,180
3196,2412,4,20240913,20241013,Expired,,30
3197,2413,1,20230325,20230424,Cancelled,No longer needed,30
3198,2414,1,20240502,20240601,Expired,,30
3199,2414,2,20240620,20241217,Expired,,180
3200,2415,1,20240130,20241231,Active,,336
3201,2416,1,20240616,20241213,Expired,,180
3202,2417,4,20230202,20240128,Expired,,360
3203,2417,3,20240214,20240315,Expired,,30
3204,2418,1,20241120,20241231,Active,,41
3205,2419,3,20240401,20240928,Expired,,180
3206,2419,2,20241015,20241231,Active,,77
3207,2420,4,20230907,20231007,Expired,,30
3208,2420,1,20231012,20241006,Cancelled,No longer needed,360
3209,2421,2,20241217,20241231,Active,,14
3210,2422,3,20230130,20230301,Expired,,30
3211,2422,1,20230308,20240302,Cancelled,,360
3212,2423,3,20240128,20240227,xpired,,30
3213,2424,2,20240502,20241029,Expired,,180
3214,2425,4,20240701,20240929,Expired,,90
3215,2426,4,20241209,20241231,Active,,22
3216,2427,4,20240907,20241007,ancelled,No longer needed,30
3217,2428,3,20240126,20241231,Active,,340
3218,2429,3,20240323,20240422,Expired,,30
3219,2429,1,20240424,20241021,Cancelled,Switched to competitor,180
3220,2430,2,20230331,20230629,Expired,,90
3221,2431,3,20230712,20230811,Cancelled,,30
3222,2432,2,20230511,20230610,Expired,,30
3223,2433,4,20230102,20230201,Expired,,30
3224,2434,1,20240202,20240502,Expired,,90
3225,2434,2,20240517,20240616,Expired,,30
3226,2434,3,20240620,20240720,Cancelled,,30
3227,2435,3,20241126,20241231,Active,,35
3228,2436,3,20230816,20240810,Expired,,360
3229,2437,2,20240416,20241231,Active,,259
3230,2438,2,20230813,20240807,Expired,,360
3231,2439,1,20231018,20240415,Cancelled,Technical issues,180
3232,2440,2,20241220,20241231,Active,,11
3233,2441,1,20241206,20241231,Active,,25
3234,2442,2,20240810,20241231,Active,,143
3235,2443,4,20231026,20240124,ancelled,,90
3236,2444,4,20231208,20240605,Expired,,180
3237,2444,4,20240624,20240724,Cancelled,,30
3238,2445,2,20230819,20240215,Expired,,180
3239,2445,4,20240306,20240405,Cancelled,Switched to competitor,30
3240,2446,2,20230703,20231001,Cancelled,,90
3241,2447,1,20241106,20241206,Cancelled,,30
3242,2448,3,20231212,20240111,Expired,,30
3243,2448,2,20240131,20241231,Active,,335
3244,2449,4,20240205,20240803,Expired,,180
3245,2449,1,20240820,20240919,Cancelled,Switched to competitor,30
3246,2450,3,20231017,20240115,Expired,,90
3247,2450,1,20240203,20241231,Active,,332
3248,2451,1,20240715,20241013,Expired,,90
3249,2451,3,20241025,20241231,Active,,67
3250,2452,3,20240817,20241115,Cancelled,Switched to competitor,90
3251,2453,2,20240413,20240712,Expired,,90
3252,2454,1,20241213,20241231,Active,,18
3253,2455,4,20230812,20230911,xpired,,30
3254,2455,2,20230912,20231012,Expired,,30
3255,2455,1,20231015,20231114,Cancelled,,30
3256,2456,3,20240106,20240205,Expired,,30
3257,2457,4,20230601,20230701,Cancelled,Too expensive,30
3258,2458,1,20230622,20230722,Expired,,30
3259,2458,2,20230810,20231108,Expired,,90
3260,2458,2,20231120,20240218,Expired,,90
3261,2459,2,20230703,20231001,Cancelled,Too expensive,90
3262,2460,3,20231213,20240112,Expired,,30
3263,2460,1,20240114,20240213,Expired,,30
3264,2461,1,20240218,20240518,Cancelled,,90
3265,2462,2,20240515,20240813,Expired,,90
3266,2463,1,20241030,20241231,Active,,62
3267,2464,4,20241117,20241217,Expired,,30
3268,2465,4,20241027,20241231,Active,,65
3269,2466,4,20240112,20241231,Active,,354
3270,2467,3,20240515,20240813,Expired,,90
3271,2467,3,20240825,20241123,Expired,,90
3272,2468,4,20230124,20230424,Expired,,90
3273,2468,3,20230509,20230608,Expired,,30
3274,2468,1,20230616,20230716,Cancelled,,30
3275,2469,4,20231008,20231107,Expired,,30
3276,2470,1,20230705,20230804,Cancelled,No longer needed,30
3277,2471,4,20240320,20240618,Cancelled,,90
3278,2472,4,20230307,20230903,Cancelled,Not enough content,180
3279,2473,1,20230709,20231007,Expired,,90
3280,2474,1,20240723,20240822,Cancelled,,30
3281,2475,4,20230307,20230406,ancelled,Technical issues,30
3282,2476,3,20241029,20241128,Cancelled,,30
3283,2477,4,20241105,20241231,Active,,56
3284,2478,3,20230704,20240628,Expired,,360
3285,2478,4,20240630,20240730,Expired,,30
3286,2479,1,20230506,20230605,Expired,,30
3287,2480,1,20230615,20230715,Expired,,30
3288,2480,4,20230722,20231020,xpired,,90
3289,2481,2,20230205,20230307,Expired,,30
3290,2481,1,20230310,20230409,Expired,,30
3291,2481,4,20230427,20230527,Expired,,30
3292,2482,2,20240108,20240207,Expired,,30
3293,2482,1,20240216,20240516,xpired,,90
3294,2482,4,20240603,20241130,Cancelled,Technical issues,180
3295,2483,3,20241104,20241231,Active,,57
3296,2484,3,20240615,20240715,Cancelled,Not enough content,30
3297,2485,2,20240813,20240912,Cancelled,Too expensive,30
3298,2486,3,20231227,20241221,Expired,,360
3299,2487,4,20230412,20231009,Expired,,180
3300,2487,4,20231015,20231114,Expired,,30
3301,2488,4,20230712,20230811,Expired,,30
3302,2488,2,20230825,20240819,Expired,,360
3303,2489,3,20230518,20240512,Expired,,360
3304,2489,2,20240516,20241231,Active,,229
3305,2490,3,20231012,20231111,Expired,,30
3306,2491,4,20240717,20241231,Active,,167
3307,2492,3,20230617,20230717,Expired,,30
3308,2493,2,20241123,20241223,Expired,,30
3309,2494,4,20230728,20240124,Expired,,180
3310,2494,1,20240206,20240506,Cancelled,Not enough content,90
3311,2495,3,20241010,20241231,Active,,82
3312,2496,4,20240731,20240830,xpired,,30
3313,2496,2,20240911,20241210,Expired,,90
3314,2496,3,20241222,20241231,Active,,9
3315,2497,4,20230617,20230717,Cancelled,No longer needed,30
3316,2498,3,20240320,20240618,Expired,,90
3317,2498,2,20240625,20240923,Expired,,90
3318,2499,4,20230321,20230917,Expired,,180
3319,2500,3,20240715,20241013,Expired,,90
3320,2500,1,20241102,20241231,Active,,59
3321,2501,1,20240107,20240206,Expired,,30
3322,2501,1,20240208,20240309,Cancelled,,30
3323,2502,1,20230820,20240814,Expired,,360
3324,2502,3,20240831,20241129,Expired,,90
3325,2502,1,20241218,20241231,Active,,13
3326,2503,1,20230816,20240810,Expired,,360
3327,2504,3,20230507,20231103,Expired,,180
3328,2504,1,20231122,20241116,Expired,,360
3329,2504,2,20241201,20241231,Active,,30
3330,2505,3,20240825,20241123,Expired,,90
3331,2506,2,20240808,20241231,Active,,145
3332,2507,4,20230219,20230321,Expired,,30
3333,2508,2,20230705,20230804,Expired,,30
3334,2508,1,20230810,20240804,xpired,,360
3335,2509,1,20240628,20241225,Cancelled,Technical issues,180
3336,2510,2,20240503,20241030,Expired,,180
3337,2510,4,20241102,20241231,Active,,59
3338,2511,1,20240609,20241206,Expired,,180
3339,2511,3,20241219,20241231,Active,,12
3340,2512,1,20240123,20241231,Active,,343
3341,2513,2,20241016,20241231,Active,,76
3342,2514,4,20240915,20241231,Active,,107
3343,2515,2,20231229,20240626,Expired,,180
3344,2515,3,20240715,20240814,xpired,,30
3345,2516,4,20240314,20240612,Cancelled,No longer needed,90
3346,2517,4,20230823,20240817,Expired,,360
3347,2518,1,20231109,20240207,Expired,,90
3348,2519,4,20241011,20241231,Active,,81
3349,2520,3,20230406,20240331,Expired,,360
3350,2521,3,20231020,20240118,Expired,,90
3351,2522,4,20230111,20230210,Expired,,30
3352,2523,1,20230520,20230619,Expired,,30
3353,2524,1,20241124,20241231,Active,,37
3354,2525,2,20240923,20241023,Expired,,30
3355,2525,4,20241104,20241204,ancelled,Technical issues,30
3356,2526,1,20240311,20241231,Active,,295
3357,2527,3,20241108,20241231,Active,,53
3358,2528,4,20240404,20240504,Expired,,30
3359,2529,2,20240620,20241231,Active,,194
3360,2530,3,20230517,20230815,Expired,,90
3361,2530,2,20230904,20231203,Expired,,90
3362,2531,1,20240522,20240621,Expired,,30
3363,2532,4,20231213,20240112,Expired,,30
3364,2532,4,20240128,20240227,xpired,,30
3365,2533,4,20230501,20231028,ancelled,Switched to competitor,180
3366,2534,3,20230807,20230906,Expired,,30
3367,2534,1,20230906,20240831,Cancelled,,360
3368,2535,2,20230811,20240805,Expired,,360
3369,2535,3,20240825,20241231,Active,,128
3370,2536,1,20240611,20240711,Expired,,30
3371,2537,2,20240514,20240613,Expired,,30
3372,2537,2,20240627,20241224,Expired,,180
3373,2538,3,20231203,20240102,Cancelled,,30
3374,2539,4,20230710,20230809,Expired,,30
3375,2540,3,20240518,20240617,Expired,,30
3376,2541,4,20230607,20230707,Expired,,30
3377,2541,1,20230717,20230816,Expired,,30
3378,2542,3,20230609,20230709,Expired,,30
3379,2542,1,20230709,20231007,Expired,,90
3380,2543,3,20240119,20241231,Active,,347
3381,2544,2,20240703,20241230,Active,,180
3382,2545,1,20240325,20240424,Expired,,30
3383,2546,2,20230106,20230205,xpired,,30
3384,2546,2,20230209,20230311,Expired,,30
3385,2547,2,20230424,20230723,ancelled,,90
3386,2548,1,20240307,20240903,Expired,,180
3387,2549,1,20241113,20241231,Active,,48
3388,2550,2,20230930,20231030,Expired,,30
3389,2551,4,20241129,20241231,Active,,32
3390,2552,2,20240214,20240315,Expired,,30
3391,2552,3,20240323,20240621,Expired,,90
3392,2553,4,20240203,20240304,Expired,,30
3393,2554,1,20230122,20230221,Expired,,30
3394,2555,1,20241201,20241231,Active,,30
3395,2556,4,20240315,20240613,Cancelled,,90
3396,2557,1,20231024,20241018,Cancelled,Not enough content,360
3397,2558,3,20230911,20231011,Expired,,30
3398,2559,4,20230913,20231013,Expired,,30
3399,2559,1,20231019,20240117,Expired,,90
3400,2560,2,20241218,20241231,Active,,13
3401,2561,1,20240430,20240729,Expired,,90
3402,2561,2,20240815,20241231,Active,,138
3403,2562,3,20240529,20240827,Expired,,90
3404,2562,4,20240905,20241231,ctive,,117
3405,2563,3,20240828,20240927,Expired,,30
3406,2564,2,20230516,20230814,Cancelled,,90
3407,2565,4,20230530,20240524,Expired,,360
3408,2565,4,20240529,20240628,Cancelled,,30
3409,2566,1,20230222,20230324,Cancelled,,30
3410,2567,1,20241010,20241231,Active,,82
3411,2568,1,20230304,20230602,Expired,,90
3412,2569,2,20230423,20230722,xpired,,90
3413,2570,3,20241229,20241231,Active,,2
3414,2571,4,20230706,20240102,xpired,,180
3415,2571,1,20240117,20240216,Expired,,30
3416,2571,2,20240301,20240331,Expired,,30
3417,2572,4,20231126,20231226,Expired,,30
3418,2572,3,20240103,20240202,Cancelled,,30
3419,2573,3,20240913,20241231,Active,,109
3420,2574,1,20240518,20240816,Expired,,90
3421,2575,1,20241116,20241216,Cancelled,,30
3422,2576,2,20230514,20230812,Expired,,90
3423,2577,2,20240826,20241231,Active,,127
3424,2578,2,20231010,20231109,Expired,,30
3425,2579,4,20230419,20230519,Expired,,30
3426,2580,4,20230212,20240207,Expired,,360
3427,2581,4,20230715,20230814,Expired,,30
3428,2582,1,20230318,20230417,Expired,,30
3429,2582,3,20230502,20230601,Expired,,30
3430,2582,4,20230621,20240615,Expired,,360
3431,2583,2,20240430,20241231,Active,,245
3432,2584,1,20230511,20230610,Expired,,30
3433,2584,3,20230625,20240619,Expired,,360
3434,2584,3,20240708,20241006,Cancelled,No longer needed,90
3435,2585,3,20240727,20240826,Expired,,30
3436,2586,2,20230501,20231028,Cancelled,,180
3437,2587,3,20240530,20241126,Expired,,180
3438,2588,4,20230513,20230612,Expired,,30
3439,2589,3,20241211,20241231,Active,,20
3440,2590,3,20241202,20241231,Active,,29
3441,2591,4,20230619,20230917,Expired,,90
3442,2591,4,20230927,20240921,Expired,,360
3443,2591,3,20241006,20241231,Active,,86
3444,2592,4,20240204,20240802,Expired,,180
3445,2593,3,20230104,20230203,Expired,,30
3446,2594,1,20230110,20230709,Expired,,180
3447,2595,4,20240621,20241218,ancelled,Technical issues,180
3448,2596,1,20241226,20241231,Active,,5
3449,2597,2,20230216,20230318,Cancelled,,30
3450,2598,2,20230601,20231128,Expired,,180
3451,2599,3,20230222,20230324,Expired,,30
3452,2600,4,20230804,20231102,Cancelled,,90
3453,2601,1,20241009,20241231,Active,,83
3454,2602,1,20241223,20241231,Active,,8
3455,2603,4,20240918,20241231,Active,,104
3456,2604,3,20230111,20230210,Expired,,30
3457,2605,3,20230630,20230928,Expired,,90
3458,2605,2,20230929,20231029,Cancelled,Not enough content,30
3459,2606,2,20240820,20241231,Active,,133
3460,2607,3,20241031,20241231,Active,,61
3461,2608,4,20240718,20240817,Expired,,30
3462,2608,2,20240820,20241231,Active,,133
3463,2609,1,20231003,20240331,xpired,,180
3464,2609,4,20240414,20240514,Expired,,30
3465,2610,2,20240209,20240310,xpired,,30
3466,2610,3,20240319,20240915,xpired,,180
3467,2611,3,20240320,20240618,Cancelled,,90
3468,2612,2,20240522,20241118,Cancelled,,180
3469,2613,4,20230630,20231227,Expired,,180
3470,2613,3,20240115,20240214,Expired,,30
3471,2613,4,20240218,20240816,Expired,,180
3472,2614,1,20230704,20231002,Expired,,90
3473,2614,1,20231015,20231114,Expired,,30
3474,2615,4,20230701,20240625,xpired,,360
3475,2615,4,20240629,20241231,Active,,185
3476,2616,2,20230527,20230626,Expired,,30
3477,2616,3,20230707,20230806,Expired,,30
3478,2617,1,20241022,20241231,Active,,70
3479,2618,1,20230113,20230212,Expired,,30
3480,2618,2,20230215,20230317,Cancelled,Technical issues,30
3481,2619,1,20230423,20231020,Expired,,180
3482,2619,2,20231104,20231204,Cancelled,Not enough content,30
3483,2620,2,20230214,20230316,Expired,,30
3484,2621,2,20230527,20240521,Expired,,360
3485,2621,2,20240610,20240710,Expired,,30
3486,2621,2,20240720,20240819,Expired,,30
3487,2622,1,20230110,20230209,Expired,,30
3488,2622,2,20230213,20240208,Cancelled,,360
3489,2623,2,20241225,20241231,Active,,6
3490,2624,3,20240730,20241231,Active,,154
3491,2625,4,20240505,20240604,Expired,,30
3492,2626,4,20231001,20231031,Cancelled,Too expensive,30
3493,2627,4,20230215,20240210,Expired,,360
3494,2627,3,20240219,20240817,Expired,,180
3495,2627,3,20240828,20240927,Expired,,30
3496,2628,1,20240301,20241231,Active,,305
3497,2629,4,20230821,20231119,Expired,,90
3498,2630,3,20231021,20231120,Cancelled,Technical issues,30
3499,2631,3,20241204,20241231,Active,,27
3500,2632,3,20230623,20230723,Expired,,30
3501,2632,3,20230811,20240207,Cancelled,,180
3502,2633,4,20231016,20231115,Expired,,30
3503,2633,4,20231204,20240103,Expired,,30
3504,2634,1,20240105,20241230,Cancelled,Switched to competitor,360
3505,2635,4,20230702,20230930,Cancelled,Too expensive,90
3506,2636,4,20241126,20241226,Active,,30
3507,2637,3,20231105,20240503,xpired,,180
3508,2638,1,20230417,20230517,Expired,,30
3509,2638,4,20230606,20231203,Cancelled,,180
3510,2639,3,20230929,20231029,Cancelled,Technical issues,30
3511,2640,3,20230602,20230702,xpired,,30
3512,2641,3,20240402,20240502,Expired,,30
3513,2642,1,20230310,20240304,Expired,,360
3514,2643,4,20231013,20231112,Expired,,30
3515,2643,4,20231115,20231215,Expired,,30
3516,2643,4,20231227,20240126,Cancelled,Too expensive,30
3517,2644,1,20230706,20230805,Expired,,30
3518,2645,2,20240507,20240606,Expired,,30
3519,2645,3,20240623,20241220,Expired,,180
3520,2646,3,20241013,20241231,Active,,79
3521,2647,1,20230909,20231009,Expired,,30
3522,2648,1,20240630,20241227,Cancelled,Not enough content,180
3523,2649,1,20240129,20240228,Cancelled,Too expensive,30
3524,2650,4,20240814,20240913,Expired,,30
3525,2650,2,20241003,20241231,Active,,89
3526,2651,4,20230331,20230629,Expired,,90
3527,2652,3,20230118,20230717,Expired,,180
3528,2653,2,20230423,20240417,Expired,,360
3529,2654,3,20230523,20230821,Expired,,90
3530,2655,4,20240718,20241231,Active,,166
3531,2656,2,20230227,20230329,Cancelled,,30
3532,2657,2,20241221,20241231,Active,,10
3533,2658,1,20240310,20240409,Expired,,30
3534,2658,2,20240428,20241025,Expired,,180
3535,2659,4,20240818,20241231,Active,,135
3536,2660,1,20230611,20240605,Cancelled,,360
3537,2661,3,20230908,20240902,Expired,,360
3538,2662,3,20240302,20241231,Active,,304
3539,2663,3,20230524,20230822,Expired,,90
3540,2663,1,20230823,20230922,Expired,,30
3541,2664,4,20240426,20240526,Cancelled,Too expensive,30
3542,2665,3,20241022,20241231,ctive,,70
3543,2666,4,20230303,20230402,Cancelled,,30
3544,2667,2,20240530,20241126,Expired,,180
3545,2667,1,20241129,20241229,Active,,30
3546,2667,3,20241230,20241231,Active,,1
3547,2668,3,20241127,20241231,Active,,34
3548,2669,3,20240808,20241231,Active,,145
3549,2670,2,20230610,20230710,Expired,,30
3550,2671,3,20230509,20240503,Cancelled,Too expensive,360
3551,2672,4,20230813,20231111,Expired,,90
3552,2672,4,20231130,20231230,Cancelled,,30
3553,2673,4,20240726,20241231,Active,,158
3554,2674,2,20240424,20240524,Expired,,30
3555,2675,3,20240125,20241231,Active,,341
3556,2676,4,20240310,20240409,Cancelled,Technical issues,30
3557,2677,4,20240107,20241231,Active,,359
3558,2678,2,20230903,20231003,Expired,,30
3559,2678,4,20231005,20231104,Expired,,30
3560,2679,3,20230805,20230904,Expired,,30
3561,2680,4,20230712,20240108,Expired,,180
3562,2680,4,20240124,20241231,Active,,342
3563,2681,3,20230904,20231203,Expired,,90
3564,2681,3,20231219,20240616,Expired,,180
3565,2681,2,20240618,20240916,Cancelled,Switched to competitor,90
3566,2682,2,20230215,20230814,Expired,,180
3567,2683,4,20230219,20230321,Expired,,30
3568,2683,1,20230331,20240325,Cancelled,,360
3569,2684,1,20240101,20240131,Cancelled,No longer needed,30
3570,2685,3,20231119,20240217,Expired,,90
3571,2685,4,20240224,20240524,Expired,,90
3572,2686,3,20241220,20241231,Active,,11
3573,2687,2,20240530,20240629,Expired,,30
3574,2688,4,20230125,20230425,Expired,,90
3575,2689,2,20230208,20230310,Cancelled,Switched to competitor,30
3576,2690,3,20230322,20230421,Expired,,30
3577,2690,4,20230427,20230527,Expired,,30
3578,2691,1,20230809,20240803,Expired,,360
3579,2692,3,20230614,20231211,xpired,,180
3580,2693,1,20241029,20241128,Expired,,30
3581,2693,2,20241130,20241231,Active,,31
3582,2694,4,20230515,20240509,Expired,,360
3583,2695,4,20240317,20240416,ancelled,No longer needed,30
3584,2696,3,20240201,20241231,Active,,334
3585,2697,3,20230318,20230914,xpired,,180
3586,2697,1,20230923,20240917,Expired,,360
3587,2698,2,20230410,20230709,Cancelled,Switched to competitor,90
3588,2699,4,20240714,20241231,Active,,170
3589,2700,3,20230623,20231220,Expired,,180
3590,2700,3,20240108,20240207,Expired,,30
3591,2700,3,20240212,20240810,xpired,,180
3592,2701,2,20240108,20240207,Expired,,30
3593,2702,4,20240416,20240516,Expired,,30
3594,2703,2,20240328,20240427,Expired,,30
3595,2704,4,20240805,20241231,Active,,148
3596,2705,4,20240215,20241231,ctive,,320
3597,2706,3,20230513,20230612,Expired,,30
3598,2706,4,20230628,20231225,Expired,,180
3599,2707,1,20231118,20241112,Expired,,360
3600,2707,4,20241127,20241231,Active,,34
3601,2708,4,20240405,20240505,Expired,,30
3602,2708,4,20240505,20240604,Expired,,30
3603,2709,3,20230213,20230514,Expired,,90
3604,2710,3,20230908,20240306,Cancelled,,180
3605,2711,2,20230418,20231015,Expired,,180
3606,2711,1,20231016,20240114,xpired,,90
3607,2711,3,20240124,20241231,Active,,342
3608,2712,4,20230316,20230415,Expired,,30
3609,2713,2,20230406,20240331,Cancelled,,360
3610,2714,3,20240421,20240521,Expired,,30
3611,2714,2,20240522,20240820,xpired,,90
3612,2714,4,20240829,20241231,Active,,124
3613,2715,4,20240211,20240809,Expired,,180
3614,2716,4,20231121,20240519,Expired,,180
3615,2717,3,20241220,20241231,Active,,11
3616,2718,4,20230209,20230808,Expired,,180
3617,2718,3,20230820,20240216,Expired,,180
3618,2718,3,20240225,20241231,Active,,310
3619,2719,4,20241017,20241116,Cancelled,Switched to competitor,30
3620,2720,2,20240907,20241206,Expired,,90
3621,2720,3,20241216,20241231,Active,,15
3622,2721,1,20240316,20240912,Expired,,180
3623,2722,3,20230124,20230424,Expired,,90
3624,2723,2,20230630,20231227,Expired,,180
3625,2723,4,20240111,20240210,Expired,,30
3626,2723,3,20240229,20240330,Cancelled,Switched to competitor,30
3627,2724,2,20230325,20230424,Expired,,30
3628,2724,1,20230424,20230524,Expired,,30
3629,2724,4,20230609,20230709,xpired,,30
3630,2725,2,20240305,20240404,ancelled,Too expensive,30
3631,2726,1,20230708,20230807,Expired,,30
3632,2727,3,20231217,20240116,Cancelled,No longer needed,30
3633,2728,3,20240305,20240901,Expired,,180
3634,2729,4,20230614,20231211,Cancelled,,180
3635,2730,4,20240807,20241105,Expired,,90
3636,2731,4,20240903,20241231,Active,,119
3637,2732,3,20240923,20241231,Active,,99
3638,2733,1,20231121,20240219,Cancelled,Technical issues,90
3639,2734,2,20230601,20240526,Expired,,360
3640,2734,4,20240528,20240627,Cancelled,,30
3641,2735,1,20241121,20241231,ctive,,40
3642,2736,3,20240406,20240506,Expired,,30
3643,2737,2,20240815,20240914,Expired,,30
3644,2737,2,20240930,20241030,Cancelled,,30
3645,2738,2,20230712,20230811,Expired,,30
3646,2738,4,20230822,20231120,xpired,,90
3647,2739,2,20240907,20241007,Expired,,30
3648,2740,4,20230715,20240709,Expired,,360
3649,2741,2,20240108,20240407,Expired,,90
3650,2741,3,20240413,20240513,Cancelled,Not enough content,30
3651,2742,3,20230508,20230607,Expired,,30
3652,2743,4,20240228,20240329,Expired,,30
3653,2743,3,20240329,20240428,Cancelled,Not enough content,30
3654,2744,3,20240312,20240411,Cancelled,,30
3655,2745,1,20230630,20230928,Expired,,90
3656,2746,1,20240901,20241001,Expired,,30
3657,2747,3,20241106,20241231,Active,,55
3658,2748,1,20241219,20241231,Active,,12
3659,2749,2,20230412,20230711,Expired,,90
3660,2750,1,20241027,20241126,Cancelled,,30
3661,2751,4,20240523,20241231,Active,,222
3662,2752,3,20230413,20230513,Cancelled,Not enough content,30
3663,2753,1,20230203,20230305,Expired,,30
3664,2753,1,20230312,20230411,Cancelled,No longer needed,30
3665,2754,1,20230817,20240811,Expired,,360
3666,2755,4,20240425,20241022,xpired,,180
3667,2755,2,20241102,20241202,Expired,,30
3668,2755,1,20241220,20241231,Active,,11
3669,2756,1,20240420,20240520,Cancelled,,30
3670,2757,1,20240210,20240808,Expired,,180
3671,2757,4,20240815,20241231,Active,,138
3672,2758,1,20240603,20241130,Expired,,180
3673,2758,2,20241220,20241231,Active,,11
3674,2759,4,20231111,20240209,Cancelled,Too expensive,90
3675,2760,2,20240229,20240330,Expired,,30
3676,2761,3,20240119,20241231,Active,,347
3677,2762,1,20231210,20240309,Expired,,90
3678,2763,3,20230905,20231005,Expired,,30
3679,2764,2,20241021,20241231,Active,,71
3680,2765,2,20240814,20240913,Expired,,30
3681,2765,1,20240919,20241231,Active,,103
3682,2766,4,20230627,20240621,Expired,,360
3683,2767,3,20240323,20240919,Expired,,180
3684,2767,2,20240919,20241231,Active,,103
3685,2768,1,20240531,20241127,xpired,,180
3686,2768,1,20241211,20241231,ctive,,20
3687,2769,3,20241004,20241231,Active,,88
3688,2770,4,20231127,20241121,Cancelled,Switched to competitor,360
3689,2771,2,20230112,20230711,Cancelled,,180
3690,2772,1,20240924,20241024,Expired,,30
3691,2773,3,20240808,20240907,Expired,,30
3692,2774,2,20240409,20240708,Cancelled,Too expensive,90
3693,2775,3,20230903,20240828,Expired,,360
3694,2775,3,20240906,20241231,Active,,116
3695,2776,2,20240702,20240801,Expired,,30
3696,2777,4,20240123,20240222,Cancelled,,30
3697,2778,3,20230528,20240522,Expired,,360
3698,2778,3,20240530,20240828,Expired,,90
3699,2778,2,20240831,20241231,Active,,122
3700,2779,1,20230416,20230516,Expired,,30
3701,2780,2,20230420,20231017,Expired,,180
3702,2781,4,20230406,20230506,xpired,,30
3703,2781,2,20230524,20230623,Expired,,30
3704,2782,3,20230801,20230831,Expired,,30
3705,2783,3,20240228,20240826,Expired,,180
3706,2784,4,20230804,20240131,Expired,,180
3707,2785,2,20241010,20241231,Active,,82
3708,2786,1,20230111,20230710,ancelled,,180
3709,2787,4,20230202,20230801,Cancelled,Not enough content,180
3710,2788,3,20240510,20240609,Expired,,30
3711,2789,3,20240618,20240718,Cancelled,Switched to competitor,30
3712,2790,2,20240912,20241231,Active,,110
3713,2791,4,20230606,20230706,Cancelled,,30
3714,2792,4,20230811,20230910,ancelled,Switched to competitor,30
3715,2793,3,20241209,20241231,Active,,22
3716,2794,3,20230405,20230704,Cancelled,,90
3717,2795,4,20240423,20241231,Active,,252
3718,2796,4,20240214,20240812,Expired,,180
3719,2796,1,20240820,20240919,Cancelled,No longer needed,30
3720,2797,3,20231015,20240113,xpired,,90
3721,2798,4,20240824,20240923,Cancelled,Too expensive,30
3722,2799,4,20240514,20240613,Expired,,30
3723,2799,2,20240617,20241231,Active,,197
3724,2800,2,20231006,20231105,Expired,,30
3725,2800,2,20231119,20240517,Expired,,180
3726,2801,1,20240315,20241231,Active,,291
3727,2802,1,20241009,20241231,Active,,83
3728,2803,1,20240607,20241204,Expired,,180
3729,2804,1,20241022,20241121,Cancelled,No longer needed,30
3730,2805,2,20230704,20231002,Expired,,90
3731,2805,3,20231022,20241016,Cancelled,,360
3732,2806,1,20230909,20240307,Cancelled,,180
3733,2807,3,20230529,20230628,xpired,,30
3734,2807,3,20230703,20231001,Cancelled,,90
3735,2808,3,20230112,20230211,Expired,,30
3736,2809,3,20231126,20240524,Cancelled,,180
3737,2810,1,20240908,20241008,Expired,,30
3738,2810,4,20241010,20241109,Cancelled,,30
3739,2811,3,20231012,20241006,Cancelled,,360
3740,2812,2,20241118,20241231,Active,,43
3741,2813,4,20241129,20241229,Active,,30
3742,2813,1,20241230,20241231,Active,,1
3743,2814,1,20230721,20230820,Expired,,30
3744,2814,3,20230908,20231207,Expired,,90
3745,2815,1,20231009,20240107,Expired,,90
3746,2815,3,20240125,20241231,Active,,341
3747,2816,2,20240907,20241007,Cancelled,,30
3748,2817,2,20230122,20230221,Expired,,30
3749,2818,3,20240812,20241231,Active,,141
3750,2819,1,20240217,20240318,Cancelled,Switched to competitor,30
3751,2820,4,20230210,20230511,Expired,,90
3752,2820,1,20230526,20230625,Cancelled,Switched to competitor,30
3753,2821,4,20230408,20230508,Expired,,30
3754,2822,3,20231221,20240120,Expired,,30
3755,2823,1,20240520,20240619,Expired,,30
3756,2823,1,20240622,20240920,Expired,,90
3757,2823,3,20240928,20241231,Active,,94
3758,2824,2,20240410,20240510,Expired,,30
3759,2825,2,20230505,20230803,Expired,,90
3760,2826,3,20230818,20230917,Cancelled,,30
3761,2827,4,20231127,20240525,Cancelled,,180
3762,2828,2,20230401,20230630,Cancelled,,90
3763,2829,1,20240704,20241231,Active,,180
3764,2830,2,20230923,20240321,Expired,,180
3765,2831,4,20230318,20230914,Expired,,180
3766,2831,2,20230914,20240908,Expired,,360
3767,2832,2,20240124,20241231,ctive,,342
3768,2833,4,20240820,20241118,Expired,,90
3769,2833,2,20241204,20241231,Active,,27
3770,2834,1,20230601,20230701,Expired,,30
3771,2835,1,20240228,20240826,Cancelled,Technical issues,180
3772,2836,4,20240624,20241221,Expired,,180
3773,2837,2,20231015,20231114,Expired,,30
3774,2837,2,20231115,20240213,Expired,,90
3775,2838,4,20230405,20230704,Expired,,90
3776,2838,2,20230717,20240711,Expired,,360
3777,2838,4,20240712,20241010,Expired,,90
3778,2839,4,20231228,20240327,Expired,,90
3779,2839,4,20240409,20241006,Cancelled,No longer needed,180
3780,2840,2,20241024,20241231,Active,,68
3781,2841,4,20230318,20230914,Expired,,180
3782,2842,2,20230810,20231108,xpired,,90
3783,2842,2,20231112,20231212,ancelled,Switched to competitor,30
3784,2843,1,20230418,20230518,Expired,,30
3785,2843,3,20230530,20230828,Expired,,90
3786,2843,4,20230908,20231008,Cancelled,Too expensive,30
3787,2844,3,20240624,20240724,Expired,,30
3788,2844,3,20240731,20240830,Expired,,30
3789,2844,2,20240909,20241009,Cancelled,,30
3790,2845,1,20231116,20231216,Cancelled,Technical issues,30
3791,2846,1,20240531,20240630,Expired,,30
3792,2846,2,20240711,20241231,Active,,173
3793,2847,2,20240108,20240207,Cancelled,,30
3794,2848,2,20240609,20240709,xpired,,30
3795,2849,2,20231012,20241006,Cancelled,Switched to competitor,360
3796,2850,4,20240814,20240913,Cancelled,Technical issues,30
3797,2851,2,20230420,20231017,Expired,,180
3798,2851,1,20231018,20241012,xpired,,360
3799,2852,2,20240416,20240715,Expired,,90
3800,2852,2,20240716,20241231,Active,,168
3801,2853,2,20240627,20240727,Expired,,30
3802,2853,2,20240813,20241231,ctive,,140
3803,2854,2,20240717,20241015,Expired,,90
3804,2855,1,20240211,20240511,Expired,,90
3805,2856,3,20240327,20240426,Expired,,30
3806,2856,4,20240509,20241231,Active,,236
3807,2857,4,20240127,20240426,ancelled,,90
3808,2858,1,20230713,20231011,Expired,,90
3809,2858,2,20231028,20240425,Expired,,180
3810,2859,1,20240914,20241213,Expired,,90
3811,2859,4,20241217,20241231,Active,,14
3812,2860,4,20230221,20240216,Expired,,360
3813,2860,2,20240306,20240604,Expired,,90
3814,2861,2,20230428,20240422,Cancelled,,360
3815,2862,4,20230902,20240827,Expired,,360
3816,2862,1,20240902,20241201,Cancelled,Switched to competitor,90
3817,2863,3,20240927,20241231,Active,,95
3818,2864,3,20230414,20230514,Expired,,30
3819,2865,3,20231002,20231101,xpired,,30
3820,2865,4,20231114,20231214,Expired,,30
3821,2866,4,20231222,20240619,Expired,,180
3822,2867,4,20230104,20230203,Expired,,30
3823,2867,3,20230221,20240216,Cancelled,Too expensive,360
3824,2868,2,20240929,20241228,ancelled,,90
3825,2869,1,20241205,20241231,Active,,26
3826,2870,4,20230620,20230918,Expired,,90
3827,2870,2,20231001,20240925,Expired,,360
3828,2871,3,20230114,20230213,ancelled,,30
3829,2872,4,20230701,20230929,Expired,,90
3830,2873,2,20230110,20230209,Expired,,30
3831,2874,1,20230102,20230201,Cancelled,Not enough content,30
3832,2875,4,20230216,20230318,xpired,,30
3833,2875,2,20230330,20230429,Cancelled,,30
3834,2876,2,20230822,20230921,Cancelled,Technical issues,30
3835,2877,4,20230407,20230706,Expired,,90
3836,2877,1,20230725,20240121,Expired,,180
3837,2878,1,20240408,20240508,Expired,,30
3838,2878,4,20240517,20241113,Expired,,180
3839,2879,2,20230921,20231021,xpired,,30
3840,2880,2,20230114,20230713,Expired,,180
3841,2880,3,20230801,20231030,Cancelled,,90
3842,2881,1,20240614,20241231,Active,,200
3843,2882,3,20240902,20241201,Expired,,90
3844,2883,3,20241017,20241231,Active,,75
3845,2884,4,20230814,20240210,Expired,,180
3846,2885,4,20230201,20230303,Expired,,30
3847,2885,4,20230310,20240304,Expired,,360
3848,2886,2,20240317,20241231,Active,,289
3849,2887,4,20240122,20240720,Cancelled,Not enough content,180
3850,2888,3,20241003,20241231,Active,,89
3851,2889,2,20240623,20241220,Expired,,180
3852,2889,3,20241228,20241231,Active,,3
3853,2890,2,20231206,20241130,Cancelled,Switched to competitor,360
3854,2891,2,20231010,20231109,Expired,,30
3855,2891,4,20231127,20240225,Cancelled,Switched to competitor,90
3856,2892,3,20241219,20241231,Active,,12
3857,2893,3,20240410,20240510,Expired,,30
3858,2893,1,20240515,20240813,Cancelled,Technical issues,90
3859,2894,1,20231023,20241017,Expired,,360
3860,2895,4,20241202,20241231,Active,,29
3861,2896,1,20231024,20240122,Expired,,90
3862,2897,4,20240513,20240811,Expired,,90
3863,2898,1,20240409,20240509,Expired,,30
3864,2899,3,20230507,20230606,Expired,,30
3865,2900,4,20231227,20240326,Expired,,90
3866,2900,4,20240412,20241231,Active,,263
3867,2901,1,20230522,20230621,xpired,,30
3868,2902,2,20240529,20240628,Expired,,30
3869,2902,4,20240702,20241229,Cancelled,Technical issues,180
3870,2903,1,20230330,20230429,Expired,,30
3871,2903,4,20230509,20230608,Expired,,30
3872,2904,1,20230721,20230820,Expired,,30
3873,2904,4,20230831,20230930,Expired,,30
3874,2905,1,20230813,20240209,Expired,,180
3875,2906,3,20241125,20241231,Active,,36
3876,2907,1,20230411,20230511,Expired,,30
3877,2907,3,20230531,20230630,xpired,,30
3878,2908,1,20230627,20240621,Expired,,360
3879,2908,4,20240709,20241231,Active,,175
3880,2909,1,20240815,20241231,Active,,138
3881,2910,2,20230519,20240513,Expired,,360
3882,2911,3,20230329,20230428,Expired,,30
3883,2912,4,20240712,20240811,Cancelled,Technical issues,30
3884,2913,1,20240323,20240422,Cancelled,,30
3885,2914,1,20231117,20241111,Expired,,360
3886,2915,1,20240424,20240524,Expired,,30
3887,2916,1,20240225,20240823,Expired,,180
3888,2917,4,20240307,20240406,Expired,,30
3889,2918,4,20231106,20240504,Expired,,180
3890,2918,4,20240509,20240608,Expired,,30
3891,2919,4,20240927,20241231,ctive,,95
3892,2920,4,20230224,20230525,Expired,,90
3893,2920,2,20230527,20230626,Cancelled,,30
3894,2921,1,20240418,20241231,Active,,257
3895,2922,2,20230226,20240221,Expired,,360
3896,2923,1,20231208,20240107,Cancelled,,30
3897,2924,1,20240508,20241104,Expired,,180
3898,2924,1,20241111,20241231,ctive,,50
3899,2925,1,20240821,20240920,Expired,,30
3900,2926,1,20241219,20241231,Active,,12
3901,2927,1,20240522,20240820,Cancelled,,90
3902,2928,2,20230608,20230708,Expired,,30
3903,2929,1,20230107,20230706,Expired,,180
3904,2929,1,20230709,20231007,Cancelled,,90
3905,2930,1,20230310,20240304,Expired,,360
3906,2931,2,20240616,20240914,Expired,,90
3907,2931,3,20240924,20241223,xpired,,90
3908,2932,1,20230126,20240121,Expired,,360
3909,2933,1,20230505,20231101,Expired,,180
3910,2934,3,20230829,20231127,xpired,,90
3911,2934,2,20231216,20241210,Expired,,360
3912,2935,1,20240325,20240921,Expired,,180
3913,2935,3,20241010,20241109,xpired,,30
3914,2935,1,20241128,20241231,Active,,33
3915,2936,4,20241013,20241231,Active,,79
3916,2937,3,20241104,20241231,Active,,57
3917,2938,1,20240713,20241231,Active,,171
3918,2939,4,20241114,20241214,Active,,30
3919,2940,4,20241114,20241214,Expired,,30
3920,2940,4,20241223,20241231,Active,,8
3921,2941,4,20230420,20230520,Expired,,30
3922,2942,1,20230129,20230228,xpired,,30
3923,2943,4,20230112,20230711,ancelled,Technical issues,180
3924,2944,2,20241103,20241231,Active,,58
3925,2945,4,20231230,20240627,Expired,,180
3926,2946,4,20231011,20231110,Expired,,30
3927,2947,1,20240530,20240629,Expired,,30
3928,2947,4,20240710,20240809,Expired,,30
3929,2947,3,20240813,20240912,ancelled,Technical issues,30
3930,2948,4,20240204,20240305,Cancelled,,30
3931,2949,3,20231227,20241221,Cancelled,Not enough content,360
3932,2950,3,20230524,20230623,Cancelled,Switched to competitor,30
3933,2951,2,20240208,20240508,Expired,,90
3934,2951,2,20240510,20240609,Expired,,30
3935,2951,4,20240620,20240720,Cancelled,Technical issues,30
3936,2952,2,20240121,20240220,Cancelled,Not enough content,30
3937,2953,2,20241226,20241231,Active,,5
3938,2954,1,20230513,20230811,Expired,,90
3939,2955,3,20231223,20240122,Expired,,30
3940,2956,2,20230216,20230517,Expired,,90
3941,2957,4,20230409,20231006,Expired,,180
3942,2958,1,20240502,20240601,Cancelled,Not enough content,30
3943,2959,2,20230831,20230930,Cancelled,,30
3944,2960,1,20240129,20241231,Active,,337
3945,2961,4,20230914,20231014,Expired,,30
3946,2962,3,20240328,20240924,Expired,,180
3947,2963,2,20230628,20230926,xpired,,90
3948,2963,4,20231011,20240109,Expired,,90
3949,2963,2,20240120,20240718,Cancelled,No longer needed,180
3950,2964,2,20230517,20230616,Expired,,30
3951,2964,2,20230701,20230929,Cancelled,Switched to competitor,90
3952,2965,2,20230916,20231215,Cancelled,,90
3953,2966,2,20230726,20240720,Cancelled,Too expensive,360
3954,2967,3,20230716,20231014,Cancelled,Switched to competitor,90
3955,2968,2,20241115,20241215,Expired,,30
3956,2969,4,20230106,20230705,Expired,,180
3957,2970,2,20230315,20240309,Expired,,360
3958,2971,4,20241019,20241118,Expired,,30
3959,2971,1,20241122,20241231,ctive,,39
3960,2972,2,20240807,20241231,Active,,146
3961,2973,2,20240726,20240825,ancelled,Switched to competitor,30
3962,2974,1,20241002,20241231,Active,,90
3963,2975,3,20230511,20230809,Expired,,90
3964,2975,1,20230829,20230928,Expired,,30
3965,2975,3,20230930,20231229,Cancelled,,90
3966,2976,4,20230825,20231123,Expired,,90
3967,2976,2,20231129,20231229,Expired,,30
3968,2976,4,20240117,20240216,Expired,,30
3969,2977,2,20230818,20230917,Expired,,30
3970,2977,4,20230925,20231025,Expired,,30
3971,2977,4,20231113,20231213,Cancelled,Too expensive,30
3972,2978,3,20241221,20241231,Active,,10
3973,2979,3,20231022,20241016,Expired,,360
3974,2980,1,20240614,20241231,Active,,200
3975,2981,4,20230228,20240223,Expired,,360
3976,2982,1,20240427,20240726,Expired,,90
3977,2983,3,20240307,20240406,Expired,,30
3978,2984,2,20230302,20230829,Expired,,180
3979,2984,1,20230916,20231016,Cancelled,Switched to competitor,30
3980,2985,3,20231204,20240303,Expired,,90
3981,2985,1,20240317,20240615,Expired,,90
3982,2986,2,20240520,20241116,xpired,,180
3983,2987,4,20240916,20241215,Expired,,90
3984,2987,2,20241215,20241231,Active,,16
3985,2988,4,20231221,20240120,ancelled,,30
3986,2989,2,20240919,20241231,Active,,103
3987,2990,2,20230513,20240507,Cancelled,Technical issues,360
3988,2991,4,20240523,20241231,Active,,222
3989,2992,4,20240504,20240603,Expired,,30
3990,2993,2,20230822,20230921,Expired,,30
3991,2994,4,20230720,20240714,Cancelled,Too expensive,360
3992,2995,4,20241201,20241231,Active,,30
3993,2996,1,20240201,20240302,Expired,,30
3994,2996,3,20240322,20240421,Expired,,30
3995,2996,3,20240507,20241231,Active,,238
3996,2997,3,20240313,20240909,Cancelled,Switched to competitor,180
3997,2998,1,20240922,20241022,Expired,,30
3998,2999,1,20230301,20230828,Expired,,180
3999,3000,2,20230821,20240217,Cancelled,Not enough content,180
